Timing Analyzer report for holo1
Fri May 22 10:38:21 2026
Quartus Prime Version 18.1.0 Build 625 09/12/2018 SJ Lite Edition


---------------------
; Table of Contents ;
---------------------
  1. Legal Notice
  2. Timing Analyzer Summary
  3. Parallel Compilation
  4. Clocks
  5. Slow 1200mV 85C Model Fmax Summary
  6. Timing Closure Recommendations
  7. Slow 1200mV 85C Model Setup Summary
  8. Slow 1200mV 85C Model Hold Summary
  9. Slow 1200mV 85C Model Recovery Summary
 10. Slow 1200mV 85C Model Removal Summary
 11. Slow 1200mV 85C Model Minimum Pulse Width Summary
 12. Slow 1200mV 85C Model Setup: 'pll|altpll_component|auto_generated|pll1|clk[0]'
 13. Slow 1200mV 85C Model Setup: 'sck'
 14. Slow 1200mV 85C Model Hold: 'pll|altpll_component|auto_generated|pll1|clk[0]'
 15. Slow 1200mV 85C Model Hold: 'sck'
 16. Slow 1200mV 85C Model Metastability Summary
 17. Slow 1200mV 0C Model Fmax Summary
 18. Slow 1200mV 0C Model Setup Summary
 19. Slow 1200mV 0C Model Hold Summary
 20. Slow 1200mV 0C Model Recovery Summary
 21. Slow 1200mV 0C Model Removal Summary
 22. Slow 1200mV 0C Model Minimum Pulse Width Summary
 23. Slow 1200mV 0C Model Setup: 'pll|altpll_component|auto_generated|pll1|clk[0]'
 24. Slow 1200mV 0C Model Setup: 'sck'
 25. Slow 1200mV 0C Model Hold: 'pll|altpll_component|auto_generated|pll1|clk[0]'
 26. Slow 1200mV 0C Model Hold: 'sck'
 27. Slow 1200mV 0C Model Metastability Summary
 28. Fast 1200mV 0C Model Setup Summary
 29. Fast 1200mV 0C Model Hold Summary
 30. Fast 1200mV 0C Model Recovery Summary
 31. Fast 1200mV 0C Model Removal Summary
 32. Fast 1200mV 0C Model Minimum Pulse Width Summary
 33. Fast 1200mV 0C Model Setup: 'pll|altpll_component|auto_generated|pll1|clk[0]'
 34. Fast 1200mV 0C Model Setup: 'sck'
 35. Fast 1200mV 0C Model Hold: 'pll|altpll_component|auto_generated|pll1|clk[0]'
 36. Fast 1200mV 0C Model Hold: 'sck'
 37. Fast 1200mV 0C Model Metastability Summary
 38. Multicorner Timing Analysis Summary
 39. Board Trace Model Assignments
 40. Input Transition Times
 41. Signal Integrity Metrics (Slow 1200mv 0c Model)
 42. Signal Integrity Metrics (Slow 1200mv 85c Model)
 43. Signal Integrity Metrics (Fast 1200mv 0c Model)
 44. Setup Transfers
 45. Hold Transfers
 46. Report TCCS
 47. Report RSKM
 48. Unconstrained Paths Summary
 49. Clock Status Summary
 50. Unconstrained Input Ports
 51. Unconstrained Output Ports
 52. Unconstrained Input Ports
 53. Unconstrained Output Ports
 54. Timing Analyzer Messages



----------------
; Legal Notice ;
----------------
Copyright (C) 2018  Intel Corporation. All rights reserved.
Your use of Intel Corporation's design tools, logic functions 
and other software and tools, and its AMPP partner logic 
functions, and any output files from any of the foregoing 
(including device programming or simulation files), and any 
associated documentation or information are expressly subject 
to the terms and conditions of the Intel Program License 
Subscription Agreement, the Intel Quartus Prime License Agreement,
the Intel FPGA IP License Agreement, or other applicable license
agreement, including, without limitation, that your use is for
the sole purpose of programming logic devices manufactured by
Intel and sold by Intel or its authorized distributors.  Please
refer to the applicable agreement for further details.



+-----------------------------------------------------------------------------+
; Timing Analyzer Summary                                                     ;
+-----------------------+-----------------------------------------------------+
; Quartus Prime Version ; Version 18.1.0 Build 625 09/12/2018 SJ Lite Edition ;
; Timing Analyzer       ; Timing Analyzer                                     ;
; Revision Name         ; holo1                                               ;
; Device Family         ; Cyclone 10 LP                                       ;
; Device Name           ; 10CL010YE144C8G                                     ;
; Timing Models         ; Final                                               ;
; Delay Model           ; Combined                                            ;
; Rise/Fall Delays      ; Enabled                                             ;
+-----------------------+-----------------------------------------------------+


+------------------------------------------+
; Parallel Compilation                     ;
+----------------------------+-------------+
; Processors                 ; Number      ;
+----------------------------+-------------+
; Number detected on machine ; 8           ;
; Maximum allowed            ; 4           ;
;                            ;             ;
; Average used               ; 1.43        ;
; Maximum used               ; 4           ;
;                            ;             ;
; Usage by Processor         ; % Time Used ;
;     Processor 1            ; 100.0%      ;
;     Processors 2-4         ;  14.4%      ;
+----------------------------+-------------+


+-----------------------------------------------------------------------------------------------------------------------------------------------------------------------------------------------------------------------------------------------------------------------------------------------------------------------+
; Clocks                                                                                                                                                                                                                                                                                                                ;
+-------------------------------------------------+-----------+--------+------------+-------+--------+------------+-----------+-------------+-------+--------+-----------+------------+----------+------------+---------------------------------------------------+-----------------------------------------------------+
; Clock Name                                      ; Type      ; Period ; Frequency  ; Rise  ; Fall   ; Duty Cycle ; Divide by ; Multiply by ; Phase ; Offset ; Edge List ; Edge Shift ; Inverted ; Master     ; Source                                            ; Targets                                             ;
+-------------------------------------------------+-----------+--------+------------+-------+--------+------------+-----------+-------------+-------+--------+-----------+------------+----------+------------+---------------------------------------------------+-----------------------------------------------------+
; CLK_24M576                                      ; Base      ; 40.690 ; 24.58 MHz  ; 0.000 ; 20.345 ;            ;           ;             ;       ;        ;           ;            ;          ;            ;                                                   ; { CLK_24M576 }                                      ;
; pll|altpll_component|auto_generated|pll1|clk[0] ; Generated ; 48.828 ; 20.48 MHz  ; 0.000 ; 24.414 ; 50.00      ; 6         ; 5           ;       ;        ;           ;            ; false    ; CLK_24M576 ; pll|altpll_component|auto_generated|pll1|inclk[0] ; { pll|altpll_component|auto_generated|pll1|clk[0] } ;
; sck                                             ; Base      ; 1.000  ; 1000.0 MHz ; 0.000 ; 0.500  ;            ;           ;             ;       ;        ;           ;            ;          ;            ;                                                   ; { sck }                                             ;
+-------------------------------------------------+-----------+--------+------------+-------+--------+------------+-----------+-------------+-------+--------+-----------+------------+----------+------------+---------------------------------------------------+-----------------------------------------------------+


+------------------------------------------------------------------------------------------------------------------------------------------------+
; Slow 1200mV 85C Model Fmax Summary                                                                                                             ;
+------------+-----------------+-------------------------------------------------+---------------------------------------------------------------+
; Fmax       ; Restricted Fmax ; Clock Name                                      ; Note                                                          ;
+------------+-----------------+-------------------------------------------------+---------------------------------------------------------------+
; 16.49 MHz  ; 16.49 MHz       ; pll|altpll_component|auto_generated|pll1|clk[0] ;                                                               ;
; 424.09 MHz ; 250.0 MHz       ; sck                                             ; limit due to minimum period restriction (max I/O toggle rate) ;
+------------+-----------------+-------------------------------------------------+---------------------------------------------------------------+
This panel reports FMAX for every clock in the design, regardless of the user-specified clock periods.  FMAX is only computed for paths where the source and destination registers or ports are driven by the same clock.  Paths of different clocks, including generated clocks, are ignored.  For paths between a clock and its inversion, FMAX is computed as if the rising and falling edges are scaled along with FMAX, such that the duty cycle (in terms of a percentage) is maintained. Altera recommends that you always use clock constraints and other slack reports for sign-off analysis.


----------------------------------
; Timing Closure Recommendations ;
----------------------------------
HTML report is unavailable in plain text report export.


+---------------------------------------------------------------------------+
; Slow 1200mV 85C Model Setup Summary                                       ;
+-------------------------------------------------+---------+---------------+
; Clock                                           ; Slack   ; End Point TNS ;
+-------------------------------------------------+---------+---------------+
; pll|altpll_component|auto_generated|pll1|clk[0] ; -11.814 ; -891.868      ;
; sck                                             ; -1.358  ; -12.552       ;
+-------------------------------------------------+---------+---------------+


+-------------------------------------------------------------------------+
; Slow 1200mV 85C Model Hold Summary                                      ;
+-------------------------------------------------+-------+---------------+
; Clock                                           ; Slack ; End Point TNS ;
+-------------------------------------------------+-------+---------------+
; pll|altpll_component|auto_generated|pll1|clk[0] ; 0.415 ; 0.000         ;
; sck                                             ; 0.453 ; 0.000         ;
+-------------------------------------------------+-------+---------------+


------------------------------------------
; Slow 1200mV 85C Model Recovery Summary ;
------------------------------------------
No paths to report.


-----------------------------------------
; Slow 1200mV 85C Model Removal Summary ;
-----------------------------------------
No paths to report.


+--------------------------------------------------------------------------+
; Slow 1200mV 85C Model Minimum Pulse Width Summary                        ;
+-------------------------------------------------+--------+---------------+
; Clock                                           ; Slack  ; End Point TNS ;
+-------------------------------------------------+--------+---------------+
; sck                                             ; -3.000 ; -31.253       ;
; CLK_24M576                                      ; 20.217 ; 0.000         ;
; pll|altpll_component|auto_generated|pll1|clk[0] ; 23.918 ; 0.000         ;
+-------------------------------------------------+--------+---------------+


+---------------------------------------------------------------------------------------------------------------------------------------------------------------------------------------------------------------------------------------------------------------------------------------------------------------------------------------------------------------------------------------------------------------------+
; Slow 1200mV 85C Model Setup: 'pll|altpll_component|auto_generated|pll1|clk[0]'                                                                                                                                                                                                                                                                                                                                      ;
+---------+--------------------------------------------------------------------------------------------------------------------------------------------+-----------------------------------------------------------------------------------------------------------------+-------------------------------------------------+-------------------------------------------------+--------------+------------+------------+
; Slack   ; From Node                                                                                                                                  ; To Node                                                                                                         ; Launch Clock                                    ; Latch Clock                                     ; Relationship ; Clock Skew ; Data Delay ;
+---------+--------------------------------------------------------------------------------------------------------------------------------------------+-----------------------------------------------------------------------------------------------------------------+-------------------------------------------------+-------------------------------------------------+--------------+------------+------------+
; -11.814 ; Holo:holo|CalcPhase:calcPhase|lpm_divide:mod|lpm_divide_suq:auto_generated|abs_divider_g5h:divider|alt_u_div_4rf:divider|DFFDenominator[8] ; Holo:holo|CalcPhase:calcPhase|lpm_add_sub:normalize|add_sub_c8e:auto_generated|pipeline_dffe[8]_OTERM5          ; pll|altpll_component|auto_generated|pll1|clk[0] ; pll|altpll_component|auto_generated|pll1|clk[0] ; 48.828       ; 0.311      ; 60.954     ;
; -11.764 ; Holo:holo|CalcPhase:calcPhase|lpm_divide:mod|lpm_divide_suq:auto_generated|abs_divider_g5h:divider|alt_u_div_4rf:divider|DFFNumerator[15]  ; Holo:holo|CalcPhase:calcPhase|lpm_add_sub:normalize|add_sub_c8e:auto_generated|pipeline_dffe[8]_OTERM5          ; pll|altpll_component|auto_generated|pll1|clk[0] ; pll|altpll_component|auto_generated|pll1|clk[0] ; 48.828       ; 0.311      ; 60.904     ;
; -11.697 ; Holo:holo|CalcPhase:calcPhase|lpm_divide:mod|lpm_divide_suq:auto_generated|abs_divider_g5h:divider|alt_u_div_4rf:divider|DFFStage[0]       ; Holo:holo|CalcPhase:calcPhase|lpm_add_sub:normalize|add_sub_c8e:auto_generated|pipeline_dffe[8]_OTERM5          ; pll|altpll_component|auto_generated|pll1|clk[0] ; pll|altpll_component|auto_generated|pll1|clk[0] ; 48.828       ; 0.311      ; 60.837     ;
; -11.668 ; Holo:holo|CalcPhase:calcPhase|lpm_divide:mod|lpm_divide_suq:auto_generated|abs_divider_g5h:divider|alt_u_div_4rf:divider|DFFDenominator[8] ; Holo:holo|CalcPhase:calcPhase|lpm_add_sub:normalize|add_sub_c8e:auto_generated|pipeline_dffe[6]                 ; pll|altpll_component|auto_generated|pll1|clk[0] ; pll|altpll_component|auto_generated|pll1|clk[0] ; 48.828       ; 0.311      ; 60.808     ;
; -11.642 ; Holo:holo|CalcPhase:calcPhase|lpm_divide:mod|lpm_divide_suq:auto_generated|abs_divider_g5h:divider|alt_u_div_4rf:divider|DFFDenominator[8] ; Holo:holo|CalcPhase:calcPhase|lpm_add_sub:normalize|add_sub_c8e:auto_generated|pipeline_dffe[7]_OTERM11         ; pll|altpll_component|auto_generated|pll1|clk[0] ; pll|altpll_component|auto_generated|pll1|clk[0] ; 48.828       ; 0.311      ; 60.782     ;
; -11.618 ; Holo:holo|CalcPhase:calcPhase|lpm_divide:mod|lpm_divide_suq:auto_generated|abs_divider_g5h:divider|alt_u_div_4rf:divider|DFFNumerator[15]  ; Holo:holo|CalcPhase:calcPhase|lpm_add_sub:normalize|add_sub_c8e:auto_generated|pipeline_dffe[6]                 ; pll|altpll_component|auto_generated|pll1|clk[0] ; pll|altpll_component|auto_generated|pll1|clk[0] ; 48.828       ; 0.311      ; 60.758     ;
; -11.592 ; Holo:holo|CalcPhase:calcPhase|lpm_divide:mod|lpm_divide_suq:auto_generated|abs_divider_g5h:divider|alt_u_div_4rf:divider|DFFNumerator[15]  ; Holo:holo|CalcPhase:calcPhase|lpm_add_sub:normalize|add_sub_c8e:auto_generated|pipeline_dffe[7]_OTERM11         ; pll|altpll_component|auto_generated|pll1|clk[0] ; pll|altpll_component|auto_generated|pll1|clk[0] ; 48.828       ; 0.311      ; 60.732     ;
; -11.552 ; Holo:holo|CalcPhase:calcPhase|lpm_divide:mod|lpm_divide_suq:auto_generated|abs_divider_g5h:divider|alt_u_div_4rf:divider|DFFStage[2]       ; Holo:holo|CalcPhase:calcPhase|lpm_add_sub:normalize|add_sub_c8e:auto_generated|pipeline_dffe[8]_OTERM5          ; pll|altpll_component|auto_generated|pll1|clk[0] ; pll|altpll_component|auto_generated|pll1|clk[0] ; 48.828       ; 0.311      ; 60.692     ;
; -11.551 ; Holo:holo|CalcPhase:calcPhase|lpm_divide:mod|lpm_divide_suq:auto_generated|abs_divider_g5h:divider|alt_u_div_4rf:divider|DFFStage[0]       ; Holo:holo|CalcPhase:calcPhase|lpm_add_sub:normalize|add_sub_c8e:auto_generated|pipeline_dffe[6]                 ; pll|altpll_component|auto_generated|pll1|clk[0] ; pll|altpll_component|auto_generated|pll1|clk[0] ; 48.828       ; 0.311      ; 60.691     ;
; -11.551 ; Holo:holo|CalcPhase:calcPhase|lpm_divide:mod|lpm_divide_suq:auto_generated|abs_divider_g5h:divider|alt_u_div_4rf:divider|DFFStage[4]       ; Holo:holo|CalcPhase:calcPhase|lpm_add_sub:normalize|add_sub_c8e:auto_generated|pipeline_dffe[8]_OTERM5          ; pll|altpll_component|auto_generated|pll1|clk[0] ; pll|altpll_component|auto_generated|pll1|clk[0] ; 48.828       ; 0.311      ; 60.691     ;
; -11.525 ; Holo:holo|CalcPhase:calcPhase|lpm_divide:mod|lpm_divide_suq:auto_generated|abs_divider_g5h:divider|alt_u_div_4rf:divider|DFFStage[0]       ; Holo:holo|CalcPhase:calcPhase|lpm_add_sub:normalize|add_sub_c8e:auto_generated|pipeline_dffe[7]_OTERM11         ; pll|altpll_component|auto_generated|pll1|clk[0] ; pll|altpll_component|auto_generated|pll1|clk[0] ; 48.828       ; 0.311      ; 60.665     ;
; -11.522 ; Holo:holo|CalcPhase:calcPhase|lpm_divide:mod|lpm_divide_suq:auto_generated|abs_divider_g5h:divider|alt_u_div_4rf:divider|DFFDenominator[8] ; Holo:holo|CalcPhase:calcPhase|lpm_add_sub:normalize|add_sub_c8e:auto_generated|pipeline_dffe[4]                 ; pll|altpll_component|auto_generated|pll1|clk[0] ; pll|altpll_component|auto_generated|pll1|clk[0] ; 48.828       ; 0.311      ; 60.662     ;
; -11.496 ; Holo:holo|CalcPhase:calcPhase|lpm_divide:mod|lpm_divide_suq:auto_generated|abs_divider_g5h:divider|alt_u_div_4rf:divider|DFFDenominator[8] ; Holo:holo|CalcPhase:calcPhase|lpm_add_sub:normalize|add_sub_c8e:auto_generated|pipeline_dffe[5]                 ; pll|altpll_component|auto_generated|pll1|clk[0] ; pll|altpll_component|auto_generated|pll1|clk[0] ; 48.828       ; 0.311      ; 60.636     ;
; -11.472 ; Holo:holo|CalcPhase:calcPhase|lpm_divide:mod|lpm_divide_suq:auto_generated|abs_divider_g5h:divider|alt_u_div_4rf:divider|DFFNumerator[15]  ; Holo:holo|CalcPhase:calcPhase|lpm_add_sub:normalize|add_sub_c8e:auto_generated|pipeline_dffe[4]                 ; pll|altpll_component|auto_generated|pll1|clk[0] ; pll|altpll_component|auto_generated|pll1|clk[0] ; 48.828       ; 0.311      ; 60.612     ;
; -11.457 ; Holo:holo|CalcPhase:calcPhase|lpm_divide:mod|lpm_divide_suq:auto_generated|abs_divider_g5h:divider|alt_u_div_4rf:divider|DFFStage[6]       ; Holo:holo|CalcPhase:calcPhase|lpm_add_sub:normalize|add_sub_c8e:auto_generated|pipeline_dffe[8]_OTERM5          ; pll|altpll_component|auto_generated|pll1|clk[0] ; pll|altpll_component|auto_generated|pll1|clk[0] ; 48.828       ; 0.311      ; 60.597     ;
; -11.450 ; Holo:holo|CalcPhase:calcPhase|lpm_divide:mod|lpm_divide_suq:auto_generated|abs_divider_g5h:divider|alt_u_div_4rf:divider|DFFStage[1]       ; Holo:holo|CalcPhase:calcPhase|lpm_add_sub:normalize|add_sub_c8e:auto_generated|pipeline_dffe[8]_OTERM5          ; pll|altpll_component|auto_generated|pll1|clk[0] ; pll|altpll_component|auto_generated|pll1|clk[0] ; 48.828       ; 0.311      ; 60.590     ;
; -11.446 ; Holo:holo|CalcPhase:calcPhase|lpm_divide:mod|lpm_divide_suq:auto_generated|abs_divider_g5h:divider|alt_u_div_4rf:divider|DFFNumerator[15]  ; Holo:holo|CalcPhase:calcPhase|lpm_add_sub:normalize|add_sub_c8e:auto_generated|pipeline_dffe[5]                 ; pll|altpll_component|auto_generated|pll1|clk[0] ; pll|altpll_component|auto_generated|pll1|clk[0] ; 48.828       ; 0.311      ; 60.586     ;
; -11.406 ; Holo:holo|CalcPhase:calcPhase|lpm_divide:mod|lpm_divide_suq:auto_generated|abs_divider_g5h:divider|alt_u_div_4rf:divider|DFFStage[2]       ; Holo:holo|CalcPhase:calcPhase|lpm_add_sub:normalize|add_sub_c8e:auto_generated|pipeline_dffe[6]                 ; pll|altpll_component|auto_generated|pll1|clk[0] ; pll|altpll_component|auto_generated|pll1|clk[0] ; 48.828       ; 0.311      ; 60.546     ;
; -11.405 ; Holo:holo|CalcPhase:calcPhase|lpm_divide:mod|lpm_divide_suq:auto_generated|abs_divider_g5h:divider|alt_u_div_4rf:divider|DFFStage[0]       ; Holo:holo|CalcPhase:calcPhase|lpm_add_sub:normalize|add_sub_c8e:auto_generated|pipeline_dffe[4]                 ; pll|altpll_component|auto_generated|pll1|clk[0] ; pll|altpll_component|auto_generated|pll1|clk[0] ; 48.828       ; 0.311      ; 60.545     ;
; -11.405 ; Holo:holo|CalcPhase:calcPhase|lpm_divide:mod|lpm_divide_suq:auto_generated|abs_divider_g5h:divider|alt_u_div_4rf:divider|DFFStage[4]       ; Holo:holo|CalcPhase:calcPhase|lpm_add_sub:normalize|add_sub_c8e:auto_generated|pipeline_dffe[6]                 ; pll|altpll_component|auto_generated|pll1|clk[0] ; pll|altpll_component|auto_generated|pll1|clk[0] ; 48.828       ; 0.311      ; 60.545     ;
; -11.380 ; Holo:holo|CalcPhase:calcPhase|lpm_divide:mod|lpm_divide_suq:auto_generated|abs_divider_g5h:divider|alt_u_div_4rf:divider|DFFStage[2]       ; Holo:holo|CalcPhase:calcPhase|lpm_add_sub:normalize|add_sub_c8e:auto_generated|pipeline_dffe[7]_OTERM11         ; pll|altpll_component|auto_generated|pll1|clk[0] ; pll|altpll_component|auto_generated|pll1|clk[0] ; 48.828       ; 0.311      ; 60.520     ;
; -11.379 ; Holo:holo|CalcPhase:calcPhase|lpm_divide:mod|lpm_divide_suq:auto_generated|abs_divider_g5h:divider|alt_u_div_4rf:divider|DFFStage[0]       ; Holo:holo|CalcPhase:calcPhase|lpm_add_sub:normalize|add_sub_c8e:auto_generated|pipeline_dffe[5]                 ; pll|altpll_component|auto_generated|pll1|clk[0] ; pll|altpll_component|auto_generated|pll1|clk[0] ; 48.828       ; 0.311      ; 60.519     ;
; -11.379 ; Holo:holo|CalcPhase:calcPhase|lpm_divide:mod|lpm_divide_suq:auto_generated|abs_divider_g5h:divider|alt_u_div_4rf:divider|DFFStage[4]       ; Holo:holo|CalcPhase:calcPhase|lpm_add_sub:normalize|add_sub_c8e:auto_generated|pipeline_dffe[7]_OTERM11         ; pll|altpll_component|auto_generated|pll1|clk[0] ; pll|altpll_component|auto_generated|pll1|clk[0] ; 48.828       ; 0.311      ; 60.519     ;
; -11.376 ; Holo:holo|CalcPhase:calcPhase|lpm_divide:mod|lpm_divide_suq:auto_generated|abs_divider_g5h:divider|alt_u_div_4rf:divider|DFFDenominator[8] ; Holo:holo|CalcPhase:calcPhase|lpm_add_sub:normalize|add_sub_c8e:auto_generated|pipeline_dffe[2]                 ; pll|altpll_component|auto_generated|pll1|clk[0] ; pll|altpll_component|auto_generated|pll1|clk[0] ; 48.828       ; 0.311      ; 60.516     ;
; -11.350 ; Holo:holo|CalcPhase:calcPhase|lpm_divide:mod|lpm_divide_suq:auto_generated|abs_divider_g5h:divider|alt_u_div_4rf:divider|DFFDenominator[8] ; Holo:holo|CalcPhase:calcPhase|lpm_add_sub:normalize|add_sub_c8e:auto_generated|pipeline_dffe[3]                 ; pll|altpll_component|auto_generated|pll1|clk[0] ; pll|altpll_component|auto_generated|pll1|clk[0] ; 48.828       ; 0.311      ; 60.490     ;
; -11.326 ; Holo:holo|CalcPhase:calcPhase|lpm_divide:mod|lpm_divide_suq:auto_generated|abs_divider_g5h:divider|alt_u_div_4rf:divider|DFFNumerator[15]  ; Holo:holo|CalcPhase:calcPhase|lpm_add_sub:normalize|add_sub_c8e:auto_generated|pipeline_dffe[2]                 ; pll|altpll_component|auto_generated|pll1|clk[0] ; pll|altpll_component|auto_generated|pll1|clk[0] ; 48.828       ; 0.311      ; 60.466     ;
; -11.320 ; Holo:holo|CalcPhase:calcPhase|lpm_divide:mod|lpm_divide_suq:auto_generated|abs_divider_g5h:divider|alt_u_div_4rf:divider|DFFStage[5]       ; Holo:holo|CalcPhase:calcPhase|lpm_add_sub:normalize|add_sub_c8e:auto_generated|pipeline_dffe[8]_OTERM5          ; pll|altpll_component|auto_generated|pll1|clk[0] ; pll|altpll_component|auto_generated|pll1|clk[0] ; 48.828       ; 0.311      ; 60.460     ;
; -11.311 ; Holo:holo|CalcPhase:calcPhase|lpm_divide:mod|lpm_divide_suq:auto_generated|abs_divider_g5h:divider|alt_u_div_4rf:divider|DFFStage[6]       ; Holo:holo|CalcPhase:calcPhase|lpm_add_sub:normalize|add_sub_c8e:auto_generated|pipeline_dffe[6]                 ; pll|altpll_component|auto_generated|pll1|clk[0] ; pll|altpll_component|auto_generated|pll1|clk[0] ; 48.828       ; 0.311      ; 60.451     ;
; -11.309 ; Holo:holo|CalcPhase:calcPhase|lpm_divide:mod|lpm_divide_suq:auto_generated|abs_divider_g5h:divider|alt_u_div_4rf:divider|DFFStage[3]       ; Holo:holo|CalcPhase:calcPhase|lpm_add_sub:normalize|add_sub_c8e:auto_generated|pipeline_dffe[8]_OTERM5          ; pll|altpll_component|auto_generated|pll1|clk[0] ; pll|altpll_component|auto_generated|pll1|clk[0] ; 48.828       ; 0.311      ; 60.449     ;
; -11.304 ; Holo:holo|CalcPhase:calcPhase|lpm_divide:mod|lpm_divide_suq:auto_generated|abs_divider_g5h:divider|alt_u_div_4rf:divider|DFFStage[1]       ; Holo:holo|CalcPhase:calcPhase|lpm_add_sub:normalize|add_sub_c8e:auto_generated|pipeline_dffe[6]                 ; pll|altpll_component|auto_generated|pll1|clk[0] ; pll|altpll_component|auto_generated|pll1|clk[0] ; 48.828       ; 0.311      ; 60.444     ;
; -11.300 ; Holo:holo|CalcPhase:calcPhase|lpm_divide:mod|lpm_divide_suq:auto_generated|abs_divider_g5h:divider|alt_u_div_4rf:divider|DFFNumerator[15]  ; Holo:holo|CalcPhase:calcPhase|lpm_add_sub:normalize|add_sub_c8e:auto_generated|pipeline_dffe[3]                 ; pll|altpll_component|auto_generated|pll1|clk[0] ; pll|altpll_component|auto_generated|pll1|clk[0] ; 48.828       ; 0.311      ; 60.440     ;
; -11.285 ; Holo:holo|CalcPhase:calcPhase|lpm_divide:mod|lpm_divide_suq:auto_generated|abs_divider_g5h:divider|alt_u_div_4rf:divider|DFFStage[6]       ; Holo:holo|CalcPhase:calcPhase|lpm_add_sub:normalize|add_sub_c8e:auto_generated|pipeline_dffe[7]_OTERM11         ; pll|altpll_component|auto_generated|pll1|clk[0] ; pll|altpll_component|auto_generated|pll1|clk[0] ; 48.828       ; 0.311      ; 60.425     ;
; -11.278 ; Holo:holo|CalcPhase:calcPhase|lpm_divide:mod|lpm_divide_suq:auto_generated|abs_divider_g5h:divider|alt_u_div_4rf:divider|DFFStage[1]       ; Holo:holo|CalcPhase:calcPhase|lpm_add_sub:normalize|add_sub_c8e:auto_generated|pipeline_dffe[7]_OTERM11         ; pll|altpll_component|auto_generated|pll1|clk[0] ; pll|altpll_component|auto_generated|pll1|clk[0] ; 48.828       ; 0.311      ; 60.418     ;
; -11.267 ; Holo:holo|CalcPhase:calcPhase|lpm_divide:mod|lpm_divide_suq:auto_generated|abs_divider_g5h:divider|alt_u_div_4rf:divider|DFFStage[8]       ; Holo:holo|CalcPhase:calcPhase|lpm_add_sub:normalize|add_sub_c8e:auto_generated|pipeline_dffe[8]_OTERM5          ; pll|altpll_component|auto_generated|pll1|clk[0] ; pll|altpll_component|auto_generated|pll1|clk[0] ; 48.828       ; 0.311      ; 60.407     ;
; -11.260 ; Holo:holo|CalcPhase:calcPhase|lpm_divide:mod|lpm_divide_suq:auto_generated|abs_divider_g5h:divider|alt_u_div_4rf:divider|DFFStage[2]       ; Holo:holo|CalcPhase:calcPhase|lpm_add_sub:normalize|add_sub_c8e:auto_generated|pipeline_dffe[4]                 ; pll|altpll_component|auto_generated|pll1|clk[0] ; pll|altpll_component|auto_generated|pll1|clk[0] ; 48.828       ; 0.311      ; 60.400     ;
; -11.259 ; Holo:holo|CalcPhase:calcPhase|lpm_divide:mod|lpm_divide_suq:auto_generated|abs_divider_g5h:divider|alt_u_div_4rf:divider|DFFStage[0]       ; Holo:holo|CalcPhase:calcPhase|lpm_add_sub:normalize|add_sub_c8e:auto_generated|pipeline_dffe[2]                 ; pll|altpll_component|auto_generated|pll1|clk[0] ; pll|altpll_component|auto_generated|pll1|clk[0] ; 48.828       ; 0.311      ; 60.399     ;
; -11.259 ; Holo:holo|CalcPhase:calcPhase|lpm_divide:mod|lpm_divide_suq:auto_generated|abs_divider_g5h:divider|alt_u_div_4rf:divider|DFFStage[4]       ; Holo:holo|CalcPhase:calcPhase|lpm_add_sub:normalize|add_sub_c8e:auto_generated|pipeline_dffe[4]                 ; pll|altpll_component|auto_generated|pll1|clk[0] ; pll|altpll_component|auto_generated|pll1|clk[0] ; 48.828       ; 0.311      ; 60.399     ;
; -11.234 ; Holo:holo|CalcPhase:calcPhase|lpm_divide:mod|lpm_divide_suq:auto_generated|abs_divider_g5h:divider|alt_u_div_4rf:divider|DFFStage[2]       ; Holo:holo|CalcPhase:calcPhase|lpm_add_sub:normalize|add_sub_c8e:auto_generated|pipeline_dffe[5]                 ; pll|altpll_component|auto_generated|pll1|clk[0] ; pll|altpll_component|auto_generated|pll1|clk[0] ; 48.828       ; 0.311      ; 60.374     ;
; -11.233 ; Holo:holo|CalcPhase:calcPhase|lpm_divide:mod|lpm_divide_suq:auto_generated|abs_divider_g5h:divider|alt_u_div_4rf:divider|DFFStage[0]       ; Holo:holo|CalcPhase:calcPhase|lpm_add_sub:normalize|add_sub_c8e:auto_generated|pipeline_dffe[3]                 ; pll|altpll_component|auto_generated|pll1|clk[0] ; pll|altpll_component|auto_generated|pll1|clk[0] ; 48.828       ; 0.311      ; 60.373     ;
; -11.233 ; Holo:holo|CalcPhase:calcPhase|lpm_divide:mod|lpm_divide_suq:auto_generated|abs_divider_g5h:divider|alt_u_div_4rf:divider|DFFStage[4]       ; Holo:holo|CalcPhase:calcPhase|lpm_add_sub:normalize|add_sub_c8e:auto_generated|pipeline_dffe[5]                 ; pll|altpll_component|auto_generated|pll1|clk[0] ; pll|altpll_component|auto_generated|pll1|clk[0] ; 48.828       ; 0.311      ; 60.373     ;
; -11.174 ; Holo:holo|CalcPhase:calcPhase|lpm_divide:mod|lpm_divide_suq:auto_generated|abs_divider_g5h:divider|alt_u_div_4rf:divider|DFFStage[5]       ; Holo:holo|CalcPhase:calcPhase|lpm_add_sub:normalize|add_sub_c8e:auto_generated|pipeline_dffe[6]                 ; pll|altpll_component|auto_generated|pll1|clk[0] ; pll|altpll_component|auto_generated|pll1|clk[0] ; 48.828       ; 0.311      ; 60.314     ;
; -11.165 ; Holo:holo|CalcPhase:calcPhase|lpm_divide:mod|lpm_divide_suq:auto_generated|abs_divider_g5h:divider|alt_u_div_4rf:divider|DFFStage[6]       ; Holo:holo|CalcPhase:calcPhase|lpm_add_sub:normalize|add_sub_c8e:auto_generated|pipeline_dffe[4]                 ; pll|altpll_component|auto_generated|pll1|clk[0] ; pll|altpll_component|auto_generated|pll1|clk[0] ; 48.828       ; 0.311      ; 60.305     ;
; -11.163 ; Holo:holo|CalcPhase:calcPhase|lpm_divide:mod|lpm_divide_suq:auto_generated|abs_divider_g5h:divider|alt_u_div_4rf:divider|DFFStage[3]       ; Holo:holo|CalcPhase:calcPhase|lpm_add_sub:normalize|add_sub_c8e:auto_generated|pipeline_dffe[6]                 ; pll|altpll_component|auto_generated|pll1|clk[0] ; pll|altpll_component|auto_generated|pll1|clk[0] ; 48.828       ; 0.311      ; 60.303     ;
; -11.158 ; Holo:holo|CalcPhase:calcPhase|lpm_divide:mod|lpm_divide_suq:auto_generated|abs_divider_g5h:divider|alt_u_div_4rf:divider|DFFStage[1]       ; Holo:holo|CalcPhase:calcPhase|lpm_add_sub:normalize|add_sub_c8e:auto_generated|pipeline_dffe[4]                 ; pll|altpll_component|auto_generated|pll1|clk[0] ; pll|altpll_component|auto_generated|pll1|clk[0] ; 48.828       ; 0.311      ; 60.298     ;
; -11.148 ; Holo:holo|CalcPhase:calcPhase|lpm_divide:mod|lpm_divide_suq:auto_generated|abs_divider_g5h:divider|alt_u_div_4rf:divider|DFFStage[5]       ; Holo:holo|CalcPhase:calcPhase|lpm_add_sub:normalize|add_sub_c8e:auto_generated|pipeline_dffe[7]_OTERM11         ; pll|altpll_component|auto_generated|pll1|clk[0] ; pll|altpll_component|auto_generated|pll1|clk[0] ; 48.828       ; 0.311      ; 60.288     ;
; -11.139 ; Holo:holo|CalcPhase:calcPhase|lpm_divide:mod|lpm_divide_suq:auto_generated|abs_divider_g5h:divider|alt_u_div_4rf:divider|DFFStage[6]       ; Holo:holo|CalcPhase:calcPhase|lpm_add_sub:normalize|add_sub_c8e:auto_generated|pipeline_dffe[5]                 ; pll|altpll_component|auto_generated|pll1|clk[0] ; pll|altpll_component|auto_generated|pll1|clk[0] ; 48.828       ; 0.311      ; 60.279     ;
; -11.137 ; Holo:holo|CalcPhase:calcPhase|lpm_divide:mod|lpm_divide_suq:auto_generated|abs_divider_g5h:divider|alt_u_div_4rf:divider|DFFStage[3]       ; Holo:holo|CalcPhase:calcPhase|lpm_add_sub:normalize|add_sub_c8e:auto_generated|pipeline_dffe[7]_OTERM11         ; pll|altpll_component|auto_generated|pll1|clk[0] ; pll|altpll_component|auto_generated|pll1|clk[0] ; 48.828       ; 0.311      ; 60.277     ;
; -11.132 ; Holo:holo|CalcPhase:calcPhase|lpm_divide:mod|lpm_divide_suq:auto_generated|abs_divider_g5h:divider|alt_u_div_4rf:divider|DFFStage[1]       ; Holo:holo|CalcPhase:calcPhase|lpm_add_sub:normalize|add_sub_c8e:auto_generated|pipeline_dffe[5]                 ; pll|altpll_component|auto_generated|pll1|clk[0] ; pll|altpll_component|auto_generated|pll1|clk[0] ; 48.828       ; 0.311      ; 60.272     ;
; -11.121 ; Holo:holo|CalcPhase:calcPhase|lpm_divide:mod|lpm_divide_suq:auto_generated|abs_divider_g5h:divider|alt_u_div_4rf:divider|DFFStage[8]       ; Holo:holo|CalcPhase:calcPhase|lpm_add_sub:normalize|add_sub_c8e:auto_generated|pipeline_dffe[6]                 ; pll|altpll_component|auto_generated|pll1|clk[0] ; pll|altpll_component|auto_generated|pll1|clk[0] ; 48.828       ; 0.311      ; 60.261     ;
; -11.114 ; Holo:holo|CalcPhase:calcPhase|lpm_divide:mod|lpm_divide_suq:auto_generated|abs_divider_g5h:divider|alt_u_div_4rf:divider|DFFStage[2]       ; Holo:holo|CalcPhase:calcPhase|lpm_add_sub:normalize|add_sub_c8e:auto_generated|pipeline_dffe[2]                 ; pll|altpll_component|auto_generated|pll1|clk[0] ; pll|altpll_component|auto_generated|pll1|clk[0] ; 48.828       ; 0.311      ; 60.254     ;
; -11.113 ; Holo:holo|CalcPhase:calcPhase|lpm_divide:mod|lpm_divide_suq:auto_generated|abs_divider_g5h:divider|alt_u_div_4rf:divider|DFFStage[4]       ; Holo:holo|CalcPhase:calcPhase|lpm_add_sub:normalize|add_sub_c8e:auto_generated|pipeline_dffe[2]                 ; pll|altpll_component|auto_generated|pll1|clk[0] ; pll|altpll_component|auto_generated|pll1|clk[0] ; 48.828       ; 0.311      ; 60.253     ;
; -11.095 ; Holo:holo|CalcPhase:calcPhase|lpm_divide:mod|lpm_divide_suq:auto_generated|abs_divider_g5h:divider|alt_u_div_4rf:divider|DFFStage[8]       ; Holo:holo|CalcPhase:calcPhase|lpm_add_sub:normalize|add_sub_c8e:auto_generated|pipeline_dffe[7]_OTERM11         ; pll|altpll_component|auto_generated|pll1|clk[0] ; pll|altpll_component|auto_generated|pll1|clk[0] ; 48.828       ; 0.311      ; 60.235     ;
; -11.088 ; Holo:holo|CalcPhase:calcPhase|lpm_divide:mod|lpm_divide_suq:auto_generated|abs_divider_g5h:divider|alt_u_div_4rf:divider|DFFStage[2]       ; Holo:holo|CalcPhase:calcPhase|lpm_add_sub:normalize|add_sub_c8e:auto_generated|pipeline_dffe[3]                 ; pll|altpll_component|auto_generated|pll1|clk[0] ; pll|altpll_component|auto_generated|pll1|clk[0] ; 48.828       ; 0.311      ; 60.228     ;
; -11.087 ; Holo:holo|CalcPhase:calcPhase|lpm_divide:mod|lpm_divide_suq:auto_generated|abs_divider_g5h:divider|alt_u_div_4rf:divider|DFFStage[4]       ; Holo:holo|CalcPhase:calcPhase|lpm_add_sub:normalize|add_sub_c8e:auto_generated|pipeline_dffe[3]                 ; pll|altpll_component|auto_generated|pll1|clk[0] ; pll|altpll_component|auto_generated|pll1|clk[0] ; 48.828       ; 0.311      ; 60.227     ;
; -11.028 ; Holo:holo|CalcPhase:calcPhase|lpm_divide:mod|lpm_divide_suq:auto_generated|abs_divider_g5h:divider|alt_u_div_4rf:divider|DFFStage[5]       ; Holo:holo|CalcPhase:calcPhase|lpm_add_sub:normalize|add_sub_c8e:auto_generated|pipeline_dffe[4]                 ; pll|altpll_component|auto_generated|pll1|clk[0] ; pll|altpll_component|auto_generated|pll1|clk[0] ; 48.828       ; 0.311      ; 60.168     ;
; -11.019 ; Holo:holo|CalcPhase:calcPhase|lpm_divide:mod|lpm_divide_suq:auto_generated|abs_divider_g5h:divider|alt_u_div_4rf:divider|DFFStage[7]       ; Holo:holo|CalcPhase:calcPhase|lpm_add_sub:normalize|add_sub_c8e:auto_generated|pipeline_dffe[8]_OTERM5          ; pll|altpll_component|auto_generated|pll1|clk[0] ; pll|altpll_component|auto_generated|pll1|clk[0] ; 48.828       ; 0.311      ; 60.159     ;
; -11.019 ; Holo:holo|CalcPhase:calcPhase|lpm_divide:mod|lpm_divide_suq:auto_generated|abs_divider_g5h:divider|alt_u_div_4rf:divider|DFFStage[6]       ; Holo:holo|CalcPhase:calcPhase|lpm_add_sub:normalize|add_sub_c8e:auto_generated|pipeline_dffe[2]                 ; pll|altpll_component|auto_generated|pll1|clk[0] ; pll|altpll_component|auto_generated|pll1|clk[0] ; 48.828       ; 0.311      ; 60.159     ;
; -11.017 ; Holo:holo|CalcPhase:calcPhase|lpm_divide:mod|lpm_divide_suq:auto_generated|abs_divider_g5h:divider|alt_u_div_4rf:divider|DFFStage[3]       ; Holo:holo|CalcPhase:calcPhase|lpm_add_sub:normalize|add_sub_c8e:auto_generated|pipeline_dffe[4]                 ; pll|altpll_component|auto_generated|pll1|clk[0] ; pll|altpll_component|auto_generated|pll1|clk[0] ; 48.828       ; 0.311      ; 60.157     ;
; -11.012 ; Holo:holo|CalcPhase:calcPhase|lpm_divide:mod|lpm_divide_suq:auto_generated|abs_divider_g5h:divider|alt_u_div_4rf:divider|DFFStage[1]       ; Holo:holo|CalcPhase:calcPhase|lpm_add_sub:normalize|add_sub_c8e:auto_generated|pipeline_dffe[2]                 ; pll|altpll_component|auto_generated|pll1|clk[0] ; pll|altpll_component|auto_generated|pll1|clk[0] ; 48.828       ; 0.311      ; 60.152     ;
; -11.002 ; Holo:holo|CalcPhase:calcPhase|lpm_divide:mod|lpm_divide_suq:auto_generated|abs_divider_g5h:divider|alt_u_div_4rf:divider|DFFStage[5]       ; Holo:holo|CalcPhase:calcPhase|lpm_add_sub:normalize|add_sub_c8e:auto_generated|pipeline_dffe[5]                 ; pll|altpll_component|auto_generated|pll1|clk[0] ; pll|altpll_component|auto_generated|pll1|clk[0] ; 48.828       ; 0.311      ; 60.142     ;
; -10.993 ; Holo:holo|CalcPhase:calcPhase|lpm_divide:mod|lpm_divide_suq:auto_generated|abs_divider_g5h:divider|alt_u_div_4rf:divider|DFFStage[6]       ; Holo:holo|CalcPhase:calcPhase|lpm_add_sub:normalize|add_sub_c8e:auto_generated|pipeline_dffe[3]                 ; pll|altpll_component|auto_generated|pll1|clk[0] ; pll|altpll_component|auto_generated|pll1|clk[0] ; 48.828       ; 0.311      ; 60.133     ;
; -10.991 ; Holo:holo|CalcPhase:calcPhase|lpm_divide:mod|lpm_divide_suq:auto_generated|abs_divider_g5h:divider|alt_u_div_4rf:divider|DFFStage[3]       ; Holo:holo|CalcPhase:calcPhase|lpm_add_sub:normalize|add_sub_c8e:auto_generated|pipeline_dffe[5]                 ; pll|altpll_component|auto_generated|pll1|clk[0] ; pll|altpll_component|auto_generated|pll1|clk[0] ; 48.828       ; 0.311      ; 60.131     ;
; -10.986 ; Holo:holo|CalcPhase:calcPhase|lpm_divide:mod|lpm_divide_suq:auto_generated|abs_divider_g5h:divider|alt_u_div_4rf:divider|DFFStage[1]       ; Holo:holo|CalcPhase:calcPhase|lpm_add_sub:normalize|add_sub_c8e:auto_generated|pipeline_dffe[3]                 ; pll|altpll_component|auto_generated|pll1|clk[0] ; pll|altpll_component|auto_generated|pll1|clk[0] ; 48.828       ; 0.311      ; 60.126     ;
; -10.975 ; Holo:holo|CalcPhase:calcPhase|lpm_divide:mod|lpm_divide_suq:auto_generated|abs_divider_g5h:divider|alt_u_div_4rf:divider|DFFStage[8]       ; Holo:holo|CalcPhase:calcPhase|lpm_add_sub:normalize|add_sub_c8e:auto_generated|pipeline_dffe[4]                 ; pll|altpll_component|auto_generated|pll1|clk[0] ; pll|altpll_component|auto_generated|pll1|clk[0] ; 48.828       ; 0.311      ; 60.115     ;
; -10.949 ; Holo:holo|CalcPhase:calcPhase|lpm_divide:mod|lpm_divide_suq:auto_generated|abs_divider_g5h:divider|alt_u_div_4rf:divider|DFFStage[8]       ; Holo:holo|CalcPhase:calcPhase|lpm_add_sub:normalize|add_sub_c8e:auto_generated|pipeline_dffe[5]                 ; pll|altpll_component|auto_generated|pll1|clk[0] ; pll|altpll_component|auto_generated|pll1|clk[0] ; 48.828       ; 0.311      ; 60.089     ;
; -10.882 ; Holo:holo|CalcPhase:calcPhase|lpm_divide:mod|lpm_divide_suq:auto_generated|abs_divider_g5h:divider|alt_u_div_4rf:divider|DFFStage[5]       ; Holo:holo|CalcPhase:calcPhase|lpm_add_sub:normalize|add_sub_c8e:auto_generated|pipeline_dffe[2]                 ; pll|altpll_component|auto_generated|pll1|clk[0] ; pll|altpll_component|auto_generated|pll1|clk[0] ; 48.828       ; 0.311      ; 60.022     ;
; -10.873 ; Holo:holo|CalcPhase:calcPhase|lpm_divide:mod|lpm_divide_suq:auto_generated|abs_divider_g5h:divider|alt_u_div_4rf:divider|DFFStage[7]       ; Holo:holo|CalcPhase:calcPhase|lpm_add_sub:normalize|add_sub_c8e:auto_generated|pipeline_dffe[6]                 ; pll|altpll_component|auto_generated|pll1|clk[0] ; pll|altpll_component|auto_generated|pll1|clk[0] ; 48.828       ; 0.311      ; 60.013     ;
; -10.871 ; Holo:holo|CalcPhase:calcPhase|lpm_divide:mod|lpm_divide_suq:auto_generated|abs_divider_g5h:divider|alt_u_div_4rf:divider|DFFStage[3]       ; Holo:holo|CalcPhase:calcPhase|lpm_add_sub:normalize|add_sub_c8e:auto_generated|pipeline_dffe[2]                 ; pll|altpll_component|auto_generated|pll1|clk[0] ; pll|altpll_component|auto_generated|pll1|clk[0] ; 48.828       ; 0.311      ; 60.011     ;
; -10.856 ; Holo:holo|CalcPhase:calcPhase|lpm_divide:mod|lpm_divide_suq:auto_generated|abs_divider_g5h:divider|alt_u_div_4rf:divider|DFFStage[5]       ; Holo:holo|CalcPhase:calcPhase|lpm_add_sub:normalize|add_sub_c8e:auto_generated|pipeline_dffe[3]                 ; pll|altpll_component|auto_generated|pll1|clk[0] ; pll|altpll_component|auto_generated|pll1|clk[0] ; 48.828       ; 0.311      ; 59.996     ;
; -10.847 ; Holo:holo|CalcPhase:calcPhase|lpm_divide:mod|lpm_divide_suq:auto_generated|abs_divider_g5h:divider|alt_u_div_4rf:divider|DFFStage[7]       ; Holo:holo|CalcPhase:calcPhase|lpm_add_sub:normalize|add_sub_c8e:auto_generated|pipeline_dffe[7]_OTERM11         ; pll|altpll_component|auto_generated|pll1|clk[0] ; pll|altpll_component|auto_generated|pll1|clk[0] ; 48.828       ; 0.311      ; 59.987     ;
; -10.845 ; Holo:holo|CalcPhase:calcPhase|lpm_divide:mod|lpm_divide_suq:auto_generated|abs_divider_g5h:divider|alt_u_div_4rf:divider|DFFStage[3]       ; Holo:holo|CalcPhase:calcPhase|lpm_add_sub:normalize|add_sub_c8e:auto_generated|pipeline_dffe[3]                 ; pll|altpll_component|auto_generated|pll1|clk[0] ; pll|altpll_component|auto_generated|pll1|clk[0] ; 48.828       ; 0.311      ; 59.985     ;
; -10.829 ; Holo:holo|CalcPhase:calcPhase|lpm_divide:mod|lpm_divide_suq:auto_generated|abs_divider_g5h:divider|alt_u_div_4rf:divider|DFFStage[8]       ; Holo:holo|CalcPhase:calcPhase|lpm_add_sub:normalize|add_sub_c8e:auto_generated|pipeline_dffe[2]                 ; pll|altpll_component|auto_generated|pll1|clk[0] ; pll|altpll_component|auto_generated|pll1|clk[0] ; 48.828       ; 0.311      ; 59.969     ;
; -10.803 ; Holo:holo|CalcPhase:calcPhase|lpm_divide:mod|lpm_divide_suq:auto_generated|abs_divider_g5h:divider|alt_u_div_4rf:divider|DFFStage[8]       ; Holo:holo|CalcPhase:calcPhase|lpm_add_sub:normalize|add_sub_c8e:auto_generated|pipeline_dffe[3]                 ; pll|altpll_component|auto_generated|pll1|clk[0] ; pll|altpll_component|auto_generated|pll1|clk[0] ; 48.828       ; 0.311      ; 59.943     ;
; -10.727 ; Holo:holo|CalcPhase:calcPhase|lpm_divide:mod|lpm_divide_suq:auto_generated|abs_divider_g5h:divider|alt_u_div_4rf:divider|DFFStage[7]       ; Holo:holo|CalcPhase:calcPhase|lpm_add_sub:normalize|add_sub_c8e:auto_generated|pipeline_dffe[4]                 ; pll|altpll_component|auto_generated|pll1|clk[0] ; pll|altpll_component|auto_generated|pll1|clk[0] ; 48.828       ; 0.311      ; 59.867     ;
; -10.714 ; Holo:holo|CalcPhase:calcPhase|lpm_divide:mod|lpm_divide_suq:auto_generated|abs_divider_g5h:divider|alt_u_div_4rf:divider|DFFDenominator[8] ; Holo:holo|CalcPhase:calcPhase|lpm_add_sub:normalize|add_sub_c8e:auto_generated|pipeline_dffe[1]                 ; pll|altpll_component|auto_generated|pll1|clk[0] ; pll|altpll_component|auto_generated|pll1|clk[0] ; 48.828       ; 0.311      ; 59.854     ;
; -10.701 ; Holo:holo|CalcPhase:calcPhase|lpm_divide:mod|lpm_divide_suq:auto_generated|abs_divider_g5h:divider|alt_u_div_4rf:divider|DFFStage[7]       ; Holo:holo|CalcPhase:calcPhase|lpm_add_sub:normalize|add_sub_c8e:auto_generated|pipeline_dffe[5]                 ; pll|altpll_component|auto_generated|pll1|clk[0] ; pll|altpll_component|auto_generated|pll1|clk[0] ; 48.828       ; 0.311      ; 59.841     ;
; -10.664 ; Holo:holo|CalcPhase:calcPhase|lpm_divide:mod|lpm_divide_suq:auto_generated|abs_divider_g5h:divider|alt_u_div_4rf:divider|DFFNumerator[15]  ; Holo:holo|CalcPhase:calcPhase|lpm_add_sub:normalize|add_sub_c8e:auto_generated|pipeline_dffe[1]                 ; pll|altpll_component|auto_generated|pll1|clk[0] ; pll|altpll_component|auto_generated|pll1|clk[0] ; 48.828       ; 0.311      ; 59.804     ;
; -10.597 ; Holo:holo|CalcPhase:calcPhase|lpm_divide:mod|lpm_divide_suq:auto_generated|abs_divider_g5h:divider|alt_u_div_4rf:divider|DFFStage[0]       ; Holo:holo|CalcPhase:calcPhase|lpm_add_sub:normalize|add_sub_c8e:auto_generated|pipeline_dffe[1]                 ; pll|altpll_component|auto_generated|pll1|clk[0] ; pll|altpll_component|auto_generated|pll1|clk[0] ; 48.828       ; 0.311      ; 59.737     ;
; -10.581 ; Holo:holo|CalcPhase:calcPhase|lpm_divide:mod|lpm_divide_suq:auto_generated|abs_divider_g5h:divider|alt_u_div_4rf:divider|DFFStage[7]       ; Holo:holo|CalcPhase:calcPhase|lpm_add_sub:normalize|add_sub_c8e:auto_generated|pipeline_dffe[2]                 ; pll|altpll_component|auto_generated|pll1|clk[0] ; pll|altpll_component|auto_generated|pll1|clk[0] ; 48.828       ; 0.311      ; 59.721     ;
; -10.555 ; Holo:holo|CalcPhase:calcPhase|lpm_divide:mod|lpm_divide_suq:auto_generated|abs_divider_g5h:divider|alt_u_div_4rf:divider|DFFStage[7]       ; Holo:holo|CalcPhase:calcPhase|lpm_add_sub:normalize|add_sub_c8e:auto_generated|pipeline_dffe[3]                 ; pll|altpll_component|auto_generated|pll1|clk[0] ; pll|altpll_component|auto_generated|pll1|clk[0] ; 48.828       ; 0.311      ; 59.695     ;
; -10.452 ; Holo:holo|CalcPhase:calcPhase|lpm_divide:mod|lpm_divide_suq:auto_generated|abs_divider_g5h:divider|alt_u_div_4rf:divider|DFFStage[2]       ; Holo:holo|CalcPhase:calcPhase|lpm_add_sub:normalize|add_sub_c8e:auto_generated|pipeline_dffe[1]                 ; pll|altpll_component|auto_generated|pll1|clk[0] ; pll|altpll_component|auto_generated|pll1|clk[0] ; 48.828       ; 0.311      ; 59.592     ;
; -10.451 ; Holo:holo|CalcPhase:calcPhase|lpm_divide:mod|lpm_divide_suq:auto_generated|abs_divider_g5h:divider|alt_u_div_4rf:divider|DFFStage[4]       ; Holo:holo|CalcPhase:calcPhase|lpm_add_sub:normalize|add_sub_c8e:auto_generated|pipeline_dffe[1]                 ; pll|altpll_component|auto_generated|pll1|clk[0] ; pll|altpll_component|auto_generated|pll1|clk[0] ; 48.828       ; 0.311      ; 59.591     ;
; -10.357 ; Holo:holo|CalcPhase:calcPhase|lpm_divide:mod|lpm_divide_suq:auto_generated|abs_divider_g5h:divider|alt_u_div_4rf:divider|DFFStage[6]       ; Holo:holo|CalcPhase:calcPhase|lpm_add_sub:normalize|add_sub_c8e:auto_generated|pipeline_dffe[1]                 ; pll|altpll_component|auto_generated|pll1|clk[0] ; pll|altpll_component|auto_generated|pll1|clk[0] ; 48.828       ; 0.311      ; 59.497     ;
; -10.350 ; Holo:holo|CalcPhase:calcPhase|lpm_divide:mod|lpm_divide_suq:auto_generated|abs_divider_g5h:divider|alt_u_div_4rf:divider|DFFStage[1]       ; Holo:holo|CalcPhase:calcPhase|lpm_add_sub:normalize|add_sub_c8e:auto_generated|pipeline_dffe[1]                 ; pll|altpll_component|auto_generated|pll1|clk[0] ; pll|altpll_component|auto_generated|pll1|clk[0] ; 48.828       ; 0.311      ; 59.490     ;
; -10.220 ; Holo:holo|CalcPhase:calcPhase|lpm_divide:mod|lpm_divide_suq:auto_generated|abs_divider_g5h:divider|alt_u_div_4rf:divider|DFFStage[5]       ; Holo:holo|CalcPhase:calcPhase|lpm_add_sub:normalize|add_sub_c8e:auto_generated|pipeline_dffe[1]                 ; pll|altpll_component|auto_generated|pll1|clk[0] ; pll|altpll_component|auto_generated|pll1|clk[0] ; 48.828       ; 0.311      ; 59.360     ;
; -10.209 ; Holo:holo|CalcPhase:calcPhase|lpm_divide:mod|lpm_divide_suq:auto_generated|abs_divider_g5h:divider|alt_u_div_4rf:divider|DFFStage[3]       ; Holo:holo|CalcPhase:calcPhase|lpm_add_sub:normalize|add_sub_c8e:auto_generated|pipeline_dffe[1]                 ; pll|altpll_component|auto_generated|pll1|clk[0] ; pll|altpll_component|auto_generated|pll1|clk[0] ; 48.828       ; 0.311      ; 59.349     ;
; -10.167 ; Holo:holo|CalcPhase:calcPhase|lpm_divide:mod|lpm_divide_suq:auto_generated|abs_divider_g5h:divider|alt_u_div_4rf:divider|DFFStage[8]       ; Holo:holo|CalcPhase:calcPhase|lpm_add_sub:normalize|add_sub_c8e:auto_generated|pipeline_dffe[1]                 ; pll|altpll_component|auto_generated|pll1|clk[0] ; pll|altpll_component|auto_generated|pll1|clk[0] ; 48.828       ; 0.311      ; 59.307     ;
; -9.919  ; Holo:holo|CalcPhase:calcPhase|lpm_divide:mod|lpm_divide_suq:auto_generated|abs_divider_g5h:divider|alt_u_div_4rf:divider|DFFStage[7]       ; Holo:holo|CalcPhase:calcPhase|lpm_add_sub:normalize|add_sub_c8e:auto_generated|pipeline_dffe[1]                 ; pll|altpll_component|auto_generated|pll1|clk[0] ; pll|altpll_component|auto_generated|pll1|clk[0] ; 48.828       ; 0.311      ; 59.059     ;
; -9.393  ; Holo:holo|CalcPhase:calcPhase|lpm_divide:mod|lpm_divide_suq:auto_generated|abs_divider_g5h:divider|alt_u_div_4rf:divider|DFFDenominator[8] ; Holo:holo|CalcPhase:calcPhase|lpm_add_sub:normalize|add_sub_c8e:auto_generated|pipeline_dffe[7]_OTERM13_OTERM23 ; pll|altpll_component|auto_generated|pll1|clk[0] ; pll|altpll_component|auto_generated|pll1|clk[0] ; 48.828       ; -0.124     ; 58.098     ;
; -9.363  ; Holo:holo|CalcPhase:calcPhase|lpm_divide:mod|lpm_divide_suq:auto_generated|abs_divider_g5h:divider|alt_u_div_4rf:divider|DFFDenominator[8] ; Holo:holo|CalcPhase:calcPhase|lpm_add_sub:normalize|add_sub_c8e:auto_generated|pipeline_dffe[8]_OTERM7_OTERM27  ; pll|altpll_component|auto_generated|pll1|clk[0] ; pll|altpll_component|auto_generated|pll1|clk[0] ; 48.828       ; -0.124     ; 58.068     ;
; -9.343  ; Holo:holo|CalcPhase:calcPhase|lpm_divide:mod|lpm_divide_suq:auto_generated|abs_divider_g5h:divider|alt_u_div_4rf:divider|DFFNumerator[15]  ; Holo:holo|CalcPhase:calcPhase|lpm_add_sub:normalize|add_sub_c8e:auto_generated|pipeline_dffe[7]_OTERM13_OTERM23 ; pll|altpll_component|auto_generated|pll1|clk[0] ; pll|altpll_component|auto_generated|pll1|clk[0] ; 48.828       ; -0.124     ; 58.048     ;
; -9.313  ; Holo:holo|CalcPhase:calcPhase|lpm_divide:mod|lpm_divide_suq:auto_generated|abs_divider_g5h:divider|alt_u_div_4rf:divider|DFFNumerator[15]  ; Holo:holo|CalcPhase:calcPhase|lpm_add_sub:normalize|add_sub_c8e:auto_generated|pipeline_dffe[8]_OTERM7_OTERM27  ; pll|altpll_component|auto_generated|pll1|clk[0] ; pll|altpll_component|auto_generated|pll1|clk[0] ; 48.828       ; -0.124     ; 58.018     ;
; -9.276  ; Holo:holo|CalcPhase:calcPhase|lpm_divide:mod|lpm_divide_suq:auto_generated|abs_divider_g5h:divider|alt_u_div_4rf:divider|DFFStage[0]       ; Holo:holo|CalcPhase:calcPhase|lpm_add_sub:normalize|add_sub_c8e:auto_generated|pipeline_dffe[7]_OTERM13_OTERM23 ; pll|altpll_component|auto_generated|pll1|clk[0] ; pll|altpll_component|auto_generated|pll1|clk[0] ; 48.828       ; -0.124     ; 57.981     ;
; -9.246  ; Holo:holo|CalcPhase:calcPhase|lpm_divide:mod|lpm_divide_suq:auto_generated|abs_divider_g5h:divider|alt_u_div_4rf:divider|DFFStage[0]       ; Holo:holo|CalcPhase:calcPhase|lpm_add_sub:normalize|add_sub_c8e:auto_generated|pipeline_dffe[8]_OTERM7_OTERM27  ; pll|altpll_component|auto_generated|pll1|clk[0] ; pll|altpll_component|auto_generated|pll1|clk[0] ; 48.828       ; -0.124     ; 57.951     ;
; -9.191  ; Holo:holo|CalcPhase:calcPhase|lpm_divide:mod|lpm_divide_suq:auto_generated|abs_divider_g5h:divider|alt_u_div_4rf:divider|DFFDenominator[8] ; Holo:holo|CalcPhase:calcPhase|lpm_add_sub:normalize|add_sub_c8e:auto_generated|pipeline_dffe[0]_OTERM15         ; pll|altpll_component|auto_generated|pll1|clk[0] ; pll|altpll_component|auto_generated|pll1|clk[0] ; 48.828       ; 0.356      ; 58.376     ;
; -9.141  ; Holo:holo|CalcPhase:calcPhase|lpm_divide:mod|lpm_divide_suq:auto_generated|abs_divider_g5h:divider|alt_u_div_4rf:divider|DFFNumerator[15]  ; Holo:holo|CalcPhase:calcPhase|lpm_add_sub:normalize|add_sub_c8e:auto_generated|pipeline_dffe[0]_OTERM15         ; pll|altpll_component|auto_generated|pll1|clk[0] ; pll|altpll_component|auto_generated|pll1|clk[0] ; 48.828       ; 0.356      ; 58.326     ;
; -9.131  ; Holo:holo|CalcPhase:calcPhase|lpm_divide:mod|lpm_divide_suq:auto_generated|abs_divider_g5h:divider|alt_u_div_4rf:divider|DFFStage[2]       ; Holo:holo|CalcPhase:calcPhase|lpm_add_sub:normalize|add_sub_c8e:auto_generated|pipeline_dffe[7]_OTERM13_OTERM23 ; pll|altpll_component|auto_generated|pll1|clk[0] ; pll|altpll_component|auto_generated|pll1|clk[0] ; 48.828       ; -0.124     ; 57.836     ;
; -9.130  ; Holo:holo|CalcPhase:calcPhase|lpm_divide:mod|lpm_divide_suq:auto_generated|abs_divider_g5h:divider|alt_u_div_4rf:divider|DFFStage[4]       ; Holo:holo|CalcPhase:calcPhase|lpm_add_sub:normalize|add_sub_c8e:auto_generated|pipeline_dffe[7]_OTERM13_OTERM23 ; pll|altpll_component|auto_generated|pll1|clk[0] ; pll|altpll_component|auto_generated|pll1|clk[0] ; 48.828       ; -0.124     ; 57.835     ;
; -9.101  ; Holo:holo|CalcPhase:calcPhase|lpm_divide:mod|lpm_divide_suq:auto_generated|abs_divider_g5h:divider|alt_u_div_4rf:divider|DFFStage[2]       ; Holo:holo|CalcPhase:calcPhase|lpm_add_sub:normalize|add_sub_c8e:auto_generated|pipeline_dffe[8]_OTERM7_OTERM27  ; pll|altpll_component|auto_generated|pll1|clk[0] ; pll|altpll_component|auto_generated|pll1|clk[0] ; 48.828       ; -0.124     ; 57.806     ;
; -9.100  ; Holo:holo|CalcPhase:calcPhase|lpm_divide:mod|lpm_divide_suq:auto_generated|abs_divider_g5h:divider|alt_u_div_4rf:divider|DFFStage[4]       ; Holo:holo|CalcPhase:calcPhase|lpm_add_sub:normalize|add_sub_c8e:auto_generated|pipeline_dffe[8]_OTERM7_OTERM27  ; pll|altpll_component|auto_generated|pll1|clk[0] ; pll|altpll_component|auto_generated|pll1|clk[0] ; 48.828       ; -0.124     ; 57.805     ;
+---------+--------------------------------------------------------------------------------------------------------------------------------------------+-----------------------------------------------------------------------------------------------------------------+-------------------------------------------------+-------------------------------------------------+--------------+------------+------------+


+------------------------------------------------------------------------------------------------------------------------------------+
; Slow 1200mV 85C Model Setup: 'sck'                                                                                                 ;
+--------+------------------------+----------------------------+--------------+-------------+--------------+------------+------------+
; Slack  ; From Node              ; To Node                    ; Launch Clock ; Latch Clock ; Relationship ; Clock Skew ; Data Delay ;
+--------+------------------------+----------------------------+--------------+-------------+--------------+------------+------------+
; -1.358 ; Holo:holo|spiBitCnt[2] ; Holo:holo|spiByteBuffer[3] ; sck          ; sck         ; 1.000        ; -0.080     ; 2.279      ;
; -1.358 ; Holo:holo|spiBitCnt[2] ; Holo:holo|spiByteBuffer[2] ; sck          ; sck         ; 1.000        ; -0.080     ; 2.279      ;
; -1.358 ; Holo:holo|spiBitCnt[2] ; Holo:holo|spiByteBuffer[7] ; sck          ; sck         ; 1.000        ; -0.080     ; 2.279      ;
; -1.358 ; Holo:holo|spiBitCnt[2] ; Holo:holo|spiByteBuffer[4] ; sck          ; sck         ; 1.000        ; -0.080     ; 2.279      ;
; -1.358 ; Holo:holo|spiBitCnt[2] ; Holo:holo|spiByteBuffer[6] ; sck          ; sck         ; 1.000        ; -0.080     ; 2.279      ;
; -1.358 ; Holo:holo|spiBitCnt[2] ; Holo:holo|spiByteBuffer[1] ; sck          ; sck         ; 1.000        ; -0.080     ; 2.279      ;
; -1.358 ; Holo:holo|spiBitCnt[2] ; Holo:holo|spiByteBuffer[5] ; sck          ; sck         ; 1.000        ; -0.080     ; 2.279      ;
; -1.358 ; Holo:holo|spiBitCnt[2] ; Holo:holo|spiByteBuffer[0] ; sck          ; sck         ; 1.000        ; -0.080     ; 2.279      ;
; -1.246 ; Holo:holo|spiBitCnt[1] ; Holo:holo|spiByteBuffer[2] ; sck          ; sck         ; 1.000        ; -0.080     ; 2.167      ;
; -1.246 ; Holo:holo|spiBitCnt[1] ; Holo:holo|spiByteBuffer[0] ; sck          ; sck         ; 1.000        ; -0.080     ; 2.167      ;
; -1.246 ; Holo:holo|spiBitCnt[1] ; Holo:holo|spiByteBuffer[7] ; sck          ; sck         ; 1.000        ; -0.080     ; 2.167      ;
; -1.246 ; Holo:holo|spiBitCnt[1] ; Holo:holo|spiByteBuffer[1] ; sck          ; sck         ; 1.000        ; -0.080     ; 2.167      ;
; -1.246 ; Holo:holo|spiBitCnt[1] ; Holo:holo|spiByteBuffer[5] ; sck          ; sck         ; 1.000        ; -0.080     ; 2.167      ;
; -1.246 ; Holo:holo|spiBitCnt[1] ; Holo:holo|spiByteBuffer[6] ; sck          ; sck         ; 1.000        ; -0.080     ; 2.167      ;
; -1.246 ; Holo:holo|spiBitCnt[1] ; Holo:holo|spiByteBuffer[4] ; sck          ; sck         ; 1.000        ; -0.080     ; 2.167      ;
; -1.246 ; Holo:holo|spiBitCnt[1] ; Holo:holo|spiByteBuffer[3] ; sck          ; sck         ; 1.000        ; -0.080     ; 2.167      ;
; -1.094 ; Holo:holo|spiBitCnt[0] ; Holo:holo|spiByteBuffer[6] ; sck          ; sck         ; 1.000        ; -0.080     ; 2.015      ;
; -1.094 ; Holo:holo|spiBitCnt[0] ; Holo:holo|spiByteBuffer[1] ; sck          ; sck         ; 1.000        ; -0.080     ; 2.015      ;
; -1.094 ; Holo:holo|spiBitCnt[0] ; Holo:holo|spiByteBuffer[0] ; sck          ; sck         ; 1.000        ; -0.080     ; 2.015      ;
; -1.094 ; Holo:holo|spiBitCnt[0] ; Holo:holo|spiByteBuffer[5] ; sck          ; sck         ; 1.000        ; -0.080     ; 2.015      ;
; -1.094 ; Holo:holo|spiBitCnt[0] ; Holo:holo|spiByteBuffer[4] ; sck          ; sck         ; 1.000        ; -0.080     ; 2.015      ;
; -1.094 ; Holo:holo|spiBitCnt[0] ; Holo:holo|spiByteBuffer[3] ; sck          ; sck         ; 1.000        ; -0.080     ; 2.015      ;
; -1.094 ; Holo:holo|spiBitCnt[0] ; Holo:holo|spiByteBuffer[7] ; sck          ; sck         ; 1.000        ; -0.080     ; 2.015      ;
; -1.094 ; Holo:holo|spiBitCnt[0] ; Holo:holo|spiByteBuffer[2] ; sck          ; sck         ; 1.000        ; -0.080     ; 2.015      ;
; -0.598 ; Holo:holo|spiBitCnt[1] ; Holo:holo|spiByteAvailable ; sck          ; sck         ; 1.000        ; -0.081     ; 1.518      ;
; -0.533 ; Holo:holo|spiBitCnt[1] ; Holo:holo|spiBitCnt[2]     ; sck          ; sck         ; 1.000        ; -0.081     ; 1.453      ;
; -0.396 ; Holo:holo|spiBitCnt[0] ; Holo:holo|spiBitCnt[1]     ; sck          ; sck         ; 1.000        ; -0.081     ; 1.316      ;
; -0.352 ; Holo:holo|spiBitCnt[2] ; Holo:holo|spiByteAvailable ; sck          ; sck         ; 1.000        ; -0.081     ; 1.272      ;
; -0.341 ; Holo:holo|spiBitCnt[0] ; Holo:holo|spiBitCnt[2]     ; sck          ; sck         ; 1.000        ; -0.081     ; 1.261      ;
; -0.203 ; Holo:holo|spiBitCnt[0] ; Holo:holo|spiByteAvailable ; sck          ; sck         ; 1.000        ; -0.081     ; 1.123      ;
; -0.161 ; Holo:holo|spiByte[1]   ; Holo:holo|spiByteBuffer[2] ; sck          ; sck         ; 1.000        ; -0.081     ; 1.081      ;
; -0.161 ; Holo:holo|spiByte[1]   ; Holo:holo|spiByte[2]       ; sck          ; sck         ; 1.000        ; -0.081     ; 1.081      ;
; 0.025  ; Holo:holo|spiByte[4]   ; Holo:holo|spiByteBuffer[5] ; sck          ; sck         ; 1.000        ; -0.081     ; 0.895      ;
; 0.026  ; Holo:holo|spiByte[4]   ; Holo:holo|spiByte[5]       ; sck          ; sck         ; 1.000        ; -0.081     ; 0.894      ;
; 0.026  ; Holo:holo|spiByte[5]   ; Holo:holo|spiByte[6]       ; sck          ; sck         ; 1.000        ; -0.081     ; 0.894      ;
; 0.026  ; Holo:holo|spiByte[0]   ; Holo:holo|spiByteBuffer[1] ; sck          ; sck         ; 1.000        ; -0.081     ; 0.894      ;
; 0.026  ; Holo:holo|spiByte[2]   ; Holo:holo|spiByte[3]       ; sck          ; sck         ; 1.000        ; -0.081     ; 0.894      ;
; 0.026  ; Holo:holo|spiByte[3]   ; Holo:holo|spiByte[4]       ; sck          ; sck         ; 1.000        ; -0.081     ; 0.894      ;
; 0.026  ; Holo:holo|spiByte[2]   ; Holo:holo|spiByteBuffer[3] ; sck          ; sck         ; 1.000        ; -0.081     ; 0.894      ;
; 0.026  ; Holo:holo|spiByte[5]   ; Holo:holo|spiByteBuffer[6] ; sck          ; sck         ; 1.000        ; -0.081     ; 0.894      ;
; 0.027  ; Holo:holo|spiByte[3]   ; Holo:holo|spiByteBuffer[4] ; sck          ; sck         ; 1.000        ; -0.081     ; 0.893      ;
; 0.028  ; Holo:holo|spiByte[0]   ; Holo:holo|spiByte[1]       ; sck          ; sck         ; 1.000        ; -0.081     ; 0.892      ;
; 0.040  ; Holo:holo|spiByte[6]   ; Holo:holo|spiByteBuffer[7] ; sck          ; sck         ; 1.000        ; -0.081     ; 0.880      ;
; 0.062  ; Holo:holo|spiBitCnt[2] ; Holo:holo|spiBitCnt[2]     ; sck          ; sck         ; 1.000        ; -0.081     ; 0.858      ;
; 0.062  ; Holo:holo|spiBitCnt[1] ; Holo:holo|spiBitCnt[1]     ; sck          ; sck         ; 1.000        ; -0.081     ; 0.858      ;
; 0.062  ; Holo:holo|spiBitCnt[0] ; Holo:holo|spiBitCnt[0]     ; sck          ; sck         ; 1.000        ; -0.081     ; 0.858      ;
+--------+------------------------+----------------------------+--------------+-------------+--------------+------------+------------+


+------------------------------------------------------------------------------------------------------------------------------------------------------------------------------------------------------------------------------------------------------------------------------------------------------------------------------------+
; Slow 1200mV 85C Model Hold: 'pll|altpll_component|auto_generated|pll1|clk[0]'                                                                                                                                                                                                                                                      ;
+-------+------------------------------------------------+------------------------------------------------------------------------------------------------------------------------------+-------------------------------------------------+-------------------------------------------------+--------------+------------+------------+
; Slack ; From Node                                      ; To Node                                                                                                                      ; Launch Clock                                    ; Latch Clock                                     ; Relationship ; Clock Skew ; Data Delay ;
+-------+------------------------------------------------+------------------------------------------------------------------------------------------------------------------------------+-------------------------------------------------+-------------------------------------------------+--------------+------------+------------+
; 0.415 ; Holo:holo|ramWriteData[10]                     ; Holo:holo|PosColRam:posColRam|altsyncram:altsyncram_component|altsyncram_4pn1:auto_generated|ram_block1a10~porta_datain_reg0 ; pll|altpll_component|auto_generated|pll1|clk[0] ; pll|altpll_component|auto_generated|pll1|clk[0] ; 0.000        ; 0.486      ; 1.155      ;
; 0.422 ; Holo:holo|ramWriteData[19]                     ; Holo:holo|PosColRam:posColRam|altsyncram:altsyncram_component|altsyncram_4pn1:auto_generated|ram_block1a19~porta_datain_reg0 ; pll|altpll_component|auto_generated|pll1|clk[0] ; pll|altpll_component|auto_generated|pll1|clk[0] ; 0.000        ; 0.487      ; 1.163      ;
; 0.428 ; Holo:holo|ramWriteData[17]                     ; Holo:holo|PosColRam:posColRam|altsyncram:altsyncram_component|altsyncram_4pn1:auto_generated|ram_block1a17~porta_datain_reg0 ; pll|altpll_component|auto_generated|pll1|clk[0] ; pll|altpll_component|auto_generated|pll1|clk[0] ; 0.000        ; 0.481      ; 1.163      ;
; 0.429 ; Holo:holo|ramWriteData[28]                     ; Holo:holo|PosColRam:posColRam|altsyncram:altsyncram_component|altsyncram_4pn1:auto_generated|ram_block1a28~porta_datain_reg0 ; pll|altpll_component|auto_generated|pll1|clk[0] ; pll|altpll_component|auto_generated|pll1|clk[0] ; 0.000        ; 0.480      ; 1.163      ;
; 0.452 ; Holo:holo|PwmCtrl:pwmCtrl|PWM:pwm[24]|outRaw   ; Holo:holo|PwmCtrl:pwmCtrl|PWM:pwm[24]|outRaw                                                                                 ; pll|altpll_component|auto_generated|pll1|clk[0] ; pll|altpll_component|auto_generated|pll1|clk[0] ; 0.000        ; 0.082      ; 0.746      ;
; 0.452 ; Holo:holo|PwmCtrl:pwmCtrl|PWM:pwm[8]|outRaw    ; Holo:holo|PwmCtrl:pwmCtrl|PWM:pwm[8]|outRaw                                                                                  ; pll|altpll_component|auto_generated|pll1|clk[0] ; pll|altpll_component|auto_generated|pll1|clk[0] ; 0.000        ; 0.082      ; 0.746      ;
; 0.452 ; Holo:holo|CalcPhase:calcPhase|phaseEnabled[11] ; Holo:holo|CalcPhase:calcPhase|phaseEnabled[11]                                                                               ; pll|altpll_component|auto_generated|pll1|clk[0] ; pll|altpll_component|auto_generated|pll1|clk[0] ; 0.000        ; 0.082      ; 0.746      ;
; 0.452 ; Holo:holo|PwmCtrl:pwmCtrl|PWM:pwm[1]|outRaw    ; Holo:holo|PwmCtrl:pwmCtrl|PWM:pwm[1]|outRaw                                                                                  ; pll|altpll_component|auto_generated|pll1|clk[0] ; pll|altpll_component|auto_generated|pll1|clk[0] ; 0.000        ; 0.082      ; 0.746      ;
; 0.452 ; Holo:holo|PwmCtrl:pwmCtrl|PWM:pwm[3]|outRaw    ; Holo:holo|PwmCtrl:pwmCtrl|PWM:pwm[3]|outRaw                                                                                  ; pll|altpll_component|auto_generated|pll1|clk[0] ; pll|altpll_component|auto_generated|pll1|clk[0] ; 0.000        ; 0.082      ; 0.746      ;
; 0.452 ; Holo:holo|PwmCtrl:pwmCtrl|PWM:pwm[4]|outRaw    ; Holo:holo|PwmCtrl:pwmCtrl|PWM:pwm[4]|outRaw                                                                                  ; pll|altpll_component|auto_generated|pll1|clk[0] ; pll|altpll_component|auto_generated|pll1|clk[0] ; 0.000        ; 0.082      ; 0.746      ;
; 0.452 ; Holo:holo|PwmCtrl:pwmCtrl|PWM:pwm[6]|outRaw    ; Holo:holo|PwmCtrl:pwmCtrl|PWM:pwm[6]|outRaw                                                                                  ; pll|altpll_component|auto_generated|pll1|clk[0] ; pll|altpll_component|auto_generated|pll1|clk[0] ; 0.000        ; 0.082      ; 0.746      ;
; 0.452 ; Holo:holo|PwmCtrl:pwmCtrl|PWM:pwm[7]|outRaw    ; Holo:holo|PwmCtrl:pwmCtrl|PWM:pwm[7]|outRaw                                                                                  ; pll|altpll_component|auto_generated|pll1|clk[0] ; pll|altpll_component|auto_generated|pll1|clk[0] ; 0.000        ; 0.082      ; 0.746      ;
; 0.452 ; Holo:holo|PwmCtrl:pwmCtrl|PWM:pwm[9]|outRaw    ; Holo:holo|PwmCtrl:pwmCtrl|PWM:pwm[9]|outRaw                                                                                  ; pll|altpll_component|auto_generated|pll1|clk[0] ; pll|altpll_component|auto_generated|pll1|clk[0] ; 0.000        ; 0.082      ; 0.746      ;
; 0.452 ; Holo:holo|PwmCtrl:pwmCtrl|PWM:pwm[10]|outRaw   ; Holo:holo|PwmCtrl:pwmCtrl|PWM:pwm[10]|outRaw                                                                                 ; pll|altpll_component|auto_generated|pll1|clk[0] ; pll|altpll_component|auto_generated|pll1|clk[0] ; 0.000        ; 0.082      ; 0.746      ;
; 0.452 ; Reset:reset|cnt[1]                             ; Reset:reset|cnt[1]                                                                                                           ; pll|altpll_component|auto_generated|pll1|clk[0] ; pll|altpll_component|auto_generated|pll1|clk[0] ; 0.000        ; 0.082      ; 0.746      ;
; 0.452 ; Holo:holo|PwmCtrl:pwmCtrl|PWM:pwm[19]|outRaw   ; Holo:holo|PwmCtrl:pwmCtrl|PWM:pwm[19]|outRaw                                                                                 ; pll|altpll_component|auto_generated|pll1|clk[0] ; pll|altpll_component|auto_generated|pll1|clk[0] ; 0.000        ; 0.082      ; 0.746      ;
; 0.452 ; Holo:holo|PwmCtrl:pwmCtrl|PWM:pwm[25]|outRaw   ; Holo:holo|PwmCtrl:pwmCtrl|PWM:pwm[25]|outRaw                                                                                 ; pll|altpll_component|auto_generated|pll1|clk[0] ; pll|altpll_component|auto_generated|pll1|clk[0] ; 0.000        ; 0.082      ; 0.746      ;
; 0.452 ; Holo:holo|CalcPhase:calcPhase|state[0]         ; Holo:holo|CalcPhase:calcPhase|state[0]                                                                                       ; pll|altpll_component|auto_generated|pll1|clk[0] ; pll|altpll_component|auto_generated|pll1|clk[0] ; 0.000        ; 0.082      ; 0.746      ;
; 0.452 ; Holo:holo|PwmCtrl:pwmCtrl|PWM:pwm[2]|outRaw    ; Holo:holo|PwmCtrl:pwmCtrl|PWM:pwm[2]|outRaw                                                                                  ; pll|altpll_component|auto_generated|pll1|clk[0] ; pll|altpll_component|auto_generated|pll1|clk[0] ; 0.000        ; 0.082      ; 0.746      ;
; 0.452 ; Holo:holo|PwmCtrl:pwmCtrl|PWM:pwm[0]|outRaw    ; Holo:holo|PwmCtrl:pwmCtrl|PWM:pwm[0]|outRaw                                                                                  ; pll|altpll_component|auto_generated|pll1|clk[0] ; pll|altpll_component|auto_generated|pll1|clk[0] ; 0.000        ; 0.082      ; 0.746      ;
; 0.452 ; Holo:holo|CalcPhase:calcPhase|phaseEnabled[9]  ; Holo:holo|CalcPhase:calcPhase|phaseEnabled[9]                                                                                ; pll|altpll_component|auto_generated|pll1|clk[0] ; pll|altpll_component|auto_generated|pll1|clk[0] ; 0.000        ; 0.082      ; 0.746      ;
; 0.452 ; Holo:holo|CalcPhase:calcPhase|phaseEnabled[10] ; Holo:holo|CalcPhase:calcPhase|phaseEnabled[10]                                                                               ; pll|altpll_component|auto_generated|pll1|clk[0] ; pll|altpll_component|auto_generated|pll1|clk[0] ; 0.000        ; 0.082      ; 0.746      ;
; 0.452 ; Holo:holo|CalcPhase:calcPhase|phaseEnabled[12] ; Holo:holo|CalcPhase:calcPhase|phaseEnabled[12]                                                                               ; pll|altpll_component|auto_generated|pll1|clk[0] ; pll|altpll_component|auto_generated|pll1|clk[0] ; 0.000        ; 0.082      ; 0.746      ;
; 0.452 ; Holo:holo|CalcPhase:calcPhase|phaseEnabled[13] ; Holo:holo|CalcPhase:calcPhase|phaseEnabled[13]                                                                               ; pll|altpll_component|auto_generated|pll1|clk[0] ; pll|altpll_component|auto_generated|pll1|clk[0] ; 0.000        ; 0.082      ; 0.746      ;
; 0.452 ; Holo:holo|CalcPhase:calcPhase|phaseEnabled[14] ; Holo:holo|CalcPhase:calcPhase|phaseEnabled[14]                                                                               ; pll|altpll_component|auto_generated|pll1|clk[0] ; pll|altpll_component|auto_generated|pll1|clk[0] ; 0.000        ; 0.082      ; 0.746      ;
; 0.452 ; Holo:holo|CalcPhase:calcPhase|phaseEnabled[15] ; Holo:holo|CalcPhase:calcPhase|phaseEnabled[15]                                                                               ; pll|altpll_component|auto_generated|pll1|clk[0] ; pll|altpll_component|auto_generated|pll1|clk[0] ; 0.000        ; 0.082      ; 0.746      ;
; 0.452 ; Holo:holo|CalcPhase:calcPhase|phaseEnabled[41] ; Holo:holo|CalcPhase:calcPhase|phaseEnabled[41]                                                                               ; pll|altpll_component|auto_generated|pll1|clk[0] ; pll|altpll_component|auto_generated|pll1|clk[0] ; 0.000        ; 0.082      ; 0.746      ;
; 0.452 ; Holo:holo|CalcPhase:calcPhase|phaseEnabled[42] ; Holo:holo|CalcPhase:calcPhase|phaseEnabled[42]                                                                               ; pll|altpll_component|auto_generated|pll1|clk[0] ; pll|altpll_component|auto_generated|pll1|clk[0] ; 0.000        ; 0.082      ; 0.746      ;
; 0.452 ; Holo:holo|CalcPhase:calcPhase|phaseEnabled[43] ; Holo:holo|CalcPhase:calcPhase|phaseEnabled[43]                                                                               ; pll|altpll_component|auto_generated|pll1|clk[0] ; pll|altpll_component|auto_generated|pll1|clk[0] ; 0.000        ; 0.082      ; 0.746      ;
; 0.452 ; Holo:holo|CalcPhase:calcPhase|phaseEnabled[44] ; Holo:holo|CalcPhase:calcPhase|phaseEnabled[44]                                                                               ; pll|altpll_component|auto_generated|pll1|clk[0] ; pll|altpll_component|auto_generated|pll1|clk[0] ; 0.000        ; 0.082      ; 0.746      ;
; 0.452 ; Holo:holo|CalcPhase:calcPhase|phaseEnabled[45] ; Holo:holo|CalcPhase:calcPhase|phaseEnabled[45]                                                                               ; pll|altpll_component|auto_generated|pll1|clk[0] ; pll|altpll_component|auto_generated|pll1|clk[0] ; 0.000        ; 0.082      ; 0.746      ;
; 0.452 ; Holo:holo|CalcPhase:calcPhase|phaseEnabled[46] ; Holo:holo|CalcPhase:calcPhase|phaseEnabled[46]                                                                               ; pll|altpll_component|auto_generated|pll1|clk[0] ; pll|altpll_component|auto_generated|pll1|clk[0] ; 0.000        ; 0.082      ; 0.746      ;
; 0.452 ; Holo:holo|CalcPhase:calcPhase|phaseEnabled[47] ; Holo:holo|CalcPhase:calcPhase|phaseEnabled[47]                                                                               ; pll|altpll_component|auto_generated|pll1|clk[0] ; pll|altpll_component|auto_generated|pll1|clk[0] ; 0.000        ; 0.082      ; 0.746      ;
; 0.452 ; Holo:holo|LEDen                                ; Holo:holo|LEDen                                                                                                              ; pll|altpll_component|auto_generated|pll1|clk[0] ; pll|altpll_component|auto_generated|pll1|clk[0] ; 0.000        ; 0.082      ; 0.746      ;
; 0.452 ; Holo:holo|PwmCtrl:pwmCtrl|PWM:pwm[48]|outRaw   ; Holo:holo|PwmCtrl:pwmCtrl|PWM:pwm[48]|outRaw                                                                                 ; pll|altpll_component|auto_generated|pll1|clk[0] ; pll|altpll_component|auto_generated|pll1|clk[0] ; 0.000        ; 0.082      ; 0.746      ;
; 0.452 ; Holo:holo|PwmCtrl:pwmCtrl|PWM:pwm[46]|outRaw   ; Holo:holo|PwmCtrl:pwmCtrl|PWM:pwm[46]|outRaw                                                                                 ; pll|altpll_component|auto_generated|pll1|clk[0] ; pll|altpll_component|auto_generated|pll1|clk[0] ; 0.000        ; 0.082      ; 0.746      ;
; 0.452 ; Reset:reset|cnt[2]                             ; Reset:reset|cnt[2]                                                                                                           ; pll|altpll_component|auto_generated|pll1|clk[0] ; pll|altpll_component|auto_generated|pll1|clk[0] ; 0.000        ; 0.082      ; 0.746      ;
; 0.452 ; Holo:holo|PwmCtrl:pwmCtrl|PWM:pwm[42]|outRaw   ; Holo:holo|PwmCtrl:pwmCtrl|PWM:pwm[42]|outRaw                                                                                 ; pll|altpll_component|auto_generated|pll1|clk[0] ; pll|altpll_component|auto_generated|pll1|clk[0] ; 0.000        ; 0.082      ; 0.746      ;
; 0.452 ; Holo:holo|CalcPhase:calcPhase|rState[1]        ; Holo:holo|CalcPhase:calcPhase|rState[1]                                                                                      ; pll|altpll_component|auto_generated|pll1|clk[0] ; pll|altpll_component|auto_generated|pll1|clk[0] ; 0.000        ; 0.082      ; 0.746      ;
; 0.452 ; Holo:holo|PwmCtrl:pwmCtrl|PWM:pwm[35]|outRaw   ; Holo:holo|PwmCtrl:pwmCtrl|PWM:pwm[35]|outRaw                                                                                 ; pll|altpll_component|auto_generated|pll1|clk[0] ; pll|altpll_component|auto_generated|pll1|clk[0] ; 0.000        ; 0.082      ; 0.746      ;
; 0.452 ; Holo:holo|PwmCtrl:pwmCtrl|syncDetected         ; Holo:holo|PwmCtrl:pwmCtrl|syncDetected                                                                                       ; pll|altpll_component|auto_generated|pll1|clk[0] ; pll|altpll_component|auto_generated|pll1|clk[0] ; 0.000        ; 0.082      ; 0.746      ;
; 0.452 ; Holo:holo|PwmCtrl:pwmCtrl|PWM:pwm[34]|outRaw   ; Holo:holo|PwmCtrl:pwmCtrl|PWM:pwm[34]|outRaw                                                                                 ; pll|altpll_component|auto_generated|pll1|clk[0] ; pll|altpll_component|auto_generated|pll1|clk[0] ; 0.000        ; 0.082      ; 0.746      ;
; 0.452 ; Holo:holo|PwmCtrl:pwmCtrl|PWM:pwm[31]|outRaw   ; Holo:holo|PwmCtrl:pwmCtrl|PWM:pwm[31]|outRaw                                                                                 ; pll|altpll_component|auto_generated|pll1|clk[0] ; pll|altpll_component|auto_generated|pll1|clk[0] ; 0.000        ; 0.082      ; 0.746      ;
; 0.452 ; Holo:holo|PwmCtrl:pwmCtrl|PWM:pwm[30]|outRaw   ; Holo:holo|PwmCtrl:pwmCtrl|PWM:pwm[30]|outRaw                                                                                 ; pll|altpll_component|auto_generated|pll1|clk[0] ; pll|altpll_component|auto_generated|pll1|clk[0] ; 0.000        ; 0.082      ; 0.746      ;
; 0.452 ; Holo:holo|PwmCtrl:pwmCtrl|PWM:pwm[29]|outRaw   ; Holo:holo|PwmCtrl:pwmCtrl|PWM:pwm[29]|outRaw                                                                                 ; pll|altpll_component|auto_generated|pll1|clk[0] ; pll|altpll_component|auto_generated|pll1|clk[0] ; 0.000        ; 0.082      ; 0.746      ;
; 0.453 ; Holo:holo|PwmCtrl:pwmCtrl|PWM:pwm[22]|outRaw   ; Holo:holo|PwmCtrl:pwmCtrl|PWM:pwm[22]|outRaw                                                                                 ; pll|altpll_component|auto_generated|pll1|clk[0] ; pll|altpll_component|auto_generated|pll1|clk[0] ; 0.000        ; 0.081      ; 0.746      ;
; 0.453 ; Holo:holo|PwmCtrl:pwmCtrl|PWM:pwm[18]|outRaw   ; Holo:holo|PwmCtrl:pwmCtrl|PWM:pwm[18]|outRaw                                                                                 ; pll|altpll_component|auto_generated|pll1|clk[0] ; pll|altpll_component|auto_generated|pll1|clk[0] ; 0.000        ; 0.081      ; 0.746      ;
; 0.453 ; Holo:holo|CalcPhase:calcPhase|phaseEnabled[6]  ; Holo:holo|CalcPhase:calcPhase|phaseEnabled[6]                                                                                ; pll|altpll_component|auto_generated|pll1|clk[0] ; pll|altpll_component|auto_generated|pll1|clk[0] ; 0.000        ; 0.081      ; 0.746      ;
; 0.453 ; Holo:holo|PwmCtrl:pwmCtrl|PWM:pwm[11]|outRaw   ; Holo:holo|PwmCtrl:pwmCtrl|PWM:pwm[11]|outRaw                                                                                 ; pll|altpll_component|auto_generated|pll1|clk[0] ; pll|altpll_component|auto_generated|pll1|clk[0] ; 0.000        ; 0.081      ; 0.746      ;
; 0.453 ; Holo:holo|CalcPhase:calcPhase|phaseEnabled[2]  ; Holo:holo|CalcPhase:calcPhase|phaseEnabled[2]                                                                                ; pll|altpll_component|auto_generated|pll1|clk[0] ; pll|altpll_component|auto_generated|pll1|clk[0] ; 0.000        ; 0.081      ; 0.746      ;
; 0.453 ; Holo:holo|PwmCtrl:pwmCtrl|PWM:pwm[20]|outRaw   ; Holo:holo|PwmCtrl:pwmCtrl|PWM:pwm[20]|outRaw                                                                                 ; pll|altpll_component|auto_generated|pll1|clk[0] ; pll|altpll_component|auto_generated|pll1|clk[0] ; 0.000        ; 0.081      ; 0.746      ;
; 0.453 ; Holo:holo|CalcPhase:calcPhase|phaseEnabled[1]  ; Holo:holo|CalcPhase:calcPhase|phaseEnabled[1]                                                                                ; pll|altpll_component|auto_generated|pll1|clk[0] ; pll|altpll_component|auto_generated|pll1|clk[0] ; 0.000        ; 0.081      ; 0.746      ;
; 0.453 ; Holo:holo|PwmCtrl:pwmCtrl|PWM:pwm[5]|outRaw    ; Holo:holo|PwmCtrl:pwmCtrl|PWM:pwm[5]|outRaw                                                                                  ; pll|altpll_component|auto_generated|pll1|clk[0] ; pll|altpll_component|auto_generated|pll1|clk[0] ; 0.000        ; 0.081      ; 0.746      ;
; 0.453 ; Holo:holo|readBufState[0]                      ; Holo:holo|readBufState[0]                                                                                                    ; pll|altpll_component|auto_generated|pll1|clk[0] ; pll|altpll_component|auto_generated|pll1|clk[0] ; 0.000        ; 0.081      ; 0.746      ;
; 0.453 ; Holo:holo|readBufState[1]                      ; Holo:holo|readBufState[1]                                                                                                    ; pll|altpll_component|auto_generated|pll1|clk[0] ; pll|altpll_component|auto_generated|pll1|clk[0] ; 0.000        ; 0.081      ; 0.746      ;
; 0.453 ; Holo:holo|PwmCtrl:pwmCtrl|PWM:pwm[26]|outRaw   ; Holo:holo|PwmCtrl:pwmCtrl|PWM:pwm[26]|outRaw                                                                                 ; pll|altpll_component|auto_generated|pll1|clk[0] ; pll|altpll_component|auto_generated|pll1|clk[0] ; 0.000        ; 0.081      ; 0.746      ;
; 0.453 ; Holo:holo|PwmCtrl:pwmCtrl|PWM:pwm[23]|outRaw   ; Holo:holo|PwmCtrl:pwmCtrl|PWM:pwm[23]|outRaw                                                                                 ; pll|altpll_component|auto_generated|pll1|clk[0] ; pll|altpll_component|auto_generated|pll1|clk[0] ; 0.000        ; 0.081      ; 0.746      ;
; 0.453 ; Holo:holo|PwmCtrl:pwmCtrl|PWM:pwm[27]|outRaw   ; Holo:holo|PwmCtrl:pwmCtrl|PWM:pwm[27]|outRaw                                                                                 ; pll|altpll_component|auto_generated|pll1|clk[0] ; pll|altpll_component|auto_generated|pll1|clk[0] ; 0.000        ; 0.081      ; 0.746      ;
; 0.453 ; Holo:holo|directPhaseMode                      ; Holo:holo|directPhaseMode                                                                                                    ; pll|altpll_component|auto_generated|pll1|clk[0] ; pll|altpll_component|auto_generated|pll1|clk[0] ; 0.000        ; 0.081      ; 0.746      ;
; 0.453 ; Holo:holo|CalcPhase:calcPhase|phaseEnabled[0]  ; Holo:holo|CalcPhase:calcPhase|phaseEnabled[0]                                                                                ; pll|altpll_component|auto_generated|pll1|clk[0] ; pll|altpll_component|auto_generated|pll1|clk[0] ; 0.000        ; 0.081      ; 0.746      ;
; 0.453 ; Holo:holo|PwmCtrl:pwmCtrl|PWM:pwm[12]|outRaw   ; Holo:holo|PwmCtrl:pwmCtrl|PWM:pwm[12]|outRaw                                                                                 ; pll|altpll_component|auto_generated|pll1|clk[0] ; pll|altpll_component|auto_generated|pll1|clk[0] ; 0.000        ; 0.081      ; 0.746      ;
; 0.453 ; Holo:holo|PwmCtrl:pwmCtrl|PWM:pwm[14]|outRaw   ; Holo:holo|PwmCtrl:pwmCtrl|PWM:pwm[14]|outRaw                                                                                 ; pll|altpll_component|auto_generated|pll1|clk[0] ; pll|altpll_component|auto_generated|pll1|clk[0] ; 0.000        ; 0.081      ; 0.746      ;
; 0.453 ; Holo:holo|CalcPhase:calcPhase|phaseEnabled[7]  ; Holo:holo|CalcPhase:calcPhase|phaseEnabled[7]                                                                                ; pll|altpll_component|auto_generated|pll1|clk[0] ; pll|altpll_component|auto_generated|pll1|clk[0] ; 0.000        ; 0.081      ; 0.746      ;
; 0.453 ; Holo:holo|PwmCtrl:pwmCtrl|PWM:pwm[13]|outRaw   ; Holo:holo|PwmCtrl:pwmCtrl|PWM:pwm[13]|outRaw                                                                                 ; pll|altpll_component|auto_generated|pll1|clk[0] ; pll|altpll_component|auto_generated|pll1|clk[0] ; 0.000        ; 0.081      ; 0.746      ;
; 0.453 ; Holo:holo|PwmCtrl:pwmCtrl|PWM:pwm[15]|outRaw   ; Holo:holo|PwmCtrl:pwmCtrl|PWM:pwm[15]|outRaw                                                                                 ; pll|altpll_component|auto_generated|pll1|clk[0] ; pll|altpll_component|auto_generated|pll1|clk[0] ; 0.000        ; 0.081      ; 0.746      ;
; 0.453 ; Holo:holo|PwmCtrl:pwmCtrl|PWM:pwm[16]|outRaw   ; Holo:holo|PwmCtrl:pwmCtrl|PWM:pwm[16]|outRaw                                                                                 ; pll|altpll_component|auto_generated|pll1|clk[0] ; pll|altpll_component|auto_generated|pll1|clk[0] ; 0.000        ; 0.081      ; 0.746      ;
; 0.453 ; Holo:holo|PwmCtrl:pwmCtrl|PWM:pwm[17]|outRaw   ; Holo:holo|PwmCtrl:pwmCtrl|PWM:pwm[17]|outRaw                                                                                 ; pll|altpll_component|auto_generated|pll1|clk[0] ; pll|altpll_component|auto_generated|pll1|clk[0] ; 0.000        ; 0.081      ; 0.746      ;
; 0.453 ; Holo:holo|spiState[0]                          ; Holo:holo|spiState[0]                                                                                                        ; pll|altpll_component|auto_generated|pll1|clk[0] ; pll|altpll_component|auto_generated|pll1|clk[0] ; 0.000        ; 0.081      ; 0.746      ;
; 0.453 ; Holo:holo|PwmCtrl:pwmCtrl|PWM:pwm[21]|outRaw   ; Holo:holo|PwmCtrl:pwmCtrl|PWM:pwm[21]|outRaw                                                                                 ; pll|altpll_component|auto_generated|pll1|clk[0] ; pll|altpll_component|auto_generated|pll1|clk[0] ; 0.000        ; 0.081      ; 0.746      ;
; 0.453 ; Holo:holo|directFramePending                   ; Holo:holo|directFramePending                                                                                                 ; pll|altpll_component|auto_generated|pll1|clk[0] ; pll|altpll_component|auto_generated|pll1|clk[0] ; 0.000        ; 0.081      ; 0.746      ;
; 0.453 ; Holo:holo|CalcPhase:calcPhase|phaseEnabled[3]  ; Holo:holo|CalcPhase:calcPhase|phaseEnabled[3]                                                                                ; pll|altpll_component|auto_generated|pll1|clk[0] ; pll|altpll_component|auto_generated|pll1|clk[0] ; 0.000        ; 0.081      ; 0.746      ;
; 0.453 ; Holo:holo|CalcPhase:calcPhase|phaseEnabled[4]  ; Holo:holo|CalcPhase:calcPhase|phaseEnabled[4]                                                                                ; pll|altpll_component|auto_generated|pll1|clk[0] ; pll|altpll_component|auto_generated|pll1|clk[0] ; 0.000        ; 0.081      ; 0.746      ;
; 0.453 ; Holo:holo|CalcPhase:calcPhase|phaseEnabled[5]  ; Holo:holo|CalcPhase:calcPhase|phaseEnabled[5]                                                                                ; pll|altpll_component|auto_generated|pll1|clk[0] ; pll|altpll_component|auto_generated|pll1|clk[0] ; 0.000        ; 0.081      ; 0.746      ;
; 0.453 ; Holo:holo|CalcPhase:calcPhase|phaseEnabled[8]  ; Holo:holo|CalcPhase:calcPhase|phaseEnabled[8]                                                                                ; pll|altpll_component|auto_generated|pll1|clk[0] ; pll|altpll_component|auto_generated|pll1|clk[0] ; 0.000        ; 0.081      ; 0.746      ;
; 0.453 ; Holo:holo|CalcPhase:calcPhase|phaseEnabled[16] ; Holo:holo|CalcPhase:calcPhase|phaseEnabled[16]                                                                               ; pll|altpll_component|auto_generated|pll1|clk[0] ; pll|altpll_component|auto_generated|pll1|clk[0] ; 0.000        ; 0.081      ; 0.746      ;
; 0.453 ; Holo:holo|CalcPhase:calcPhase|phaseEnabled[17] ; Holo:holo|CalcPhase:calcPhase|phaseEnabled[17]                                                                               ; pll|altpll_component|auto_generated|pll1|clk[0] ; pll|altpll_component|auto_generated|pll1|clk[0] ; 0.000        ; 0.081      ; 0.746      ;
; 0.453 ; Holo:holo|CalcPhase:calcPhase|phaseEnabled[18] ; Holo:holo|CalcPhase:calcPhase|phaseEnabled[18]                                                                               ; pll|altpll_component|auto_generated|pll1|clk[0] ; pll|altpll_component|auto_generated|pll1|clk[0] ; 0.000        ; 0.081      ; 0.746      ;
; 0.453 ; Holo:holo|CalcPhase:calcPhase|phaseEnabled[19] ; Holo:holo|CalcPhase:calcPhase|phaseEnabled[19]                                                                               ; pll|altpll_component|auto_generated|pll1|clk[0] ; pll|altpll_component|auto_generated|pll1|clk[0] ; 0.000        ; 0.081      ; 0.746      ;
; 0.453 ; Holo:holo|CalcPhase:calcPhase|phaseEnabled[20] ; Holo:holo|CalcPhase:calcPhase|phaseEnabled[20]                                                                               ; pll|altpll_component|auto_generated|pll1|clk[0] ; pll|altpll_component|auto_generated|pll1|clk[0] ; 0.000        ; 0.081      ; 0.746      ;
; 0.453 ; Holo:holo|CalcPhase:calcPhase|phaseEnabled[21] ; Holo:holo|CalcPhase:calcPhase|phaseEnabled[21]                                                                               ; pll|altpll_component|auto_generated|pll1|clk[0] ; pll|altpll_component|auto_generated|pll1|clk[0] ; 0.000        ; 0.081      ; 0.746      ;
; 0.453 ; Holo:holo|CalcPhase:calcPhase|phaseEnabled[22] ; Holo:holo|CalcPhase:calcPhase|phaseEnabled[22]                                                                               ; pll|altpll_component|auto_generated|pll1|clk[0] ; pll|altpll_component|auto_generated|pll1|clk[0] ; 0.000        ; 0.081      ; 0.746      ;
; 0.453 ; Holo:holo|CalcPhase:calcPhase|phaseEnabled[23] ; Holo:holo|CalcPhase:calcPhase|phaseEnabled[23]                                                                               ; pll|altpll_component|auto_generated|pll1|clk[0] ; pll|altpll_component|auto_generated|pll1|clk[0] ; 0.000        ; 0.081      ; 0.746      ;
; 0.453 ; Holo:holo|CalcPhase:calcPhase|phaseEnabled[24] ; Holo:holo|CalcPhase:calcPhase|phaseEnabled[24]                                                                               ; pll|altpll_component|auto_generated|pll1|clk[0] ; pll|altpll_component|auto_generated|pll1|clk[0] ; 0.000        ; 0.081      ; 0.746      ;
; 0.453 ; Holo:holo|CalcPhase:calcPhase|phaseEnabled[25] ; Holo:holo|CalcPhase:calcPhase|phaseEnabled[25]                                                                               ; pll|altpll_component|auto_generated|pll1|clk[0] ; pll|altpll_component|auto_generated|pll1|clk[0] ; 0.000        ; 0.081      ; 0.746      ;
; 0.453 ; Holo:holo|CalcPhase:calcPhase|phaseEnabled[26] ; Holo:holo|CalcPhase:calcPhase|phaseEnabled[26]                                                                               ; pll|altpll_component|auto_generated|pll1|clk[0] ; pll|altpll_component|auto_generated|pll1|clk[0] ; 0.000        ; 0.081      ; 0.746      ;
; 0.453 ; Holo:holo|CalcPhase:calcPhase|phaseEnabled[27] ; Holo:holo|CalcPhase:calcPhase|phaseEnabled[27]                                                                               ; pll|altpll_component|auto_generated|pll1|clk[0] ; pll|altpll_component|auto_generated|pll1|clk[0] ; 0.000        ; 0.081      ; 0.746      ;
; 0.453 ; Holo:holo|CalcPhase:calcPhase|phaseEnabled[28] ; Holo:holo|CalcPhase:calcPhase|phaseEnabled[28]                                                                               ; pll|altpll_component|auto_generated|pll1|clk[0] ; pll|altpll_component|auto_generated|pll1|clk[0] ; 0.000        ; 0.081      ; 0.746      ;
; 0.453 ; Holo:holo|CalcPhase:calcPhase|phaseEnabled[29] ; Holo:holo|CalcPhase:calcPhase|phaseEnabled[29]                                                                               ; pll|altpll_component|auto_generated|pll1|clk[0] ; pll|altpll_component|auto_generated|pll1|clk[0] ; 0.000        ; 0.081      ; 0.746      ;
; 0.453 ; Holo:holo|CalcPhase:calcPhase|phaseEnabled[30] ; Holo:holo|CalcPhase:calcPhase|phaseEnabled[30]                                                                               ; pll|altpll_component|auto_generated|pll1|clk[0] ; pll|altpll_component|auto_generated|pll1|clk[0] ; 0.000        ; 0.081      ; 0.746      ;
; 0.453 ; Holo:holo|CalcPhase:calcPhase|phaseEnabled[31] ; Holo:holo|CalcPhase:calcPhase|phaseEnabled[31]                                                                               ; pll|altpll_component|auto_generated|pll1|clk[0] ; pll|altpll_component|auto_generated|pll1|clk[0] ; 0.000        ; 0.081      ; 0.746      ;
; 0.453 ; Holo:holo|CalcPhase:calcPhase|phaseEnabled[32] ; Holo:holo|CalcPhase:calcPhase|phaseEnabled[32]                                                                               ; pll|altpll_component|auto_generated|pll1|clk[0] ; pll|altpll_component|auto_generated|pll1|clk[0] ; 0.000        ; 0.081      ; 0.746      ;
; 0.453 ; Holo:holo|CalcPhase:calcPhase|phaseEnabled[33] ; Holo:holo|CalcPhase:calcPhase|phaseEnabled[33]                                                                               ; pll|altpll_component|auto_generated|pll1|clk[0] ; pll|altpll_component|auto_generated|pll1|clk[0] ; 0.000        ; 0.081      ; 0.746      ;
; 0.453 ; Holo:holo|CalcPhase:calcPhase|phaseEnabled[34] ; Holo:holo|CalcPhase:calcPhase|phaseEnabled[34]                                                                               ; pll|altpll_component|auto_generated|pll1|clk[0] ; pll|altpll_component|auto_generated|pll1|clk[0] ; 0.000        ; 0.081      ; 0.746      ;
; 0.453 ; Holo:holo|CalcPhase:calcPhase|phaseEnabled[35] ; Holo:holo|CalcPhase:calcPhase|phaseEnabled[35]                                                                               ; pll|altpll_component|auto_generated|pll1|clk[0] ; pll|altpll_component|auto_generated|pll1|clk[0] ; 0.000        ; 0.081      ; 0.746      ;
; 0.453 ; Holo:holo|CalcPhase:calcPhase|phaseEnabled[36] ; Holo:holo|CalcPhase:calcPhase|phaseEnabled[36]                                                                               ; pll|altpll_component|auto_generated|pll1|clk[0] ; pll|altpll_component|auto_generated|pll1|clk[0] ; 0.000        ; 0.081      ; 0.746      ;
; 0.453 ; Holo:holo|CalcPhase:calcPhase|phaseEnabled[37] ; Holo:holo|CalcPhase:calcPhase|phaseEnabled[37]                                                                               ; pll|altpll_component|auto_generated|pll1|clk[0] ; pll|altpll_component|auto_generated|pll1|clk[0] ; 0.000        ; 0.081      ; 0.746      ;
; 0.453 ; Holo:holo|CalcPhase:calcPhase|phaseEnabled[38] ; Holo:holo|CalcPhase:calcPhase|phaseEnabled[38]                                                                               ; pll|altpll_component|auto_generated|pll1|clk[0] ; pll|altpll_component|auto_generated|pll1|clk[0] ; 0.000        ; 0.081      ; 0.746      ;
; 0.453 ; Holo:holo|CalcPhase:calcPhase|phaseEnabled[39] ; Holo:holo|CalcPhase:calcPhase|phaseEnabled[39]                                                                               ; pll|altpll_component|auto_generated|pll1|clk[0] ; pll|altpll_component|auto_generated|pll1|clk[0] ; 0.000        ; 0.081      ; 0.746      ;
; 0.453 ; Holo:holo|CalcPhase:calcPhase|phaseEnabled[40] ; Holo:holo|CalcPhase:calcPhase|phaseEnabled[40]                                                                               ; pll|altpll_component|auto_generated|pll1|clk[0] ; pll|altpll_component|auto_generated|pll1|clk[0] ; 0.000        ; 0.081      ; 0.746      ;
; 0.453 ; Holo:holo|CalcPhase:calcPhase|phaseEnabled[48] ; Holo:holo|CalcPhase:calcPhase|phaseEnabled[48]                                                                               ; pll|altpll_component|auto_generated|pll1|clk[0] ; pll|altpll_component|auto_generated|pll1|clk[0] ; 0.000        ; 0.081      ; 0.746      ;
+-------+------------------------------------------------+------------------------------------------------------------------------------------------------------------------------------+-------------------------------------------------+-------------------------------------------------+--------------+------------+------------+


+-----------------------------------------------------------------------------------------------------------------------------------+
; Slow 1200mV 85C Model Hold: 'sck'                                                                                                 ;
+-------+------------------------+----------------------------+--------------+-------------+--------------+------------+------------+
; Slack ; From Node              ; To Node                    ; Launch Clock ; Latch Clock ; Relationship ; Clock Skew ; Data Delay ;
+-------+------------------------+----------------------------+--------------+-------------+--------------+------------+------------+
; 0.453 ; Holo:holo|spiBitCnt[1] ; Holo:holo|spiBitCnt[1]     ; sck          ; sck         ; 0.000        ; 0.081      ; 0.746      ;
; 0.453 ; Holo:holo|spiBitCnt[2] ; Holo:holo|spiBitCnt[2]     ; sck          ; sck         ; 0.000        ; 0.081      ; 0.746      ;
; 0.465 ; Holo:holo|spiBitCnt[0] ; Holo:holo|spiBitCnt[0]     ; sck          ; sck         ; 0.000        ; 0.081      ; 0.758      ;
; 0.500 ; Holo:holo|spiByte[6]   ; Holo:holo|spiByteBuffer[7] ; sck          ; sck         ; 0.000        ; 0.081      ; 0.793      ;
; 0.508 ; Holo:holo|spiByte[0]   ; Holo:holo|spiByte[1]       ; sck          ; sck         ; 0.000        ; 0.081      ; 0.801      ;
; 0.509 ; Holo:holo|spiByte[3]   ; Holo:holo|spiByteBuffer[4] ; sck          ; sck         ; 0.000        ; 0.081      ; 0.802      ;
; 0.510 ; Holo:holo|spiByte[4]   ; Holo:holo|spiByte[5]       ; sck          ; sck         ; 0.000        ; 0.081      ; 0.803      ;
; 0.510 ; Holo:holo|spiByte[2]   ; Holo:holo|spiByte[3]       ; sck          ; sck         ; 0.000        ; 0.081      ; 0.803      ;
; 0.510 ; Holo:holo|spiByte[0]   ; Holo:holo|spiByteBuffer[1] ; sck          ; sck         ; 0.000        ; 0.081      ; 0.803      ;
; 0.510 ; Holo:holo|spiByte[5]   ; Holo:holo|spiByte[6]       ; sck          ; sck         ; 0.000        ; 0.081      ; 0.803      ;
; 0.510 ; Holo:holo|spiByte[2]   ; Holo:holo|spiByteBuffer[3] ; sck          ; sck         ; 0.000        ; 0.081      ; 0.803      ;
; 0.510 ; Holo:holo|spiByte[5]   ; Holo:holo|spiByteBuffer[6] ; sck          ; sck         ; 0.000        ; 0.081      ; 0.803      ;
; 0.510 ; Holo:holo|spiByte[3]   ; Holo:holo|spiByte[4]       ; sck          ; sck         ; 0.000        ; 0.081      ; 0.803      ;
; 0.511 ; Holo:holo|spiByte[4]   ; Holo:holo|spiByteBuffer[5] ; sck          ; sck         ; 0.000        ; 0.081      ; 0.804      ;
; 0.651 ; Holo:holo|spiByte[1]   ; Holo:holo|spiByteBuffer[2] ; sck          ; sck         ; 0.000        ; 0.081      ; 0.944      ;
; 0.651 ; Holo:holo|spiByte[1]   ; Holo:holo|spiByte[2]       ; sck          ; sck         ; 0.000        ; 0.081      ; 0.944      ;
; 0.683 ; Holo:holo|spiBitCnt[0] ; Holo:holo|spiByteAvailable ; sck          ; sck         ; 0.000        ; 0.081      ; 0.976      ;
; 0.767 ; Holo:holo|spiBitCnt[2] ; Holo:holo|spiByteAvailable ; sck          ; sck         ; 0.000        ; 0.081      ; 1.060      ;
; 0.782 ; Holo:holo|spiBitCnt[0] ; Holo:holo|spiBitCnt[1]     ; sck          ; sck         ; 0.000        ; 0.081      ; 1.075      ;
; 0.783 ; Holo:holo|spiBitCnt[0] ; Holo:holo|spiBitCnt[2]     ; sck          ; sck         ; 0.000        ; 0.081      ; 1.076      ;
; 1.056 ; Holo:holo|spiBitCnt[1] ; Holo:holo|spiByteAvailable ; sck          ; sck         ; 0.000        ; 0.081      ; 1.349      ;
; 1.064 ; Holo:holo|spiBitCnt[1] ; Holo:holo|spiBitCnt[2]     ; sck          ; sck         ; 0.000        ; 0.081      ; 1.357      ;
; 1.749 ; Holo:holo|spiBitCnt[0] ; Holo:holo|spiByteBuffer[4] ; sck          ; sck         ; 0.000        ; 0.082      ; 2.043      ;
; 1.749 ; Holo:holo|spiBitCnt[0] ; Holo:holo|spiByteBuffer[7] ; sck          ; sck         ; 0.000        ; 0.082      ; 2.043      ;
; 1.749 ; Holo:holo|spiBitCnt[0] ; Holo:holo|spiByteBuffer[5] ; sck          ; sck         ; 0.000        ; 0.082      ; 2.043      ;
; 1.749 ; Holo:holo|spiBitCnt[0] ; Holo:holo|spiByteBuffer[1] ; sck          ; sck         ; 0.000        ; 0.082      ; 2.043      ;
; 1.749 ; Holo:holo|spiBitCnt[0] ; Holo:holo|spiByteBuffer[0] ; sck          ; sck         ; 0.000        ; 0.082      ; 2.043      ;
; 1.749 ; Holo:holo|spiBitCnt[0] ; Holo:holo|spiByteBuffer[2] ; sck          ; sck         ; 0.000        ; 0.082      ; 2.043      ;
; 1.749 ; Holo:holo|spiBitCnt[0] ; Holo:holo|spiByteBuffer[3] ; sck          ; sck         ; 0.000        ; 0.082      ; 2.043      ;
; 1.749 ; Holo:holo|spiBitCnt[0] ; Holo:holo|spiByteBuffer[6] ; sck          ; sck         ; 0.000        ; 0.082      ; 2.043      ;
; 1.933 ; Holo:holo|spiBitCnt[1] ; Holo:holo|spiByteBuffer[4] ; sck          ; sck         ; 0.000        ; 0.082      ; 2.227      ;
; 1.933 ; Holo:holo|spiBitCnt[1] ; Holo:holo|spiByteBuffer[7] ; sck          ; sck         ; 0.000        ; 0.082      ; 2.227      ;
; 1.933 ; Holo:holo|spiBitCnt[1] ; Holo:holo|spiByteBuffer[0] ; sck          ; sck         ; 0.000        ; 0.082      ; 2.227      ;
; 1.933 ; Holo:holo|spiBitCnt[1] ; Holo:holo|spiByteBuffer[5] ; sck          ; sck         ; 0.000        ; 0.082      ; 2.227      ;
; 1.933 ; Holo:holo|spiBitCnt[1] ; Holo:holo|spiByteBuffer[2] ; sck          ; sck         ; 0.000        ; 0.082      ; 2.227      ;
; 1.933 ; Holo:holo|spiBitCnt[1] ; Holo:holo|spiByteBuffer[6] ; sck          ; sck         ; 0.000        ; 0.082      ; 2.227      ;
; 1.933 ; Holo:holo|spiBitCnt[1] ; Holo:holo|spiByteBuffer[1] ; sck          ; sck         ; 0.000        ; 0.082      ; 2.227      ;
; 1.933 ; Holo:holo|spiBitCnt[1] ; Holo:holo|spiByteBuffer[3] ; sck          ; sck         ; 0.000        ; 0.082      ; 2.227      ;
; 2.008 ; Holo:holo|spiBitCnt[2] ; Holo:holo|spiByteBuffer[7] ; sck          ; sck         ; 0.000        ; 0.082      ; 2.302      ;
; 2.008 ; Holo:holo|spiBitCnt[2] ; Holo:holo|spiByteBuffer[6] ; sck          ; sck         ; 0.000        ; 0.082      ; 2.302      ;
; 2.008 ; Holo:holo|spiBitCnt[2] ; Holo:holo|spiByteBuffer[4] ; sck          ; sck         ; 0.000        ; 0.082      ; 2.302      ;
; 2.008 ; Holo:holo|spiBitCnt[2] ; Holo:holo|spiByteBuffer[3] ; sck          ; sck         ; 0.000        ; 0.082      ; 2.302      ;
; 2.008 ; Holo:holo|spiBitCnt[2] ; Holo:holo|spiByteBuffer[1] ; sck          ; sck         ; 0.000        ; 0.082      ; 2.302      ;
; 2.008 ; Holo:holo|spiBitCnt[2] ; Holo:holo|spiByteBuffer[2] ; sck          ; sck         ; 0.000        ; 0.082      ; 2.302      ;
; 2.008 ; Holo:holo|spiBitCnt[2] ; Holo:holo|spiByteBuffer[0] ; sck          ; sck         ; 0.000        ; 0.082      ; 2.302      ;
; 2.008 ; Holo:holo|spiBitCnt[2] ; Holo:holo|spiByteBuffer[5] ; sck          ; sck         ; 0.000        ; 0.082      ; 2.302      ;
+-------+------------------------+----------------------------+--------------+-------------+--------------+------------+------------+


-----------------------------------------------
; Slow 1200mV 85C Model Metastability Summary ;
-----------------------------------------------
The design MTBF is not calculated because there are no specified synchronizers in the design.
Number of Synchronizer Chains Found: 57
Shortest Synchronizer Chain: 2 Registers
Fraction of Chains for which MTBFs Could Not be Calculated: 1.000
Worst Case Available Settling Time: 85.476 ns




+------------------------------------------------------------------------------------------------------------------------------------------------+
; Slow 1200mV 0C Model Fmax Summary                                                                                                              ;
+------------+-----------------+-------------------------------------------------+---------------------------------------------------------------+
; Fmax       ; Restricted Fmax ; Clock Name                                      ; Note                                                          ;
+------------+-----------------+-------------------------------------------------+---------------------------------------------------------------+
; 18.1 MHz   ; 18.1 MHz        ; pll|altpll_component|auto_generated|pll1|clk[0] ;                                                               ;
; 452.69 MHz ; 250.0 MHz       ; sck                                             ; limit due to minimum period restriction (max I/O toggle rate) ;
+------------+-----------------+-------------------------------------------------+---------------------------------------------------------------+
This panel reports FMAX for every clock in the design, regardless of the user-specified clock periods.  FMAX is only computed for paths where the source and destination registers or ports are driven by the same clock.  Paths of different clocks, including generated clocks, are ignored.  For paths between a clock and its inversion, FMAX is computed as if the rising and falling edges are scaled along with FMAX, such that the duty cycle (in terms of a percentage) is maintained. Altera recommends that you always use clock constraints and other slack reports for sign-off analysis.


+--------------------------------------------------------------------------+
; Slow 1200mV 0C Model Setup Summary                                       ;
+-------------------------------------------------+--------+---------------+
; Clock                                           ; Slack  ; End Point TNS ;
+-------------------------------------------------+--------+---------------+
; pll|altpll_component|auto_generated|pll1|clk[0] ; -6.434 ; -748.505      ;
; sck                                             ; -1.209 ; -10.856       ;
+-------------------------------------------------+--------+---------------+


+-------------------------------------------------------------------------+
; Slow 1200mV 0C Model Hold Summary                                       ;
+-------------------------------------------------+-------+---------------+
; Clock                                           ; Slack ; End Point TNS ;
+-------------------------------------------------+-------+---------------+
; pll|altpll_component|auto_generated|pll1|clk[0] ; 0.401 ; 0.000         ;
; sck                                             ; 0.403 ; 0.000         ;
+-------------------------------------------------+-------+---------------+


-----------------------------------------
; Slow 1200mV 0C Model Recovery Summary ;
-----------------------------------------
No paths to report.


----------------------------------------
; Slow 1200mV 0C Model Removal Summary ;
----------------------------------------
No paths to report.


+--------------------------------------------------------------------------+
; Slow 1200mV 0C Model Minimum Pulse Width Summary                         ;
+-------------------------------------------------+--------+---------------+
; Clock                                           ; Slack  ; End Point TNS ;
+-------------------------------------------------+--------+---------------+
; sck                                             ; -3.000 ; -31.253       ;
; CLK_24M576                                      ; 20.215 ; 0.000         ;
; pll|altpll_component|auto_generated|pll1|clk[0] ; 23.945 ; 0.000         ;
+-------------------------------------------------+--------+---------------+


+------------------------------------------------------------------------------------------------------------------------------------------------------------------------------------------------------------------------------------------------------------------------------------------------------------------------------------------------------------------------------------------------------------+
; Slow 1200mV 0C Model Setup: 'pll|altpll_component|auto_generated|pll1|clk[0]'                                                                                                                                                                                                                                                                                                                              ;
+--------+--------------------------------------------------------------------------------------------------------------------------------------------+---------------------------------------------------------------------------------------------------------+-------------------------------------------------+-------------------------------------------------+--------------+------------+------------+
; Slack  ; From Node                                                                                                                                  ; To Node                                                                                                 ; Launch Clock                                    ; Latch Clock                                     ; Relationship ; Clock Skew ; Data Delay ;
+--------+--------------------------------------------------------------------------------------------------------------------------------------------+---------------------------------------------------------------------------------------------------------+-------------------------------------------------+-------------------------------------------------+--------------+------------+------------+
; -6.434 ; Holo:holo|CalcPhase:calcPhase|lpm_divide:mod|lpm_divide_suq:auto_generated|abs_divider_g5h:divider|alt_u_div_4rf:divider|DFFDenominator[8] ; Holo:holo|CalcPhase:calcPhase|lpm_add_sub:normalize|add_sub_c8e:auto_generated|pipeline_dffe[8]_OTERM5  ; pll|altpll_component|auto_generated|pll1|clk[0] ; pll|altpll_component|auto_generated|pll1|clk[0] ; 48.828       ; 0.293      ; 55.557     ;
; -6.387 ; Holo:holo|CalcPhase:calcPhase|lpm_divide:mod|lpm_divide_suq:auto_generated|abs_divider_g5h:divider|alt_u_div_4rf:divider|DFFNumerator[15]  ; Holo:holo|CalcPhase:calcPhase|lpm_add_sub:normalize|add_sub_c8e:auto_generated|pipeline_dffe[8]_OTERM5  ; pll|altpll_component|auto_generated|pll1|clk[0] ; pll|altpll_component|auto_generated|pll1|clk[0] ; 48.828       ; 0.293      ; 55.510     ;
; -6.330 ; Holo:holo|CalcPhase:calcPhase|lpm_divide:mod|lpm_divide_suq:auto_generated|abs_divider_g5h:divider|alt_u_div_4rf:divider|DFFStage[0]       ; Holo:holo|CalcPhase:calcPhase|lpm_add_sub:normalize|add_sub_c8e:auto_generated|pipeline_dffe[8]_OTERM5  ; pll|altpll_component|auto_generated|pll1|clk[0] ; pll|altpll_component|auto_generated|pll1|clk[0] ; 48.828       ; 0.293      ; 55.453     ;
; -6.314 ; Holo:holo|CalcPhase:calcPhase|lpm_divide:mod|lpm_divide_suq:auto_generated|abs_divider_g5h:divider|alt_u_div_4rf:divider|DFFDenominator[8] ; Holo:holo|CalcPhase:calcPhase|lpm_add_sub:normalize|add_sub_c8e:auto_generated|pipeline_dffe[7]_OTERM11 ; pll|altpll_component|auto_generated|pll1|clk[0] ; pll|altpll_component|auto_generated|pll1|clk[0] ; 48.828       ; 0.293      ; 55.437     ;
; -6.308 ; Holo:holo|CalcPhase:calcPhase|lpm_divide:mod|lpm_divide_suq:auto_generated|abs_divider_g5h:divider|alt_u_div_4rf:divider|DFFDenominator[8] ; Holo:holo|CalcPhase:calcPhase|lpm_add_sub:normalize|add_sub_c8e:auto_generated|pipeline_dffe[6]         ; pll|altpll_component|auto_generated|pll1|clk[0] ; pll|altpll_component|auto_generated|pll1|clk[0] ; 48.828       ; 0.293      ; 55.431     ;
; -6.267 ; Holo:holo|CalcPhase:calcPhase|lpm_divide:mod|lpm_divide_suq:auto_generated|abs_divider_g5h:divider|alt_u_div_4rf:divider|DFFNumerator[15]  ; Holo:holo|CalcPhase:calcPhase|lpm_add_sub:normalize|add_sub_c8e:auto_generated|pipeline_dffe[7]_OTERM11 ; pll|altpll_component|auto_generated|pll1|clk[0] ; pll|altpll_component|auto_generated|pll1|clk[0] ; 48.828       ; 0.293      ; 55.390     ;
; -6.261 ; Holo:holo|CalcPhase:calcPhase|lpm_divide:mod|lpm_divide_suq:auto_generated|abs_divider_g5h:divider|alt_u_div_4rf:divider|DFFNumerator[15]  ; Holo:holo|CalcPhase:calcPhase|lpm_add_sub:normalize|add_sub_c8e:auto_generated|pipeline_dffe[6]         ; pll|altpll_component|auto_generated|pll1|clk[0] ; pll|altpll_component|auto_generated|pll1|clk[0] ; 48.828       ; 0.293      ; 55.384     ;
; -6.210 ; Holo:holo|CalcPhase:calcPhase|lpm_divide:mod|lpm_divide_suq:auto_generated|abs_divider_g5h:divider|alt_u_div_4rf:divider|DFFStage[0]       ; Holo:holo|CalcPhase:calcPhase|lpm_add_sub:normalize|add_sub_c8e:auto_generated|pipeline_dffe[7]_OTERM11 ; pll|altpll_component|auto_generated|pll1|clk[0] ; pll|altpll_component|auto_generated|pll1|clk[0] ; 48.828       ; 0.293      ; 55.333     ;
; -6.206 ; Holo:holo|CalcPhase:calcPhase|lpm_divide:mod|lpm_divide_suq:auto_generated|abs_divider_g5h:divider|alt_u_div_4rf:divider|DFFStage[2]       ; Holo:holo|CalcPhase:calcPhase|lpm_add_sub:normalize|add_sub_c8e:auto_generated|pipeline_dffe[8]_OTERM5  ; pll|altpll_component|auto_generated|pll1|clk[0] ; pll|altpll_component|auto_generated|pll1|clk[0] ; 48.828       ; 0.293      ; 55.329     ;
; -6.206 ; Holo:holo|CalcPhase:calcPhase|lpm_divide:mod|lpm_divide_suq:auto_generated|abs_divider_g5h:divider|alt_u_div_4rf:divider|DFFStage[4]       ; Holo:holo|CalcPhase:calcPhase|lpm_add_sub:normalize|add_sub_c8e:auto_generated|pipeline_dffe[8]_OTERM5  ; pll|altpll_component|auto_generated|pll1|clk[0] ; pll|altpll_component|auto_generated|pll1|clk[0] ; 48.828       ; 0.293      ; 55.329     ;
; -6.204 ; Holo:holo|CalcPhase:calcPhase|lpm_divide:mod|lpm_divide_suq:auto_generated|abs_divider_g5h:divider|alt_u_div_4rf:divider|DFFStage[0]       ; Holo:holo|CalcPhase:calcPhase|lpm_add_sub:normalize|add_sub_c8e:auto_generated|pipeline_dffe[6]         ; pll|altpll_component|auto_generated|pll1|clk[0] ; pll|altpll_component|auto_generated|pll1|clk[0] ; 48.828       ; 0.293      ; 55.327     ;
; -6.188 ; Holo:holo|CalcPhase:calcPhase|lpm_divide:mod|lpm_divide_suq:auto_generated|abs_divider_g5h:divider|alt_u_div_4rf:divider|DFFDenominator[8] ; Holo:holo|CalcPhase:calcPhase|lpm_add_sub:normalize|add_sub_c8e:auto_generated|pipeline_dffe[5]         ; pll|altpll_component|auto_generated|pll1|clk[0] ; pll|altpll_component|auto_generated|pll1|clk[0] ; 48.828       ; 0.293      ; 55.311     ;
; -6.182 ; Holo:holo|CalcPhase:calcPhase|lpm_divide:mod|lpm_divide_suq:auto_generated|abs_divider_g5h:divider|alt_u_div_4rf:divider|DFFDenominator[8] ; Holo:holo|CalcPhase:calcPhase|lpm_add_sub:normalize|add_sub_c8e:auto_generated|pipeline_dffe[4]         ; pll|altpll_component|auto_generated|pll1|clk[0] ; pll|altpll_component|auto_generated|pll1|clk[0] ; 48.828       ; 0.293      ; 55.305     ;
; -6.141 ; Holo:holo|CalcPhase:calcPhase|lpm_divide:mod|lpm_divide_suq:auto_generated|abs_divider_g5h:divider|alt_u_div_4rf:divider|DFFNumerator[15]  ; Holo:holo|CalcPhase:calcPhase|lpm_add_sub:normalize|add_sub_c8e:auto_generated|pipeline_dffe[5]         ; pll|altpll_component|auto_generated|pll1|clk[0] ; pll|altpll_component|auto_generated|pll1|clk[0] ; 48.828       ; 0.293      ; 55.264     ;
; -6.135 ; Holo:holo|CalcPhase:calcPhase|lpm_divide:mod|lpm_divide_suq:auto_generated|abs_divider_g5h:divider|alt_u_div_4rf:divider|DFFNumerator[15]  ; Holo:holo|CalcPhase:calcPhase|lpm_add_sub:normalize|add_sub_c8e:auto_generated|pipeline_dffe[4]         ; pll|altpll_component|auto_generated|pll1|clk[0] ; pll|altpll_component|auto_generated|pll1|clk[0] ; 48.828       ; 0.293      ; 55.258     ;
; -6.127 ; Holo:holo|CalcPhase:calcPhase|lpm_divide:mod|lpm_divide_suq:auto_generated|abs_divider_g5h:divider|alt_u_div_4rf:divider|DFFStage[6]       ; Holo:holo|CalcPhase:calcPhase|lpm_add_sub:normalize|add_sub_c8e:auto_generated|pipeline_dffe[8]_OTERM5  ; pll|altpll_component|auto_generated|pll1|clk[0] ; pll|altpll_component|auto_generated|pll1|clk[0] ; 48.828       ; 0.293      ; 55.250     ;
; -6.114 ; Holo:holo|CalcPhase:calcPhase|lpm_divide:mod|lpm_divide_suq:auto_generated|abs_divider_g5h:divider|alt_u_div_4rf:divider|DFFStage[1]       ; Holo:holo|CalcPhase:calcPhase|lpm_add_sub:normalize|add_sub_c8e:auto_generated|pipeline_dffe[8]_OTERM5  ; pll|altpll_component|auto_generated|pll1|clk[0] ; pll|altpll_component|auto_generated|pll1|clk[0] ; 48.828       ; 0.293      ; 55.237     ;
; -6.086 ; Holo:holo|CalcPhase:calcPhase|lpm_divide:mod|lpm_divide_suq:auto_generated|abs_divider_g5h:divider|alt_u_div_4rf:divider|DFFStage[2]       ; Holo:holo|CalcPhase:calcPhase|lpm_add_sub:normalize|add_sub_c8e:auto_generated|pipeline_dffe[7]_OTERM11 ; pll|altpll_component|auto_generated|pll1|clk[0] ; pll|altpll_component|auto_generated|pll1|clk[0] ; 48.828       ; 0.293      ; 55.209     ;
; -6.086 ; Holo:holo|CalcPhase:calcPhase|lpm_divide:mod|lpm_divide_suq:auto_generated|abs_divider_g5h:divider|alt_u_div_4rf:divider|DFFStage[4]       ; Holo:holo|CalcPhase:calcPhase|lpm_add_sub:normalize|add_sub_c8e:auto_generated|pipeline_dffe[7]_OTERM11 ; pll|altpll_component|auto_generated|pll1|clk[0] ; pll|altpll_component|auto_generated|pll1|clk[0] ; 48.828       ; 0.293      ; 55.209     ;
; -6.084 ; Holo:holo|CalcPhase:calcPhase|lpm_divide:mod|lpm_divide_suq:auto_generated|abs_divider_g5h:divider|alt_u_div_4rf:divider|DFFStage[0]       ; Holo:holo|CalcPhase:calcPhase|lpm_add_sub:normalize|add_sub_c8e:auto_generated|pipeline_dffe[5]         ; pll|altpll_component|auto_generated|pll1|clk[0] ; pll|altpll_component|auto_generated|pll1|clk[0] ; 48.828       ; 0.293      ; 55.207     ;
; -6.080 ; Holo:holo|CalcPhase:calcPhase|lpm_divide:mod|lpm_divide_suq:auto_generated|abs_divider_g5h:divider|alt_u_div_4rf:divider|DFFStage[2]       ; Holo:holo|CalcPhase:calcPhase|lpm_add_sub:normalize|add_sub_c8e:auto_generated|pipeline_dffe[6]         ; pll|altpll_component|auto_generated|pll1|clk[0] ; pll|altpll_component|auto_generated|pll1|clk[0] ; 48.828       ; 0.293      ; 55.203     ;
; -6.080 ; Holo:holo|CalcPhase:calcPhase|lpm_divide:mod|lpm_divide_suq:auto_generated|abs_divider_g5h:divider|alt_u_div_4rf:divider|DFFStage[4]       ; Holo:holo|CalcPhase:calcPhase|lpm_add_sub:normalize|add_sub_c8e:auto_generated|pipeline_dffe[6]         ; pll|altpll_component|auto_generated|pll1|clk[0] ; pll|altpll_component|auto_generated|pll1|clk[0] ; 48.828       ; 0.293      ; 55.203     ;
; -6.078 ; Holo:holo|CalcPhase:calcPhase|lpm_divide:mod|lpm_divide_suq:auto_generated|abs_divider_g5h:divider|alt_u_div_4rf:divider|DFFStage[0]       ; Holo:holo|CalcPhase:calcPhase|lpm_add_sub:normalize|add_sub_c8e:auto_generated|pipeline_dffe[4]         ; pll|altpll_component|auto_generated|pll1|clk[0] ; pll|altpll_component|auto_generated|pll1|clk[0] ; 48.828       ; 0.293      ; 55.201     ;
; -6.062 ; Holo:holo|CalcPhase:calcPhase|lpm_divide:mod|lpm_divide_suq:auto_generated|abs_divider_g5h:divider|alt_u_div_4rf:divider|DFFDenominator[8] ; Holo:holo|CalcPhase:calcPhase|lpm_add_sub:normalize|add_sub_c8e:auto_generated|pipeline_dffe[3]         ; pll|altpll_component|auto_generated|pll1|clk[0] ; pll|altpll_component|auto_generated|pll1|clk[0] ; 48.828       ; 0.293      ; 55.185     ;
; -6.056 ; Holo:holo|CalcPhase:calcPhase|lpm_divide:mod|lpm_divide_suq:auto_generated|abs_divider_g5h:divider|alt_u_div_4rf:divider|DFFDenominator[8] ; Holo:holo|CalcPhase:calcPhase|lpm_add_sub:normalize|add_sub_c8e:auto_generated|pipeline_dffe[2]         ; pll|altpll_component|auto_generated|pll1|clk[0] ; pll|altpll_component|auto_generated|pll1|clk[0] ; 48.828       ; 0.293      ; 55.179     ;
; -6.015 ; Holo:holo|CalcPhase:calcPhase|lpm_divide:mod|lpm_divide_suq:auto_generated|abs_divider_g5h:divider|alt_u_div_4rf:divider|DFFNumerator[15]  ; Holo:holo|CalcPhase:calcPhase|lpm_add_sub:normalize|add_sub_c8e:auto_generated|pipeline_dffe[3]         ; pll|altpll_component|auto_generated|pll1|clk[0] ; pll|altpll_component|auto_generated|pll1|clk[0] ; 48.828       ; 0.293      ; 55.138     ;
; -6.009 ; Holo:holo|CalcPhase:calcPhase|lpm_divide:mod|lpm_divide_suq:auto_generated|abs_divider_g5h:divider|alt_u_div_4rf:divider|DFFNumerator[15]  ; Holo:holo|CalcPhase:calcPhase|lpm_add_sub:normalize|add_sub_c8e:auto_generated|pipeline_dffe[2]         ; pll|altpll_component|auto_generated|pll1|clk[0] ; pll|altpll_component|auto_generated|pll1|clk[0] ; 48.828       ; 0.293      ; 55.132     ;
; -6.007 ; Holo:holo|CalcPhase:calcPhase|lpm_divide:mod|lpm_divide_suq:auto_generated|abs_divider_g5h:divider|alt_u_div_4rf:divider|DFFStage[6]       ; Holo:holo|CalcPhase:calcPhase|lpm_add_sub:normalize|add_sub_c8e:auto_generated|pipeline_dffe[7]_OTERM11 ; pll|altpll_component|auto_generated|pll1|clk[0] ; pll|altpll_component|auto_generated|pll1|clk[0] ; 48.828       ; 0.293      ; 55.130     ;
; -6.001 ; Holo:holo|CalcPhase:calcPhase|lpm_divide:mod|lpm_divide_suq:auto_generated|abs_divider_g5h:divider|alt_u_div_4rf:divider|DFFStage[6]       ; Holo:holo|CalcPhase:calcPhase|lpm_add_sub:normalize|add_sub_c8e:auto_generated|pipeline_dffe[6]         ; pll|altpll_component|auto_generated|pll1|clk[0] ; pll|altpll_component|auto_generated|pll1|clk[0] ; 48.828       ; 0.293      ; 55.124     ;
; -6.000 ; Holo:holo|CalcPhase:calcPhase|lpm_divide:mod|lpm_divide_suq:auto_generated|abs_divider_g5h:divider|alt_u_div_4rf:divider|DFFStage[5]       ; Holo:holo|CalcPhase:calcPhase|lpm_add_sub:normalize|add_sub_c8e:auto_generated|pipeline_dffe[8]_OTERM5  ; pll|altpll_component|auto_generated|pll1|clk[0] ; pll|altpll_component|auto_generated|pll1|clk[0] ; 48.828       ; 0.293      ; 55.123     ;
; -5.994 ; Holo:holo|CalcPhase:calcPhase|lpm_divide:mod|lpm_divide_suq:auto_generated|abs_divider_g5h:divider|alt_u_div_4rf:divider|DFFStage[1]       ; Holo:holo|CalcPhase:calcPhase|lpm_add_sub:normalize|add_sub_c8e:auto_generated|pipeline_dffe[7]_OTERM11 ; pll|altpll_component|auto_generated|pll1|clk[0] ; pll|altpll_component|auto_generated|pll1|clk[0] ; 48.828       ; 0.293      ; 55.117     ;
; -5.991 ; Holo:holo|CalcPhase:calcPhase|lpm_divide:mod|lpm_divide_suq:auto_generated|abs_divider_g5h:divider|alt_u_div_4rf:divider|DFFStage[3]       ; Holo:holo|CalcPhase:calcPhase|lpm_add_sub:normalize|add_sub_c8e:auto_generated|pipeline_dffe[8]_OTERM5  ; pll|altpll_component|auto_generated|pll1|clk[0] ; pll|altpll_component|auto_generated|pll1|clk[0] ; 48.828       ; 0.293      ; 55.114     ;
; -5.988 ; Holo:holo|CalcPhase:calcPhase|lpm_divide:mod|lpm_divide_suq:auto_generated|abs_divider_g5h:divider|alt_u_div_4rf:divider|DFFStage[1]       ; Holo:holo|CalcPhase:calcPhase|lpm_add_sub:normalize|add_sub_c8e:auto_generated|pipeline_dffe[6]         ; pll|altpll_component|auto_generated|pll1|clk[0] ; pll|altpll_component|auto_generated|pll1|clk[0] ; 48.828       ; 0.293      ; 55.111     ;
; -5.960 ; Holo:holo|CalcPhase:calcPhase|lpm_divide:mod|lpm_divide_suq:auto_generated|abs_divider_g5h:divider|alt_u_div_4rf:divider|DFFStage[2]       ; Holo:holo|CalcPhase:calcPhase|lpm_add_sub:normalize|add_sub_c8e:auto_generated|pipeline_dffe[5]         ; pll|altpll_component|auto_generated|pll1|clk[0] ; pll|altpll_component|auto_generated|pll1|clk[0] ; 48.828       ; 0.293      ; 55.083     ;
; -5.960 ; Holo:holo|CalcPhase:calcPhase|lpm_divide:mod|lpm_divide_suq:auto_generated|abs_divider_g5h:divider|alt_u_div_4rf:divider|DFFStage[4]       ; Holo:holo|CalcPhase:calcPhase|lpm_add_sub:normalize|add_sub_c8e:auto_generated|pipeline_dffe[5]         ; pll|altpll_component|auto_generated|pll1|clk[0] ; pll|altpll_component|auto_generated|pll1|clk[0] ; 48.828       ; 0.293      ; 55.083     ;
; -5.959 ; Holo:holo|CalcPhase:calcPhase|lpm_divide:mod|lpm_divide_suq:auto_generated|abs_divider_g5h:divider|alt_u_div_4rf:divider|DFFStage[8]       ; Holo:holo|CalcPhase:calcPhase|lpm_add_sub:normalize|add_sub_c8e:auto_generated|pipeline_dffe[8]_OTERM5  ; pll|altpll_component|auto_generated|pll1|clk[0] ; pll|altpll_component|auto_generated|pll1|clk[0] ; 48.828       ; 0.293      ; 55.082     ;
; -5.958 ; Holo:holo|CalcPhase:calcPhase|lpm_divide:mod|lpm_divide_suq:auto_generated|abs_divider_g5h:divider|alt_u_div_4rf:divider|DFFStage[0]       ; Holo:holo|CalcPhase:calcPhase|lpm_add_sub:normalize|add_sub_c8e:auto_generated|pipeline_dffe[3]         ; pll|altpll_component|auto_generated|pll1|clk[0] ; pll|altpll_component|auto_generated|pll1|clk[0] ; 48.828       ; 0.293      ; 55.081     ;
; -5.954 ; Holo:holo|CalcPhase:calcPhase|lpm_divide:mod|lpm_divide_suq:auto_generated|abs_divider_g5h:divider|alt_u_div_4rf:divider|DFFStage[2]       ; Holo:holo|CalcPhase:calcPhase|lpm_add_sub:normalize|add_sub_c8e:auto_generated|pipeline_dffe[4]         ; pll|altpll_component|auto_generated|pll1|clk[0] ; pll|altpll_component|auto_generated|pll1|clk[0] ; 48.828       ; 0.293      ; 55.077     ;
; -5.954 ; Holo:holo|CalcPhase:calcPhase|lpm_divide:mod|lpm_divide_suq:auto_generated|abs_divider_g5h:divider|alt_u_div_4rf:divider|DFFStage[4]       ; Holo:holo|CalcPhase:calcPhase|lpm_add_sub:normalize|add_sub_c8e:auto_generated|pipeline_dffe[4]         ; pll|altpll_component|auto_generated|pll1|clk[0] ; pll|altpll_component|auto_generated|pll1|clk[0] ; 48.828       ; 0.293      ; 55.077     ;
; -5.952 ; Holo:holo|CalcPhase:calcPhase|lpm_divide:mod|lpm_divide_suq:auto_generated|abs_divider_g5h:divider|alt_u_div_4rf:divider|DFFStage[0]       ; Holo:holo|CalcPhase:calcPhase|lpm_add_sub:normalize|add_sub_c8e:auto_generated|pipeline_dffe[2]         ; pll|altpll_component|auto_generated|pll1|clk[0] ; pll|altpll_component|auto_generated|pll1|clk[0] ; 48.828       ; 0.293      ; 55.075     ;
; -5.881 ; Holo:holo|CalcPhase:calcPhase|lpm_divide:mod|lpm_divide_suq:auto_generated|abs_divider_g5h:divider|alt_u_div_4rf:divider|DFFStage[6]       ; Holo:holo|CalcPhase:calcPhase|lpm_add_sub:normalize|add_sub_c8e:auto_generated|pipeline_dffe[5]         ; pll|altpll_component|auto_generated|pll1|clk[0] ; pll|altpll_component|auto_generated|pll1|clk[0] ; 48.828       ; 0.293      ; 55.004     ;
; -5.880 ; Holo:holo|CalcPhase:calcPhase|lpm_divide:mod|lpm_divide_suq:auto_generated|abs_divider_g5h:divider|alt_u_div_4rf:divider|DFFStage[5]       ; Holo:holo|CalcPhase:calcPhase|lpm_add_sub:normalize|add_sub_c8e:auto_generated|pipeline_dffe[7]_OTERM11 ; pll|altpll_component|auto_generated|pll1|clk[0] ; pll|altpll_component|auto_generated|pll1|clk[0] ; 48.828       ; 0.293      ; 55.003     ;
; -5.875 ; Holo:holo|CalcPhase:calcPhase|lpm_divide:mod|lpm_divide_suq:auto_generated|abs_divider_g5h:divider|alt_u_div_4rf:divider|DFFStage[6]       ; Holo:holo|CalcPhase:calcPhase|lpm_add_sub:normalize|add_sub_c8e:auto_generated|pipeline_dffe[4]         ; pll|altpll_component|auto_generated|pll1|clk[0] ; pll|altpll_component|auto_generated|pll1|clk[0] ; 48.828       ; 0.293      ; 54.998     ;
; -5.874 ; Holo:holo|CalcPhase:calcPhase|lpm_divide:mod|lpm_divide_suq:auto_generated|abs_divider_g5h:divider|alt_u_div_4rf:divider|DFFStage[5]       ; Holo:holo|CalcPhase:calcPhase|lpm_add_sub:normalize|add_sub_c8e:auto_generated|pipeline_dffe[6]         ; pll|altpll_component|auto_generated|pll1|clk[0] ; pll|altpll_component|auto_generated|pll1|clk[0] ; 48.828       ; 0.293      ; 54.997     ;
; -5.871 ; Holo:holo|CalcPhase:calcPhase|lpm_divide:mod|lpm_divide_suq:auto_generated|abs_divider_g5h:divider|alt_u_div_4rf:divider|DFFStage[3]       ; Holo:holo|CalcPhase:calcPhase|lpm_add_sub:normalize|add_sub_c8e:auto_generated|pipeline_dffe[7]_OTERM11 ; pll|altpll_component|auto_generated|pll1|clk[0] ; pll|altpll_component|auto_generated|pll1|clk[0] ; 48.828       ; 0.293      ; 54.994     ;
; -5.868 ; Holo:holo|CalcPhase:calcPhase|lpm_divide:mod|lpm_divide_suq:auto_generated|abs_divider_g5h:divider|alt_u_div_4rf:divider|DFFStage[1]       ; Holo:holo|CalcPhase:calcPhase|lpm_add_sub:normalize|add_sub_c8e:auto_generated|pipeline_dffe[5]         ; pll|altpll_component|auto_generated|pll1|clk[0] ; pll|altpll_component|auto_generated|pll1|clk[0] ; 48.828       ; 0.293      ; 54.991     ;
; -5.865 ; Holo:holo|CalcPhase:calcPhase|lpm_divide:mod|lpm_divide_suq:auto_generated|abs_divider_g5h:divider|alt_u_div_4rf:divider|DFFStage[3]       ; Holo:holo|CalcPhase:calcPhase|lpm_add_sub:normalize|add_sub_c8e:auto_generated|pipeline_dffe[6]         ; pll|altpll_component|auto_generated|pll1|clk[0] ; pll|altpll_component|auto_generated|pll1|clk[0] ; 48.828       ; 0.293      ; 54.988     ;
; -5.862 ; Holo:holo|CalcPhase:calcPhase|lpm_divide:mod|lpm_divide_suq:auto_generated|abs_divider_g5h:divider|alt_u_div_4rf:divider|DFFStage[1]       ; Holo:holo|CalcPhase:calcPhase|lpm_add_sub:normalize|add_sub_c8e:auto_generated|pipeline_dffe[4]         ; pll|altpll_component|auto_generated|pll1|clk[0] ; pll|altpll_component|auto_generated|pll1|clk[0] ; 48.828       ; 0.293      ; 54.985     ;
; -5.839 ; Holo:holo|CalcPhase:calcPhase|lpm_divide:mod|lpm_divide_suq:auto_generated|abs_divider_g5h:divider|alt_u_div_4rf:divider|DFFStage[8]       ; Holo:holo|CalcPhase:calcPhase|lpm_add_sub:normalize|add_sub_c8e:auto_generated|pipeline_dffe[7]_OTERM11 ; pll|altpll_component|auto_generated|pll1|clk[0] ; pll|altpll_component|auto_generated|pll1|clk[0] ; 48.828       ; 0.293      ; 54.962     ;
; -5.834 ; Holo:holo|CalcPhase:calcPhase|lpm_divide:mod|lpm_divide_suq:auto_generated|abs_divider_g5h:divider|alt_u_div_4rf:divider|DFFStage[2]       ; Holo:holo|CalcPhase:calcPhase|lpm_add_sub:normalize|add_sub_c8e:auto_generated|pipeline_dffe[3]         ; pll|altpll_component|auto_generated|pll1|clk[0] ; pll|altpll_component|auto_generated|pll1|clk[0] ; 48.828       ; 0.293      ; 54.957     ;
; -5.834 ; Holo:holo|CalcPhase:calcPhase|lpm_divide:mod|lpm_divide_suq:auto_generated|abs_divider_g5h:divider|alt_u_div_4rf:divider|DFFStage[4]       ; Holo:holo|CalcPhase:calcPhase|lpm_add_sub:normalize|add_sub_c8e:auto_generated|pipeline_dffe[3]         ; pll|altpll_component|auto_generated|pll1|clk[0] ; pll|altpll_component|auto_generated|pll1|clk[0] ; 48.828       ; 0.293      ; 54.957     ;
; -5.833 ; Holo:holo|CalcPhase:calcPhase|lpm_divide:mod|lpm_divide_suq:auto_generated|abs_divider_g5h:divider|alt_u_div_4rf:divider|DFFStage[8]       ; Holo:holo|CalcPhase:calcPhase|lpm_add_sub:normalize|add_sub_c8e:auto_generated|pipeline_dffe[6]         ; pll|altpll_component|auto_generated|pll1|clk[0] ; pll|altpll_component|auto_generated|pll1|clk[0] ; 48.828       ; 0.293      ; 54.956     ;
; -5.828 ; Holo:holo|CalcPhase:calcPhase|lpm_divide:mod|lpm_divide_suq:auto_generated|abs_divider_g5h:divider|alt_u_div_4rf:divider|DFFStage[2]       ; Holo:holo|CalcPhase:calcPhase|lpm_add_sub:normalize|add_sub_c8e:auto_generated|pipeline_dffe[2]         ; pll|altpll_component|auto_generated|pll1|clk[0] ; pll|altpll_component|auto_generated|pll1|clk[0] ; 48.828       ; 0.293      ; 54.951     ;
; -5.828 ; Holo:holo|CalcPhase:calcPhase|lpm_divide:mod|lpm_divide_suq:auto_generated|abs_divider_g5h:divider|alt_u_div_4rf:divider|DFFStage[4]       ; Holo:holo|CalcPhase:calcPhase|lpm_add_sub:normalize|add_sub_c8e:auto_generated|pipeline_dffe[2]         ; pll|altpll_component|auto_generated|pll1|clk[0] ; pll|altpll_component|auto_generated|pll1|clk[0] ; 48.828       ; 0.293      ; 54.951     ;
; -5.755 ; Holo:holo|CalcPhase:calcPhase|lpm_divide:mod|lpm_divide_suq:auto_generated|abs_divider_g5h:divider|alt_u_div_4rf:divider|DFFStage[6]       ; Holo:holo|CalcPhase:calcPhase|lpm_add_sub:normalize|add_sub_c8e:auto_generated|pipeline_dffe[3]         ; pll|altpll_component|auto_generated|pll1|clk[0] ; pll|altpll_component|auto_generated|pll1|clk[0] ; 48.828       ; 0.293      ; 54.878     ;
; -5.754 ; Holo:holo|CalcPhase:calcPhase|lpm_divide:mod|lpm_divide_suq:auto_generated|abs_divider_g5h:divider|alt_u_div_4rf:divider|DFFStage[5]       ; Holo:holo|CalcPhase:calcPhase|lpm_add_sub:normalize|add_sub_c8e:auto_generated|pipeline_dffe[5]         ; pll|altpll_component|auto_generated|pll1|clk[0] ; pll|altpll_component|auto_generated|pll1|clk[0] ; 48.828       ; 0.293      ; 54.877     ;
; -5.749 ; Holo:holo|CalcPhase:calcPhase|lpm_divide:mod|lpm_divide_suq:auto_generated|abs_divider_g5h:divider|alt_u_div_4rf:divider|DFFStage[6]       ; Holo:holo|CalcPhase:calcPhase|lpm_add_sub:normalize|add_sub_c8e:auto_generated|pipeline_dffe[2]         ; pll|altpll_component|auto_generated|pll1|clk[0] ; pll|altpll_component|auto_generated|pll1|clk[0] ; 48.828       ; 0.293      ; 54.872     ;
; -5.748 ; Holo:holo|CalcPhase:calcPhase|lpm_divide:mod|lpm_divide_suq:auto_generated|abs_divider_g5h:divider|alt_u_div_4rf:divider|DFFStage[5]       ; Holo:holo|CalcPhase:calcPhase|lpm_add_sub:normalize|add_sub_c8e:auto_generated|pipeline_dffe[4]         ; pll|altpll_component|auto_generated|pll1|clk[0] ; pll|altpll_component|auto_generated|pll1|clk[0] ; 48.828       ; 0.293      ; 54.871     ;
; -5.745 ; Holo:holo|CalcPhase:calcPhase|lpm_divide:mod|lpm_divide_suq:auto_generated|abs_divider_g5h:divider|alt_u_div_4rf:divider|DFFStage[3]       ; Holo:holo|CalcPhase:calcPhase|lpm_add_sub:normalize|add_sub_c8e:auto_generated|pipeline_dffe[5]         ; pll|altpll_component|auto_generated|pll1|clk[0] ; pll|altpll_component|auto_generated|pll1|clk[0] ; 48.828       ; 0.293      ; 54.868     ;
; -5.742 ; Holo:holo|CalcPhase:calcPhase|lpm_divide:mod|lpm_divide_suq:auto_generated|abs_divider_g5h:divider|alt_u_div_4rf:divider|DFFStage[1]       ; Holo:holo|CalcPhase:calcPhase|lpm_add_sub:normalize|add_sub_c8e:auto_generated|pipeline_dffe[3]         ; pll|altpll_component|auto_generated|pll1|clk[0] ; pll|altpll_component|auto_generated|pll1|clk[0] ; 48.828       ; 0.293      ; 54.865     ;
; -5.741 ; Holo:holo|CalcPhase:calcPhase|lpm_divide:mod|lpm_divide_suq:auto_generated|abs_divider_g5h:divider|alt_u_div_4rf:divider|DFFStage[7]       ; Holo:holo|CalcPhase:calcPhase|lpm_add_sub:normalize|add_sub_c8e:auto_generated|pipeline_dffe[8]_OTERM5  ; pll|altpll_component|auto_generated|pll1|clk[0] ; pll|altpll_component|auto_generated|pll1|clk[0] ; 48.828       ; 0.293      ; 54.864     ;
; -5.739 ; Holo:holo|CalcPhase:calcPhase|lpm_divide:mod|lpm_divide_suq:auto_generated|abs_divider_g5h:divider|alt_u_div_4rf:divider|DFFStage[3]       ; Holo:holo|CalcPhase:calcPhase|lpm_add_sub:normalize|add_sub_c8e:auto_generated|pipeline_dffe[4]         ; pll|altpll_component|auto_generated|pll1|clk[0] ; pll|altpll_component|auto_generated|pll1|clk[0] ; 48.828       ; 0.293      ; 54.862     ;
; -5.736 ; Holo:holo|CalcPhase:calcPhase|lpm_divide:mod|lpm_divide_suq:auto_generated|abs_divider_g5h:divider|alt_u_div_4rf:divider|DFFStage[1]       ; Holo:holo|CalcPhase:calcPhase|lpm_add_sub:normalize|add_sub_c8e:auto_generated|pipeline_dffe[2]         ; pll|altpll_component|auto_generated|pll1|clk[0] ; pll|altpll_component|auto_generated|pll1|clk[0] ; 48.828       ; 0.293      ; 54.859     ;
; -5.713 ; Holo:holo|CalcPhase:calcPhase|lpm_divide:mod|lpm_divide_suq:auto_generated|abs_divider_g5h:divider|alt_u_div_4rf:divider|DFFStage[8]       ; Holo:holo|CalcPhase:calcPhase|lpm_add_sub:normalize|add_sub_c8e:auto_generated|pipeline_dffe[5]         ; pll|altpll_component|auto_generated|pll1|clk[0] ; pll|altpll_component|auto_generated|pll1|clk[0] ; 48.828       ; 0.293      ; 54.836     ;
; -5.707 ; Holo:holo|CalcPhase:calcPhase|lpm_divide:mod|lpm_divide_suq:auto_generated|abs_divider_g5h:divider|alt_u_div_4rf:divider|DFFStage[8]       ; Holo:holo|CalcPhase:calcPhase|lpm_add_sub:normalize|add_sub_c8e:auto_generated|pipeline_dffe[4]         ; pll|altpll_component|auto_generated|pll1|clk[0] ; pll|altpll_component|auto_generated|pll1|clk[0] ; 48.828       ; 0.293      ; 54.830     ;
; -5.628 ; Holo:holo|CalcPhase:calcPhase|lpm_divide:mod|lpm_divide_suq:auto_generated|abs_divider_g5h:divider|alt_u_div_4rf:divider|DFFStage[5]       ; Holo:holo|CalcPhase:calcPhase|lpm_add_sub:normalize|add_sub_c8e:auto_generated|pipeline_dffe[3]         ; pll|altpll_component|auto_generated|pll1|clk[0] ; pll|altpll_component|auto_generated|pll1|clk[0] ; 48.828       ; 0.293      ; 54.751     ;
; -5.622 ; Holo:holo|CalcPhase:calcPhase|lpm_divide:mod|lpm_divide_suq:auto_generated|abs_divider_g5h:divider|alt_u_div_4rf:divider|DFFStage[5]       ; Holo:holo|CalcPhase:calcPhase|lpm_add_sub:normalize|add_sub_c8e:auto_generated|pipeline_dffe[2]         ; pll|altpll_component|auto_generated|pll1|clk[0] ; pll|altpll_component|auto_generated|pll1|clk[0] ; 48.828       ; 0.293      ; 54.745     ;
; -5.621 ; Holo:holo|CalcPhase:calcPhase|lpm_divide:mod|lpm_divide_suq:auto_generated|abs_divider_g5h:divider|alt_u_div_4rf:divider|DFFStage[7]       ; Holo:holo|CalcPhase:calcPhase|lpm_add_sub:normalize|add_sub_c8e:auto_generated|pipeline_dffe[7]_OTERM11 ; pll|altpll_component|auto_generated|pll1|clk[0] ; pll|altpll_component|auto_generated|pll1|clk[0] ; 48.828       ; 0.293      ; 54.744     ;
; -5.619 ; Holo:holo|CalcPhase:calcPhase|lpm_divide:mod|lpm_divide_suq:auto_generated|abs_divider_g5h:divider|alt_u_div_4rf:divider|DFFStage[3]       ; Holo:holo|CalcPhase:calcPhase|lpm_add_sub:normalize|add_sub_c8e:auto_generated|pipeline_dffe[3]         ; pll|altpll_component|auto_generated|pll1|clk[0] ; pll|altpll_component|auto_generated|pll1|clk[0] ; 48.828       ; 0.293      ; 54.742     ;
; -5.615 ; Holo:holo|CalcPhase:calcPhase|lpm_divide:mod|lpm_divide_suq:auto_generated|abs_divider_g5h:divider|alt_u_div_4rf:divider|DFFStage[7]       ; Holo:holo|CalcPhase:calcPhase|lpm_add_sub:normalize|add_sub_c8e:auto_generated|pipeline_dffe[6]         ; pll|altpll_component|auto_generated|pll1|clk[0] ; pll|altpll_component|auto_generated|pll1|clk[0] ; 48.828       ; 0.293      ; 54.738     ;
; -5.613 ; Holo:holo|CalcPhase:calcPhase|lpm_divide:mod|lpm_divide_suq:auto_generated|abs_divider_g5h:divider|alt_u_div_4rf:divider|DFFStage[3]       ; Holo:holo|CalcPhase:calcPhase|lpm_add_sub:normalize|add_sub_c8e:auto_generated|pipeline_dffe[2]         ; pll|altpll_component|auto_generated|pll1|clk[0] ; pll|altpll_component|auto_generated|pll1|clk[0] ; 48.828       ; 0.293      ; 54.736     ;
; -5.587 ; Holo:holo|CalcPhase:calcPhase|lpm_divide:mod|lpm_divide_suq:auto_generated|abs_divider_g5h:divider|alt_u_div_4rf:divider|DFFStage[8]       ; Holo:holo|CalcPhase:calcPhase|lpm_add_sub:normalize|add_sub_c8e:auto_generated|pipeline_dffe[3]         ; pll|altpll_component|auto_generated|pll1|clk[0] ; pll|altpll_component|auto_generated|pll1|clk[0] ; 48.828       ; 0.293      ; 54.710     ;
; -5.581 ; Holo:holo|CalcPhase:calcPhase|lpm_divide:mod|lpm_divide_suq:auto_generated|abs_divider_g5h:divider|alt_u_div_4rf:divider|DFFStage[8]       ; Holo:holo|CalcPhase:calcPhase|lpm_add_sub:normalize|add_sub_c8e:auto_generated|pipeline_dffe[2]         ; pll|altpll_component|auto_generated|pll1|clk[0] ; pll|altpll_component|auto_generated|pll1|clk[0] ; 48.828       ; 0.293      ; 54.704     ;
; -5.497 ; Holo:holo|CalcPhase:calcPhase|lpm_divide:mod|lpm_divide_suq:auto_generated|abs_divider_g5h:divider|alt_u_div_4rf:divider|DFFDenominator[8] ; Holo:holo|CalcPhase:calcPhase|lpm_add_sub:normalize|add_sub_c8e:auto_generated|pipeline_dffe[1]         ; pll|altpll_component|auto_generated|pll1|clk[0] ; pll|altpll_component|auto_generated|pll1|clk[0] ; 48.828       ; 0.293      ; 54.620     ;
; -5.495 ; Holo:holo|CalcPhase:calcPhase|lpm_divide:mod|lpm_divide_suq:auto_generated|abs_divider_g5h:divider|alt_u_div_4rf:divider|DFFStage[7]       ; Holo:holo|CalcPhase:calcPhase|lpm_add_sub:normalize|add_sub_c8e:auto_generated|pipeline_dffe[5]         ; pll|altpll_component|auto_generated|pll1|clk[0] ; pll|altpll_component|auto_generated|pll1|clk[0] ; 48.828       ; 0.293      ; 54.618     ;
; -5.489 ; Holo:holo|CalcPhase:calcPhase|lpm_divide:mod|lpm_divide_suq:auto_generated|abs_divider_g5h:divider|alt_u_div_4rf:divider|DFFStage[7]       ; Holo:holo|CalcPhase:calcPhase|lpm_add_sub:normalize|add_sub_c8e:auto_generated|pipeline_dffe[4]         ; pll|altpll_component|auto_generated|pll1|clk[0] ; pll|altpll_component|auto_generated|pll1|clk[0] ; 48.828       ; 0.293      ; 54.612     ;
; -5.450 ; Holo:holo|CalcPhase:calcPhase|lpm_divide:mod|lpm_divide_suq:auto_generated|abs_divider_g5h:divider|alt_u_div_4rf:divider|DFFNumerator[15]  ; Holo:holo|CalcPhase:calcPhase|lpm_add_sub:normalize|add_sub_c8e:auto_generated|pipeline_dffe[1]         ; pll|altpll_component|auto_generated|pll1|clk[0] ; pll|altpll_component|auto_generated|pll1|clk[0] ; 48.828       ; 0.293      ; 54.573     ;
; -5.393 ; Holo:holo|CalcPhase:calcPhase|lpm_divide:mod|lpm_divide_suq:auto_generated|abs_divider_g5h:divider|alt_u_div_4rf:divider|DFFStage[0]       ; Holo:holo|CalcPhase:calcPhase|lpm_add_sub:normalize|add_sub_c8e:auto_generated|pipeline_dffe[1]         ; pll|altpll_component|auto_generated|pll1|clk[0] ; pll|altpll_component|auto_generated|pll1|clk[0] ; 48.828       ; 0.293      ; 54.516     ;
; -5.369 ; Holo:holo|CalcPhase:calcPhase|lpm_divide:mod|lpm_divide_suq:auto_generated|abs_divider_g5h:divider|alt_u_div_4rf:divider|DFFStage[7]       ; Holo:holo|CalcPhase:calcPhase|lpm_add_sub:normalize|add_sub_c8e:auto_generated|pipeline_dffe[3]         ; pll|altpll_component|auto_generated|pll1|clk[0] ; pll|altpll_component|auto_generated|pll1|clk[0] ; 48.828       ; 0.293      ; 54.492     ;
; -5.363 ; Holo:holo|CalcPhase:calcPhase|lpm_divide:mod|lpm_divide_suq:auto_generated|abs_divider_g5h:divider|alt_u_div_4rf:divider|DFFStage[7]       ; Holo:holo|CalcPhase:calcPhase|lpm_add_sub:normalize|add_sub_c8e:auto_generated|pipeline_dffe[2]         ; pll|altpll_component|auto_generated|pll1|clk[0] ; pll|altpll_component|auto_generated|pll1|clk[0] ; 48.828       ; 0.293      ; 54.486     ;
; -5.269 ; Holo:holo|CalcPhase:calcPhase|lpm_divide:mod|lpm_divide_suq:auto_generated|abs_divider_g5h:divider|alt_u_div_4rf:divider|DFFStage[2]       ; Holo:holo|CalcPhase:calcPhase|lpm_add_sub:normalize|add_sub_c8e:auto_generated|pipeline_dffe[1]         ; pll|altpll_component|auto_generated|pll1|clk[0] ; pll|altpll_component|auto_generated|pll1|clk[0] ; 48.828       ; 0.293      ; 54.392     ;
; -5.269 ; Holo:holo|CalcPhase:calcPhase|lpm_divide:mod|lpm_divide_suq:auto_generated|abs_divider_g5h:divider|alt_u_div_4rf:divider|DFFStage[4]       ; Holo:holo|CalcPhase:calcPhase|lpm_add_sub:normalize|add_sub_c8e:auto_generated|pipeline_dffe[1]         ; pll|altpll_component|auto_generated|pll1|clk[0] ; pll|altpll_component|auto_generated|pll1|clk[0] ; 48.828       ; 0.293      ; 54.392     ;
; -5.190 ; Holo:holo|CalcPhase:calcPhase|lpm_divide:mod|lpm_divide_suq:auto_generated|abs_divider_g5h:divider|alt_u_div_4rf:divider|DFFStage[6]       ; Holo:holo|CalcPhase:calcPhase|lpm_add_sub:normalize|add_sub_c8e:auto_generated|pipeline_dffe[1]         ; pll|altpll_component|auto_generated|pll1|clk[0] ; pll|altpll_component|auto_generated|pll1|clk[0] ; 48.828       ; 0.293      ; 54.313     ;
; -5.177 ; Holo:holo|CalcPhase:calcPhase|lpm_divide:mod|lpm_divide_suq:auto_generated|abs_divider_g5h:divider|alt_u_div_4rf:divider|DFFStage[1]       ; Holo:holo|CalcPhase:calcPhase|lpm_add_sub:normalize|add_sub_c8e:auto_generated|pipeline_dffe[1]         ; pll|altpll_component|auto_generated|pll1|clk[0] ; pll|altpll_component|auto_generated|pll1|clk[0] ; 48.828       ; 0.293      ; 54.300     ;
; -5.063 ; Holo:holo|CalcPhase:calcPhase|lpm_divide:mod|lpm_divide_suq:auto_generated|abs_divider_g5h:divider|alt_u_div_4rf:divider|DFFStage[5]       ; Holo:holo|CalcPhase:calcPhase|lpm_add_sub:normalize|add_sub_c8e:auto_generated|pipeline_dffe[1]         ; pll|altpll_component|auto_generated|pll1|clk[0] ; pll|altpll_component|auto_generated|pll1|clk[0] ; 48.828       ; 0.293      ; 54.186     ;
; -5.054 ; Holo:holo|CalcPhase:calcPhase|lpm_divide:mod|lpm_divide_suq:auto_generated|abs_divider_g5h:divider|alt_u_div_4rf:divider|DFFStage[3]       ; Holo:holo|CalcPhase:calcPhase|lpm_add_sub:normalize|add_sub_c8e:auto_generated|pipeline_dffe[1]         ; pll|altpll_component|auto_generated|pll1|clk[0] ; pll|altpll_component|auto_generated|pll1|clk[0] ; 48.828       ; 0.293      ; 54.177     ;
; -5.022 ; Holo:holo|CalcPhase:calcPhase|lpm_divide:mod|lpm_divide_suq:auto_generated|abs_divider_g5h:divider|alt_u_div_4rf:divider|DFFStage[8]       ; Holo:holo|CalcPhase:calcPhase|lpm_add_sub:normalize|add_sub_c8e:auto_generated|pipeline_dffe[1]         ; pll|altpll_component|auto_generated|pll1|clk[0] ; pll|altpll_component|auto_generated|pll1|clk[0] ; 48.828       ; 0.293      ; 54.145     ;
; -4.865 ; Holo:holo|spiByteBuffer[0]                                                                                                                 ; Holo:holo|phaseFrameShadow[36][8]                                                                       ; sck                                             ; pll|altpll_component|auto_generated|pll1|clk[0] ; 0.004        ; -2.311     ; 2.500      ;
; -4.864 ; Holo:holo|spiByteBuffer[0]                                                                                                                 ; Holo:holo|phaseFrameShadow[48][8]                                                                       ; sck                                             ; pll|altpll_component|auto_generated|pll1|clk[0] ; 0.004        ; -2.311     ; 2.499      ;
; -4.804 ; Holo:holo|CalcPhase:calcPhase|lpm_divide:mod|lpm_divide_suq:auto_generated|abs_divider_g5h:divider|alt_u_div_4rf:divider|DFFStage[7]       ; Holo:holo|CalcPhase:calcPhase|lpm_add_sub:normalize|add_sub_c8e:auto_generated|pipeline_dffe[1]         ; pll|altpll_component|auto_generated|pll1|clk[0] ; pll|altpll_component|auto_generated|pll1|clk[0] ; 48.828       ; 0.293      ; 53.927     ;
; -4.622 ; Holo:holo|spiByteBuffer[0]                                                                                                                 ; Holo:holo|phaseFrameShadow[1][8]                                                                        ; sck                                             ; pll|altpll_component|auto_generated|pll1|clk[0] ; 0.004        ; -2.296     ; 2.272      ;
; -4.554 ; Holo:holo|spiByteBuffer[2]                                                                                                                 ; Holo:holo|spiParameter[1][10]                                                                           ; sck                                             ; pll|altpll_component|auto_generated|pll1|clk[0] ; 0.004        ; -2.316     ; 2.184      ;
; -4.483 ; Holo:holo|spiByteBuffer[0]                                                                                                                 ; Holo:holo|phaseFrameShadow[31][8]                                                                       ; sck                                             ; pll|altpll_component|auto_generated|pll1|clk[0] ; 0.004        ; -1.907     ; 2.522      ;
; -4.475 ; Holo:holo|spiByteBuffer[0]                                                                                                                 ; Holo:holo|phaseFrameShadow[27][8]                                                                       ; sck                                             ; pll|altpll_component|auto_generated|pll1|clk[0] ; 0.004        ; -1.901     ; 2.520      ;
; -4.471 ; Holo:holo|spiByteBuffer[0]                                                                                                                 ; Holo:holo|phaseFrameShadow[9][8]                                                                        ; sck                                             ; pll|altpll_component|auto_generated|pll1|clk[0] ; 0.004        ; -1.885     ; 2.532      ;
; -4.468 ; Holo:holo|spiByteBuffer[0]                                                                                                                 ; Holo:holo|phaseFrameShadow[13][8]                                                                       ; sck                                             ; pll|altpll_component|auto_generated|pll1|clk[0] ; 0.004        ; -1.886     ; 2.528      ;
; -4.452 ; Holo:holo|spiByteBuffer[0]                                                                                                                 ; Holo:holo|spiParameter[3][0]                                                                            ; sck                                             ; pll|altpll_component|auto_generated|pll1|clk[0] ; 0.004        ; -2.304     ; 2.094      ;
; -4.440 ; Holo:holo|spiByteBuffer[2]                                                                                                                 ; Holo:holo|spiParameter[4][2]                                                                            ; sck                                             ; pll|altpll_component|auto_generated|pll1|clk[0] ; 0.004        ; -2.318     ; 2.068      ;
; -4.422 ; Holo:holo|spiByteBuffer[0]                                                                                                                 ; Holo:holo|phaseFrameShadow[49][8]                                                                       ; sck                                             ; pll|altpll_component|auto_generated|pll1|clk[0] ; 0.004        ; -2.311     ; 2.057      ;
; -4.416 ; Holo:holo|spiByteBuffer[0]                                                                                                                 ; Holo:holo|phaseFrameShadow[43][8]                                                                       ; sck                                             ; pll|altpll_component|auto_generated|pll1|clk[0] ; 0.004        ; -2.303     ; 2.059      ;
+--------+--------------------------------------------------------------------------------------------------------------------------------------------+---------------------------------------------------------------------------------------------------------+-------------------------------------------------+-------------------------------------------------+--------------+------------+------------+


+------------------------------------------------------------------------------------------------------------------------------------+
; Slow 1200mV 0C Model Setup: 'sck'                                                                                                  ;
+--------+------------------------+----------------------------+--------------+-------------+--------------+------------+------------+
; Slack  ; From Node              ; To Node                    ; Launch Clock ; Latch Clock ; Relationship ; Clock Skew ; Data Delay ;
+--------+------------------------+----------------------------+--------------+-------------+--------------+------------+------------+
; -1.209 ; Holo:holo|spiBitCnt[2] ; Holo:holo|spiByteBuffer[3] ; sck          ; sck         ; 1.000        ; -0.070     ; 2.141      ;
; -1.209 ; Holo:holo|spiBitCnt[2] ; Holo:holo|spiByteBuffer[2] ; sck          ; sck         ; 1.000        ; -0.070     ; 2.141      ;
; -1.209 ; Holo:holo|spiBitCnt[2] ; Holo:holo|spiByteBuffer[7] ; sck          ; sck         ; 1.000        ; -0.070     ; 2.141      ;
; -1.209 ; Holo:holo|spiBitCnt[2] ; Holo:holo|spiByteBuffer[4] ; sck          ; sck         ; 1.000        ; -0.070     ; 2.141      ;
; -1.209 ; Holo:holo|spiBitCnt[2] ; Holo:holo|spiByteBuffer[6] ; sck          ; sck         ; 1.000        ; -0.070     ; 2.141      ;
; -1.209 ; Holo:holo|spiBitCnt[2] ; Holo:holo|spiByteBuffer[1] ; sck          ; sck         ; 1.000        ; -0.070     ; 2.141      ;
; -1.209 ; Holo:holo|spiBitCnt[2] ; Holo:holo|spiByteBuffer[5] ; sck          ; sck         ; 1.000        ; -0.070     ; 2.141      ;
; -1.209 ; Holo:holo|spiBitCnt[2] ; Holo:holo|spiByteBuffer[0] ; sck          ; sck         ; 1.000        ; -0.070     ; 2.141      ;
; -1.097 ; Holo:holo|spiBitCnt[1] ; Holo:holo|spiByteBuffer[2] ; sck          ; sck         ; 1.000        ; -0.070     ; 2.029      ;
; -1.097 ; Holo:holo|spiBitCnt[1] ; Holo:holo|spiByteBuffer[0] ; sck          ; sck         ; 1.000        ; -0.070     ; 2.029      ;
; -1.097 ; Holo:holo|spiBitCnt[1] ; Holo:holo|spiByteBuffer[7] ; sck          ; sck         ; 1.000        ; -0.070     ; 2.029      ;
; -1.097 ; Holo:holo|spiBitCnt[1] ; Holo:holo|spiByteBuffer[1] ; sck          ; sck         ; 1.000        ; -0.070     ; 2.029      ;
; -1.097 ; Holo:holo|spiBitCnt[1] ; Holo:holo|spiByteBuffer[5] ; sck          ; sck         ; 1.000        ; -0.070     ; 2.029      ;
; -1.097 ; Holo:holo|spiBitCnt[1] ; Holo:holo|spiByteBuffer[6] ; sck          ; sck         ; 1.000        ; -0.070     ; 2.029      ;
; -1.097 ; Holo:holo|spiBitCnt[1] ; Holo:holo|spiByteBuffer[4] ; sck          ; sck         ; 1.000        ; -0.070     ; 2.029      ;
; -1.097 ; Holo:holo|spiBitCnt[1] ; Holo:holo|spiByteBuffer[3] ; sck          ; sck         ; 1.000        ; -0.070     ; 2.029      ;
; -0.961 ; Holo:holo|spiBitCnt[0] ; Holo:holo|spiByteBuffer[6] ; sck          ; sck         ; 1.000        ; -0.070     ; 1.893      ;
; -0.961 ; Holo:holo|spiBitCnt[0] ; Holo:holo|spiByteBuffer[1] ; sck          ; sck         ; 1.000        ; -0.070     ; 1.893      ;
; -0.961 ; Holo:holo|spiBitCnt[0] ; Holo:holo|spiByteBuffer[0] ; sck          ; sck         ; 1.000        ; -0.070     ; 1.893      ;
; -0.961 ; Holo:holo|spiBitCnt[0] ; Holo:holo|spiByteBuffer[5] ; sck          ; sck         ; 1.000        ; -0.070     ; 1.893      ;
; -0.961 ; Holo:holo|spiBitCnt[0] ; Holo:holo|spiByteBuffer[4] ; sck          ; sck         ; 1.000        ; -0.070     ; 1.893      ;
; -0.961 ; Holo:holo|spiBitCnt[0] ; Holo:holo|spiByteBuffer[3] ; sck          ; sck         ; 1.000        ; -0.070     ; 1.893      ;
; -0.961 ; Holo:holo|spiBitCnt[0] ; Holo:holo|spiByteBuffer[7] ; sck          ; sck         ; 1.000        ; -0.070     ; 1.893      ;
; -0.961 ; Holo:holo|spiBitCnt[0] ; Holo:holo|spiByteBuffer[2] ; sck          ; sck         ; 1.000        ; -0.070     ; 1.893      ;
; -0.446 ; Holo:holo|spiBitCnt[1] ; Holo:holo|spiBitCnt[2]     ; sck          ; sck         ; 1.000        ; -0.071     ; 1.377      ;
; -0.434 ; Holo:holo|spiBitCnt[1] ; Holo:holo|spiByteAvailable ; sck          ; sck         ; 1.000        ; -0.071     ; 1.365      ;
; -0.255 ; Holo:holo|spiBitCnt[0] ; Holo:holo|spiBitCnt[1]     ; sck          ; sck         ; 1.000        ; -0.071     ; 1.186      ;
; -0.215 ; Holo:holo|spiBitCnt[2] ; Holo:holo|spiByteAvailable ; sck          ; sck         ; 1.000        ; -0.071     ; 1.146      ;
; -0.204 ; Holo:holo|spiBitCnt[0] ; Holo:holo|spiBitCnt[2]     ; sck          ; sck         ; 1.000        ; -0.071     ; 1.135      ;
; -0.082 ; Holo:holo|spiBitCnt[0] ; Holo:holo|spiByteAvailable ; sck          ; sck         ; 1.000        ; -0.071     ; 1.013      ;
; -0.050 ; Holo:holo|spiByte[1]   ; Holo:holo|spiByteBuffer[2] ; sck          ; sck         ; 1.000        ; -0.072     ; 0.980      ;
; -0.049 ; Holo:holo|spiByte[1]   ; Holo:holo|spiByte[2]       ; sck          ; sck         ; 1.000        ; -0.072     ; 0.979      ;
; 0.122  ; Holo:holo|spiByte[4]   ; Holo:holo|spiByteBuffer[5] ; sck          ; sck         ; 1.000        ; -0.072     ; 0.808      ;
; 0.123  ; Holo:holo|spiByte[5]   ; Holo:holo|spiByte[6]       ; sck          ; sck         ; 1.000        ; -0.072     ; 0.807      ;
; 0.123  ; Holo:holo|spiByte[4]   ; Holo:holo|spiByte[5]       ; sck          ; sck         ; 1.000        ; -0.072     ; 0.807      ;
; 0.123  ; Holo:holo|spiByte[2]   ; Holo:holo|spiByte[3]       ; sck          ; sck         ; 1.000        ; -0.072     ; 0.807      ;
; 0.123  ; Holo:holo|spiByte[3]   ; Holo:holo|spiByte[4]       ; sck          ; sck         ; 1.000        ; -0.072     ; 0.807      ;
; 0.123  ; Holo:holo|spiByte[2]   ; Holo:holo|spiByteBuffer[3] ; sck          ; sck         ; 1.000        ; -0.072     ; 0.807      ;
; 0.124  ; Holo:holo|spiByte[0]   ; Holo:holo|spiByteBuffer[1] ; sck          ; sck         ; 1.000        ; -0.072     ; 0.806      ;
; 0.124  ; Holo:holo|spiByte[5]   ; Holo:holo|spiByteBuffer[6] ; sck          ; sck         ; 1.000        ; -0.072     ; 0.806      ;
; 0.125  ; Holo:holo|spiByte[3]   ; Holo:holo|spiByteBuffer[4] ; sck          ; sck         ; 1.000        ; -0.072     ; 0.805      ;
; 0.126  ; Holo:holo|spiByte[0]   ; Holo:holo|spiByte[1]       ; sck          ; sck         ; 1.000        ; -0.072     ; 0.804      ;
; 0.136  ; Holo:holo|spiByte[6]   ; Holo:holo|spiByteBuffer[7] ; sck          ; sck         ; 1.000        ; -0.072     ; 0.794      ;
; 0.161  ; Holo:holo|spiBitCnt[2] ; Holo:holo|spiBitCnt[2]     ; sck          ; sck         ; 1.000        ; -0.071     ; 0.770      ;
; 0.161  ; Holo:holo|spiBitCnt[1] ; Holo:holo|spiBitCnt[1]     ; sck          ; sck         ; 1.000        ; -0.071     ; 0.770      ;
; 0.161  ; Holo:holo|spiBitCnt[0] ; Holo:holo|spiBitCnt[0]     ; sck          ; sck         ; 1.000        ; -0.071     ; 0.770      ;
+--------+------------------------+----------------------------+--------------+-------------+--------------+------------+------------+


+------------------------------------------------------------------------------------------------------------------------------------------------------------------------------------------------------------------------------------------------------------------------------------------------------------------------------------+
; Slow 1200mV 0C Model Hold: 'pll|altpll_component|auto_generated|pll1|clk[0]'                                                                                                                                                                                                                                                       ;
+-------+------------------------------------------------+------------------------------------------------------------------------------------------------------------------------------+-------------------------------------------------+-------------------------------------------------+--------------+------------+------------+
; Slack ; From Node                                      ; To Node                                                                                                                      ; Launch Clock                                    ; Latch Clock                                     ; Relationship ; Clock Skew ; Data Delay ;
+-------+------------------------------------------------+------------------------------------------------------------------------------------------------------------------------------+-------------------------------------------------+-------------------------------------------------+--------------+------------+------------+
; 0.401 ; Holo:holo|PwmCtrl:pwmCtrl|PWM:pwm[27]|outRaw   ; Holo:holo|PwmCtrl:pwmCtrl|PWM:pwm[27]|outRaw                                                                                 ; pll|altpll_component|auto_generated|pll1|clk[0] ; pll|altpll_component|auto_generated|pll1|clk[0] ; 0.000        ; 0.073      ; 0.669      ;
; 0.401 ; Holo:holo|PwmCtrl:pwmCtrl|PWM:pwm[24]|outRaw   ; Holo:holo|PwmCtrl:pwmCtrl|PWM:pwm[24]|outRaw                                                                                 ; pll|altpll_component|auto_generated|pll1|clk[0] ; pll|altpll_component|auto_generated|pll1|clk[0] ; 0.000        ; 0.073      ; 0.669      ;
; 0.401 ; Holo:holo|PwmCtrl:pwmCtrl|PWM:pwm[20]|outRaw   ; Holo:holo|PwmCtrl:pwmCtrl|PWM:pwm[20]|outRaw                                                                                 ; pll|altpll_component|auto_generated|pll1|clk[0] ; pll|altpll_component|auto_generated|pll1|clk[0] ; 0.000        ; 0.073      ; 0.669      ;
; 0.401 ; Holo:holo|PwmCtrl:pwmCtrl|PWM:pwm[15]|outRaw   ; Holo:holo|PwmCtrl:pwmCtrl|PWM:pwm[15]|outRaw                                                                                 ; pll|altpll_component|auto_generated|pll1|clk[0] ; pll|altpll_component|auto_generated|pll1|clk[0] ; 0.000        ; 0.073      ; 0.669      ;
; 0.401 ; Holo:holo|directPhaseMode                      ; Holo:holo|directPhaseMode                                                                                                    ; pll|altpll_component|auto_generated|pll1|clk[0] ; pll|altpll_component|auto_generated|pll1|clk[0] ; 0.000        ; 0.073      ; 0.669      ;
; 0.401 ; Holo:holo|PwmCtrl:pwmCtrl|PWM:pwm[11]|outRaw   ; Holo:holo|PwmCtrl:pwmCtrl|PWM:pwm[11]|outRaw                                                                                 ; pll|altpll_component|auto_generated|pll1|clk[0] ; pll|altpll_component|auto_generated|pll1|clk[0] ; 0.000        ; 0.073      ; 0.669      ;
; 0.401 ; Holo:holo|PwmCtrl:pwmCtrl|PWM:pwm[21]|outRaw   ; Holo:holo|PwmCtrl:pwmCtrl|PWM:pwm[21]|outRaw                                                                                 ; pll|altpll_component|auto_generated|pll1|clk[0] ; pll|altpll_component|auto_generated|pll1|clk[0] ; 0.000        ; 0.073      ; 0.669      ;
; 0.401 ; Holo:holo|readBufState[0]                      ; Holo:holo|readBufState[0]                                                                                                    ; pll|altpll_component|auto_generated|pll1|clk[0] ; pll|altpll_component|auto_generated|pll1|clk[0] ; 0.000        ; 0.073      ; 0.669      ;
; 0.401 ; Holo:holo|PwmCtrl:pwmCtrl|PWM:pwm[13]|outRaw   ; Holo:holo|PwmCtrl:pwmCtrl|PWM:pwm[13]|outRaw                                                                                 ; pll|altpll_component|auto_generated|pll1|clk[0] ; pll|altpll_component|auto_generated|pll1|clk[0] ; 0.000        ; 0.073      ; 0.669      ;
; 0.401 ; Holo:holo|PwmCtrl:pwmCtrl|PWM:pwm[10]|outRaw   ; Holo:holo|PwmCtrl:pwmCtrl|PWM:pwm[10]|outRaw                                                                                 ; pll|altpll_component|auto_generated|pll1|clk[0] ; pll|altpll_component|auto_generated|pll1|clk[0] ; 0.000        ; 0.073      ; 0.669      ;
; 0.401 ; Holo:holo|PwmCtrl:pwmCtrl|PWM:pwm[12]|outRaw   ; Holo:holo|PwmCtrl:pwmCtrl|PWM:pwm[12]|outRaw                                                                                 ; pll|altpll_component|auto_generated|pll1|clk[0] ; pll|altpll_component|auto_generated|pll1|clk[0] ; 0.000        ; 0.073      ; 0.669      ;
; 0.401 ; Holo:holo|ramWriteData[10]                     ; Holo:holo|PosColRam:posColRam|altsyncram:altsyncram_component|altsyncram_4pn1:auto_generated|ram_block1a10~porta_datain_reg0 ; pll|altpll_component|auto_generated|pll1|clk[0] ; pll|altpll_component|auto_generated|pll1|clk[0] ; 0.000        ; 0.430      ; 1.061      ;
; 0.401 ; Holo:holo|PwmCtrl:pwmCtrl|PWM:pwm[3]|outRaw    ; Holo:holo|PwmCtrl:pwmCtrl|PWM:pwm[3]|outRaw                                                                                  ; pll|altpll_component|auto_generated|pll1|clk[0] ; pll|altpll_component|auto_generated|pll1|clk[0] ; 0.000        ; 0.073      ; 0.669      ;
; 0.401 ; Holo:holo|PwmCtrl:pwmCtrl|PWM:pwm[4]|outRaw    ; Holo:holo|PwmCtrl:pwmCtrl|PWM:pwm[4]|outRaw                                                                                  ; pll|altpll_component|auto_generated|pll1|clk[0] ; pll|altpll_component|auto_generated|pll1|clk[0] ; 0.000        ; 0.073      ; 0.669      ;
; 0.401 ; Holo:holo|PwmCtrl:pwmCtrl|PWM:pwm[5]|outRaw    ; Holo:holo|PwmCtrl:pwmCtrl|PWM:pwm[5]|outRaw                                                                                  ; pll|altpll_component|auto_generated|pll1|clk[0] ; pll|altpll_component|auto_generated|pll1|clk[0] ; 0.000        ; 0.073      ; 0.669      ;
; 0.401 ; Holo:holo|PwmCtrl:pwmCtrl|PWM:pwm[6]|outRaw    ; Holo:holo|PwmCtrl:pwmCtrl|PWM:pwm[6]|outRaw                                                                                  ; pll|altpll_component|auto_generated|pll1|clk[0] ; pll|altpll_component|auto_generated|pll1|clk[0] ; 0.000        ; 0.073      ; 0.669      ;
; 0.401 ; Holo:holo|PwmCtrl:pwmCtrl|PWM:pwm[7]|outRaw    ; Holo:holo|PwmCtrl:pwmCtrl|PWM:pwm[7]|outRaw                                                                                  ; pll|altpll_component|auto_generated|pll1|clk[0] ; pll|altpll_component|auto_generated|pll1|clk[0] ; 0.000        ; 0.073      ; 0.669      ;
; 0.401 ; Holo:holo|PwmCtrl:pwmCtrl|PWM:pwm[8]|outRaw    ; Holo:holo|PwmCtrl:pwmCtrl|PWM:pwm[8]|outRaw                                                                                  ; pll|altpll_component|auto_generated|pll1|clk[0] ; pll|altpll_component|auto_generated|pll1|clk[0] ; 0.000        ; 0.073      ; 0.669      ;
; 0.401 ; Holo:holo|readBufState[1]                      ; Holo:holo|readBufState[1]                                                                                                    ; pll|altpll_component|auto_generated|pll1|clk[0] ; pll|altpll_component|auto_generated|pll1|clk[0] ; 0.000        ; 0.073      ; 0.669      ;
; 0.401 ; Holo:holo|PwmCtrl:pwmCtrl|PWM:pwm[19]|outRaw   ; Holo:holo|PwmCtrl:pwmCtrl|PWM:pwm[19]|outRaw                                                                                 ; pll|altpll_component|auto_generated|pll1|clk[0] ; pll|altpll_component|auto_generated|pll1|clk[0] ; 0.000        ; 0.073      ; 0.669      ;
; 0.401 ; Holo:holo|PwmCtrl:pwmCtrl|PWM:pwm[23]|outRaw   ; Holo:holo|PwmCtrl:pwmCtrl|PWM:pwm[23]|outRaw                                                                                 ; pll|altpll_component|auto_generated|pll1|clk[0] ; pll|altpll_component|auto_generated|pll1|clk[0] ; 0.000        ; 0.073      ; 0.669      ;
; 0.401 ; Holo:holo|PwmCtrl:pwmCtrl|PWM:pwm[22]|outRaw   ; Holo:holo|PwmCtrl:pwmCtrl|PWM:pwm[22]|outRaw                                                                                 ; pll|altpll_component|auto_generated|pll1|clk[0] ; pll|altpll_component|auto_generated|pll1|clk[0] ; 0.000        ; 0.073      ; 0.669      ;
; 0.401 ; Holo:holo|PwmCtrl:pwmCtrl|PWM:pwm[0]|outRaw    ; Holo:holo|PwmCtrl:pwmCtrl|PWM:pwm[0]|outRaw                                                                                  ; pll|altpll_component|auto_generated|pll1|clk[0] ; pll|altpll_component|auto_generated|pll1|clk[0] ; 0.000        ; 0.073      ; 0.669      ;
; 0.401 ; Holo:holo|PwmCtrl:pwmCtrl|PWM:pwm[9]|outRaw    ; Holo:holo|PwmCtrl:pwmCtrl|PWM:pwm[9]|outRaw                                                                                  ; pll|altpll_component|auto_generated|pll1|clk[0] ; pll|altpll_component|auto_generated|pll1|clk[0] ; 0.000        ; 0.073      ; 0.669      ;
; 0.401 ; Holo:holo|PwmCtrl:pwmCtrl|PWM:pwm[25]|outRaw   ; Holo:holo|PwmCtrl:pwmCtrl|PWM:pwm[25]|outRaw                                                                                 ; pll|altpll_component|auto_generated|pll1|clk[0] ; pll|altpll_component|auto_generated|pll1|clk[0] ; 0.000        ; 0.073      ; 0.669      ;
; 0.401 ; Holo:holo|PwmCtrl:pwmCtrl|PWM:pwm[26]|outRaw   ; Holo:holo|PwmCtrl:pwmCtrl|PWM:pwm[26]|outRaw                                                                                 ; pll|altpll_component|auto_generated|pll1|clk[0] ; pll|altpll_component|auto_generated|pll1|clk[0] ; 0.000        ; 0.073      ; 0.669      ;
; 0.401 ; Reset:reset|cnt[1]                             ; Reset:reset|cnt[1]                                                                                                           ; pll|altpll_component|auto_generated|pll1|clk[0] ; pll|altpll_component|auto_generated|pll1|clk[0] ; 0.000        ; 0.073      ; 0.669      ;
; 0.401 ; Holo:holo|PwmCtrl:pwmCtrl|PWM:pwm[14]|outRaw   ; Holo:holo|PwmCtrl:pwmCtrl|PWM:pwm[14]|outRaw                                                                                 ; pll|altpll_component|auto_generated|pll1|clk[0] ; pll|altpll_component|auto_generated|pll1|clk[0] ; 0.000        ; 0.073      ; 0.669      ;
; 0.401 ; Holo:holo|CalcPhase:calcPhase|phaseEnabled[1]  ; Holo:holo|CalcPhase:calcPhase|phaseEnabled[1]                                                                                ; pll|altpll_component|auto_generated|pll1|clk[0] ; pll|altpll_component|auto_generated|pll1|clk[0] ; 0.000        ; 0.073      ; 0.669      ;
; 0.401 ; Holo:holo|CalcPhase:calcPhase|phaseEnabled[2]  ; Holo:holo|CalcPhase:calcPhase|phaseEnabled[2]                                                                                ; pll|altpll_component|auto_generated|pll1|clk[0] ; pll|altpll_component|auto_generated|pll1|clk[0] ; 0.000        ; 0.073      ; 0.669      ;
; 0.401 ; Holo:holo|PwmCtrl:pwmCtrl|PWM:pwm[16]|outRaw   ; Holo:holo|PwmCtrl:pwmCtrl|PWM:pwm[16]|outRaw                                                                                 ; pll|altpll_component|auto_generated|pll1|clk[0] ; pll|altpll_component|auto_generated|pll1|clk[0] ; 0.000        ; 0.073      ; 0.669      ;
; 0.401 ; Holo:holo|PwmCtrl:pwmCtrl|PWM:pwm[17]|outRaw   ; Holo:holo|PwmCtrl:pwmCtrl|PWM:pwm[17]|outRaw                                                                                 ; pll|altpll_component|auto_generated|pll1|clk[0] ; pll|altpll_component|auto_generated|pll1|clk[0] ; 0.000        ; 0.073      ; 0.669      ;
; 0.401 ; Holo:holo|PwmCtrl:pwmCtrl|PWM:pwm[18]|outRaw   ; Holo:holo|PwmCtrl:pwmCtrl|PWM:pwm[18]|outRaw                                                                                 ; pll|altpll_component|auto_generated|pll1|clk[0] ; pll|altpll_component|auto_generated|pll1|clk[0] ; 0.000        ; 0.073      ; 0.669      ;
; 0.401 ; Holo:holo|PwmCtrl:pwmCtrl|syncDetected         ; Holo:holo|PwmCtrl:pwmCtrl|syncDetected                                                                                       ; pll|altpll_component|auto_generated|pll1|clk[0] ; pll|altpll_component|auto_generated|pll1|clk[0] ; 0.000        ; 0.073      ; 0.669      ;
; 0.401 ; Holo:holo|CalcPhase:calcPhase|state[0]         ; Holo:holo|CalcPhase:calcPhase|state[0]                                                                                       ; pll|altpll_component|auto_generated|pll1|clk[0] ; pll|altpll_component|auto_generated|pll1|clk[0] ; 0.000        ; 0.073      ; 0.669      ;
; 0.401 ; Holo:holo|PwmCtrl:pwmCtrl|PWM:pwm[2]|outRaw    ; Holo:holo|PwmCtrl:pwmCtrl|PWM:pwm[2]|outRaw                                                                                  ; pll|altpll_component|auto_generated|pll1|clk[0] ; pll|altpll_component|auto_generated|pll1|clk[0] ; 0.000        ; 0.073      ; 0.669      ;
; 0.401 ; Holo:holo|PwmCtrl:pwmCtrl|PWM:pwm[1]|outRaw    ; Holo:holo|PwmCtrl:pwmCtrl|PWM:pwm[1]|outRaw                                                                                  ; pll|altpll_component|auto_generated|pll1|clk[0] ; pll|altpll_component|auto_generated|pll1|clk[0] ; 0.000        ; 0.073      ; 0.669      ;
; 0.401 ; Holo:holo|CalcPhase:calcPhase|phaseEnabled[0]  ; Holo:holo|CalcPhase:calcPhase|phaseEnabled[0]                                                                                ; pll|altpll_component|auto_generated|pll1|clk[0] ; pll|altpll_component|auto_generated|pll1|clk[0] ; 0.000        ; 0.073      ; 0.669      ;
; 0.401 ; Holo:holo|CalcPhase:calcPhase|phaseEnabled[3]  ; Holo:holo|CalcPhase:calcPhase|phaseEnabled[3]                                                                                ; pll|altpll_component|auto_generated|pll1|clk[0] ; pll|altpll_component|auto_generated|pll1|clk[0] ; 0.000        ; 0.073      ; 0.669      ;
; 0.401 ; Holo:holo|CalcPhase:calcPhase|phaseEnabled[4]  ; Holo:holo|CalcPhase:calcPhase|phaseEnabled[4]                                                                                ; pll|altpll_component|auto_generated|pll1|clk[0] ; pll|altpll_component|auto_generated|pll1|clk[0] ; 0.000        ; 0.073      ; 0.669      ;
; 0.401 ; Holo:holo|CalcPhase:calcPhase|phaseEnabled[5]  ; Holo:holo|CalcPhase:calcPhase|phaseEnabled[5]                                                                                ; pll|altpll_component|auto_generated|pll1|clk[0] ; pll|altpll_component|auto_generated|pll1|clk[0] ; 0.000        ; 0.073      ; 0.669      ;
; 0.401 ; Holo:holo|CalcPhase:calcPhase|phaseEnabled[6]  ; Holo:holo|CalcPhase:calcPhase|phaseEnabled[6]                                                                                ; pll|altpll_component|auto_generated|pll1|clk[0] ; pll|altpll_component|auto_generated|pll1|clk[0] ; 0.000        ; 0.073      ; 0.669      ;
; 0.401 ; Holo:holo|CalcPhase:calcPhase|phaseEnabled[7]  ; Holo:holo|CalcPhase:calcPhase|phaseEnabled[7]                                                                                ; pll|altpll_component|auto_generated|pll1|clk[0] ; pll|altpll_component|auto_generated|pll1|clk[0] ; 0.000        ; 0.073      ; 0.669      ;
; 0.401 ; Holo:holo|CalcPhase:calcPhase|phaseEnabled[8]  ; Holo:holo|CalcPhase:calcPhase|phaseEnabled[8]                                                                                ; pll|altpll_component|auto_generated|pll1|clk[0] ; pll|altpll_component|auto_generated|pll1|clk[0] ; 0.000        ; 0.073      ; 0.669      ;
; 0.401 ; Holo:holo|CalcPhase:calcPhase|phaseEnabled[16] ; Holo:holo|CalcPhase:calcPhase|phaseEnabled[16]                                                                               ; pll|altpll_component|auto_generated|pll1|clk[0] ; pll|altpll_component|auto_generated|pll1|clk[0] ; 0.000        ; 0.073      ; 0.669      ;
; 0.401 ; Holo:holo|CalcPhase:calcPhase|phaseEnabled[17] ; Holo:holo|CalcPhase:calcPhase|phaseEnabled[17]                                                                               ; pll|altpll_component|auto_generated|pll1|clk[0] ; pll|altpll_component|auto_generated|pll1|clk[0] ; 0.000        ; 0.073      ; 0.669      ;
; 0.401 ; Holo:holo|CalcPhase:calcPhase|phaseEnabled[19] ; Holo:holo|CalcPhase:calcPhase|phaseEnabled[19]                                                                               ; pll|altpll_component|auto_generated|pll1|clk[0] ; pll|altpll_component|auto_generated|pll1|clk[0] ; 0.000        ; 0.073      ; 0.669      ;
; 0.401 ; Holo:holo|CalcPhase:calcPhase|phaseEnabled[21] ; Holo:holo|CalcPhase:calcPhase|phaseEnabled[21]                                                                               ; pll|altpll_component|auto_generated|pll1|clk[0] ; pll|altpll_component|auto_generated|pll1|clk[0] ; 0.000        ; 0.073      ; 0.669      ;
; 0.401 ; Holo:holo|CalcPhase:calcPhase|phaseEnabled[22] ; Holo:holo|CalcPhase:calcPhase|phaseEnabled[22]                                                                               ; pll|altpll_component|auto_generated|pll1|clk[0] ; pll|altpll_component|auto_generated|pll1|clk[0] ; 0.000        ; 0.073      ; 0.669      ;
; 0.401 ; Holo:holo|CalcPhase:calcPhase|phaseEnabled[24] ; Holo:holo|CalcPhase:calcPhase|phaseEnabled[24]                                                                               ; pll|altpll_component|auto_generated|pll1|clk[0] ; pll|altpll_component|auto_generated|pll1|clk[0] ; 0.000        ; 0.073      ; 0.669      ;
; 0.401 ; Holo:holo|CalcPhase:calcPhase|phaseEnabled[25] ; Holo:holo|CalcPhase:calcPhase|phaseEnabled[25]                                                                               ; pll|altpll_component|auto_generated|pll1|clk[0] ; pll|altpll_component|auto_generated|pll1|clk[0] ; 0.000        ; 0.073      ; 0.669      ;
; 0.401 ; Holo:holo|CalcPhase:calcPhase|phaseEnabled[26] ; Holo:holo|CalcPhase:calcPhase|phaseEnabled[26]                                                                               ; pll|altpll_component|auto_generated|pll1|clk[0] ; pll|altpll_component|auto_generated|pll1|clk[0] ; 0.000        ; 0.073      ; 0.669      ;
; 0.401 ; Holo:holo|CalcPhase:calcPhase|phaseEnabled[27] ; Holo:holo|CalcPhase:calcPhase|phaseEnabled[27]                                                                               ; pll|altpll_component|auto_generated|pll1|clk[0] ; pll|altpll_component|auto_generated|pll1|clk[0] ; 0.000        ; 0.073      ; 0.669      ;
; 0.401 ; Holo:holo|CalcPhase:calcPhase|phaseEnabled[28] ; Holo:holo|CalcPhase:calcPhase|phaseEnabled[28]                                                                               ; pll|altpll_component|auto_generated|pll1|clk[0] ; pll|altpll_component|auto_generated|pll1|clk[0] ; 0.000        ; 0.073      ; 0.669      ;
; 0.401 ; Holo:holo|CalcPhase:calcPhase|phaseEnabled[29] ; Holo:holo|CalcPhase:calcPhase|phaseEnabled[29]                                                                               ; pll|altpll_component|auto_generated|pll1|clk[0] ; pll|altpll_component|auto_generated|pll1|clk[0] ; 0.000        ; 0.073      ; 0.669      ;
; 0.401 ; Holo:holo|CalcPhase:calcPhase|phaseEnabled[30] ; Holo:holo|CalcPhase:calcPhase|phaseEnabled[30]                                                                               ; pll|altpll_component|auto_generated|pll1|clk[0] ; pll|altpll_component|auto_generated|pll1|clk[0] ; 0.000        ; 0.073      ; 0.669      ;
; 0.401 ; Holo:holo|CalcPhase:calcPhase|phaseEnabled[31] ; Holo:holo|CalcPhase:calcPhase|phaseEnabled[31]                                                                               ; pll|altpll_component|auto_generated|pll1|clk[0] ; pll|altpll_component|auto_generated|pll1|clk[0] ; 0.000        ; 0.073      ; 0.669      ;
; 0.401 ; Holo:holo|CalcPhase:calcPhase|phaseEnabled[32] ; Holo:holo|CalcPhase:calcPhase|phaseEnabled[32]                                                                               ; pll|altpll_component|auto_generated|pll1|clk[0] ; pll|altpll_component|auto_generated|pll1|clk[0] ; 0.000        ; 0.073      ; 0.669      ;
; 0.401 ; Holo:holo|CalcPhase:calcPhase|phaseEnabled[33] ; Holo:holo|CalcPhase:calcPhase|phaseEnabled[33]                                                                               ; pll|altpll_component|auto_generated|pll1|clk[0] ; pll|altpll_component|auto_generated|pll1|clk[0] ; 0.000        ; 0.073      ; 0.669      ;
; 0.401 ; Holo:holo|CalcPhase:calcPhase|phaseEnabled[38] ; Holo:holo|CalcPhase:calcPhase|phaseEnabled[38]                                                                               ; pll|altpll_component|auto_generated|pll1|clk[0] ; pll|altpll_component|auto_generated|pll1|clk[0] ; 0.000        ; 0.073      ; 0.669      ;
; 0.401 ; Holo:holo|CalcPhase:calcPhase|phaseEnabled[39] ; Holo:holo|CalcPhase:calcPhase|phaseEnabled[39]                                                                               ; pll|altpll_component|auto_generated|pll1|clk[0] ; pll|altpll_component|auto_generated|pll1|clk[0] ; 0.000        ; 0.073      ; 0.669      ;
; 0.401 ; Holo:holo|CalcPhase:calcPhase|phaseEnabled[40] ; Holo:holo|CalcPhase:calcPhase|phaseEnabled[40]                                                                               ; pll|altpll_component|auto_generated|pll1|clk[0] ; pll|altpll_component|auto_generated|pll1|clk[0] ; 0.000        ; 0.073      ; 0.669      ;
; 0.401 ; Holo:holo|CalcPhase:calcPhase|phaseEnabled[48] ; Holo:holo|CalcPhase:calcPhase|phaseEnabled[48]                                                                               ; pll|altpll_component|auto_generated|pll1|clk[0] ; pll|altpll_component|auto_generated|pll1|clk[0] ; 0.000        ; 0.073      ; 0.669      ;
; 0.401 ; Holo:holo|CalcPhase:calcPhase|phaseEnabled[49] ; Holo:holo|CalcPhase:calcPhase|phaseEnabled[49]                                                                               ; pll|altpll_component|auto_generated|pll1|clk[0] ; pll|altpll_component|auto_generated|pll1|clk[0] ; 0.000        ; 0.073      ; 0.669      ;
; 0.401 ; Holo:holo|CalcPhase:calcPhase|cState[1]        ; Holo:holo|CalcPhase:calcPhase|cState[1]                                                                                      ; pll|altpll_component|auto_generated|pll1|clk[0] ; pll|altpll_component|auto_generated|pll1|clk[0] ; 0.000        ; 0.073      ; 0.669      ;
; 0.401 ; Holo:holo|LEDen                                ; Holo:holo|LEDen                                                                                                              ; pll|altpll_component|auto_generated|pll1|clk[0] ; pll|altpll_component|auto_generated|pll1|clk[0] ; 0.000        ; 0.073      ; 0.669      ;
; 0.401 ; Holo:holo|PwmCtrl:pwmCtrl|PWM:pwm[49]|outRaw   ; Holo:holo|PwmCtrl:pwmCtrl|PWM:pwm[49]|outRaw                                                                                 ; pll|altpll_component|auto_generated|pll1|clk[0] ; pll|altpll_component|auto_generated|pll1|clk[0] ; 0.000        ; 0.073      ; 0.669      ;
; 0.401 ; Holo:holo|PwmCtrl:pwmCtrl|PWM:pwm[48]|outRaw   ; Holo:holo|PwmCtrl:pwmCtrl|PWM:pwm[48]|outRaw                                                                                 ; pll|altpll_component|auto_generated|pll1|clk[0] ; pll|altpll_component|auto_generated|pll1|clk[0] ; 0.000        ; 0.073      ; 0.669      ;
; 0.401 ; Holo:holo|PwmCtrl:pwmCtrl|PWM:pwm[47]|outRaw   ; Holo:holo|PwmCtrl:pwmCtrl|PWM:pwm[47]|outRaw                                                                                 ; pll|altpll_component|auto_generated|pll1|clk[0] ; pll|altpll_component|auto_generated|pll1|clk[0] ; 0.000        ; 0.073      ; 0.669      ;
; 0.401 ; Holo:holo|PwmCtrl:pwmCtrl|PWM:pwm[46]|outRaw   ; Holo:holo|PwmCtrl:pwmCtrl|PWM:pwm[46]|outRaw                                                                                 ; pll|altpll_component|auto_generated|pll1|clk[0] ; pll|altpll_component|auto_generated|pll1|clk[0] ; 0.000        ; 0.073      ; 0.669      ;
; 0.401 ; Reset:reset|cnt[2]                             ; Reset:reset|cnt[2]                                                                                                           ; pll|altpll_component|auto_generated|pll1|clk[0] ; pll|altpll_component|auto_generated|pll1|clk[0] ; 0.000        ; 0.073      ; 0.669      ;
; 0.401 ; Holo:holo|PwmCtrl:pwmCtrl|PWM:pwm[45]|outRaw   ; Holo:holo|PwmCtrl:pwmCtrl|PWM:pwm[45]|outRaw                                                                                 ; pll|altpll_component|auto_generated|pll1|clk[0] ; pll|altpll_component|auto_generated|pll1|clk[0] ; 0.000        ; 0.073      ; 0.669      ;
; 0.401 ; Holo:holo|PwmCtrl:pwmCtrl|PWM:pwm[44]|outRaw   ; Holo:holo|PwmCtrl:pwmCtrl|PWM:pwm[44]|outRaw                                                                                 ; pll|altpll_component|auto_generated|pll1|clk[0] ; pll|altpll_component|auto_generated|pll1|clk[0] ; 0.000        ; 0.073      ; 0.669      ;
; 0.401 ; Holo:holo|PwmCtrl:pwmCtrl|PWM:pwm[43]|outRaw   ; Holo:holo|PwmCtrl:pwmCtrl|PWM:pwm[43]|outRaw                                                                                 ; pll|altpll_component|auto_generated|pll1|clk[0] ; pll|altpll_component|auto_generated|pll1|clk[0] ; 0.000        ; 0.073      ; 0.669      ;
; 0.401 ; Holo:holo|PwmCtrl:pwmCtrl|PWM:pwm[42]|outRaw   ; Holo:holo|PwmCtrl:pwmCtrl|PWM:pwm[42]|outRaw                                                                                 ; pll|altpll_component|auto_generated|pll1|clk[0] ; pll|altpll_component|auto_generated|pll1|clk[0] ; 0.000        ; 0.073      ; 0.669      ;
; 0.401 ; Holo:holo|PwmCtrl:pwmCtrl|PWM:pwm[41]|outRaw   ; Holo:holo|PwmCtrl:pwmCtrl|PWM:pwm[41]|outRaw                                                                                 ; pll|altpll_component|auto_generated|pll1|clk[0] ; pll|altpll_component|auto_generated|pll1|clk[0] ; 0.000        ; 0.073      ; 0.669      ;
; 0.401 ; Holo:holo|PwmCtrl:pwmCtrl|PWM:pwm[40]|outRaw   ; Holo:holo|PwmCtrl:pwmCtrl|PWM:pwm[40]|outRaw                                                                                 ; pll|altpll_component|auto_generated|pll1|clk[0] ; pll|altpll_component|auto_generated|pll1|clk[0] ; 0.000        ; 0.073      ; 0.669      ;
; 0.401 ; Holo:holo|PwmCtrl:pwmCtrl|PWM:pwm[39]|outRaw   ; Holo:holo|PwmCtrl:pwmCtrl|PWM:pwm[39]|outRaw                                                                                 ; pll|altpll_component|auto_generated|pll1|clk[0] ; pll|altpll_component|auto_generated|pll1|clk[0] ; 0.000        ; 0.073      ; 0.669      ;
; 0.401 ; Holo:holo|CalcPhase:calcPhase|rState[0]        ; Holo:holo|CalcPhase:calcPhase|rState[0]                                                                                      ; pll|altpll_component|auto_generated|pll1|clk[0] ; pll|altpll_component|auto_generated|pll1|clk[0] ; 0.000        ; 0.073      ; 0.669      ;
; 0.401 ; Holo:holo|processFifo                          ; Holo:holo|processFifo                                                                                                        ; pll|altpll_component|auto_generated|pll1|clk[0] ; pll|altpll_component|auto_generated|pll1|clk[0] ; 0.000        ; 0.073      ; 0.669      ;
; 0.401 ; Holo:holo|PwmCtrl:pwmCtrl|PWM:pwm[38]|outRaw   ; Holo:holo|PwmCtrl:pwmCtrl|PWM:pwm[38]|outRaw                                                                                 ; pll|altpll_component|auto_generated|pll1|clk[0] ; pll|altpll_component|auto_generated|pll1|clk[0] ; 0.000        ; 0.073      ; 0.669      ;
; 0.401 ; Holo:holo|PwmCtrl:pwmCtrl|PWM:pwm[37]|outRaw   ; Holo:holo|PwmCtrl:pwmCtrl|PWM:pwm[37]|outRaw                                                                                 ; pll|altpll_component|auto_generated|pll1|clk[0] ; pll|altpll_component|auto_generated|pll1|clk[0] ; 0.000        ; 0.073      ; 0.669      ;
; 0.401 ; Holo:holo|PwmCtrl:pwmCtrl|PWM:pwm[36]|outRaw   ; Holo:holo|PwmCtrl:pwmCtrl|PWM:pwm[36]|outRaw                                                                                 ; pll|altpll_component|auto_generated|pll1|clk[0] ; pll|altpll_component|auto_generated|pll1|clk[0] ; 0.000        ; 0.073      ; 0.669      ;
; 0.401 ; Holo:holo|CalcPhase:calcPhase|rState[1]        ; Holo:holo|CalcPhase:calcPhase|rState[1]                                                                                      ; pll|altpll_component|auto_generated|pll1|clk[0] ; pll|altpll_component|auto_generated|pll1|clk[0] ; 0.000        ; 0.073      ; 0.669      ;
; 0.401 ; Holo:holo|PwmCtrl:pwmCtrl|PWM:pwm[35]|outRaw   ; Holo:holo|PwmCtrl:pwmCtrl|PWM:pwm[35]|outRaw                                                                                 ; pll|altpll_component|auto_generated|pll1|clk[0] ; pll|altpll_component|auto_generated|pll1|clk[0] ; 0.000        ; 0.073      ; 0.669      ;
; 0.401 ; Holo:holo|PwmCtrl:pwmCtrl|PWM:pwm[34]|outRaw   ; Holo:holo|PwmCtrl:pwmCtrl|PWM:pwm[34]|outRaw                                                                                 ; pll|altpll_component|auto_generated|pll1|clk[0] ; pll|altpll_component|auto_generated|pll1|clk[0] ; 0.000        ; 0.073      ; 0.669      ;
; 0.401 ; Holo:holo|PwmCtrl:pwmCtrl|PWM:pwm[33]|outRaw   ; Holo:holo|PwmCtrl:pwmCtrl|PWM:pwm[33]|outRaw                                                                                 ; pll|altpll_component|auto_generated|pll1|clk[0] ; pll|altpll_component|auto_generated|pll1|clk[0] ; 0.000        ; 0.073      ; 0.669      ;
; 0.401 ; Holo:holo|PwmCtrl:pwmCtrl|PWM:pwm[32]|outRaw   ; Holo:holo|PwmCtrl:pwmCtrl|PWM:pwm[32]|outRaw                                                                                 ; pll|altpll_component|auto_generated|pll1|clk[0] ; pll|altpll_component|auto_generated|pll1|clk[0] ; 0.000        ; 0.073      ; 0.669      ;
; 0.401 ; Holo:holo|PwmCtrl:pwmCtrl|PWM:pwm[31]|outRaw   ; Holo:holo|PwmCtrl:pwmCtrl|PWM:pwm[31]|outRaw                                                                                 ; pll|altpll_component|auto_generated|pll1|clk[0] ; pll|altpll_component|auto_generated|pll1|clk[0] ; 0.000        ; 0.073      ; 0.669      ;
; 0.401 ; Holo:holo|readState.0000                       ; Holo:holo|readState.0000                                                                                                     ; pll|altpll_component|auto_generated|pll1|clk[0] ; pll|altpll_component|auto_generated|pll1|clk[0] ; 0.000        ; 0.073      ; 0.669      ;
; 0.401 ; Holo:holo|PwmCtrl:pwmCtrl|PWM:pwm[30]|outRaw   ; Holo:holo|PwmCtrl:pwmCtrl|PWM:pwm[30]|outRaw                                                                                 ; pll|altpll_component|auto_generated|pll1|clk[0] ; pll|altpll_component|auto_generated|pll1|clk[0] ; 0.000        ; 0.073      ; 0.669      ;
; 0.401 ; Holo:holo|calcStart                            ; Holo:holo|calcStart                                                                                                          ; pll|altpll_component|auto_generated|pll1|clk[0] ; pll|altpll_component|auto_generated|pll1|clk[0] ; 0.000        ; 0.073      ; 0.669      ;
; 0.401 ; Holo:holo|PwmCtrl:pwmCtrl|PWM:pwm[29]|outRaw   ; Holo:holo|PwmCtrl:pwmCtrl|PWM:pwm[29]|outRaw                                                                                 ; pll|altpll_component|auto_generated|pll1|clk[0] ; pll|altpll_component|auto_generated|pll1|clk[0] ; 0.000        ; 0.073      ; 0.669      ;
; 0.401 ; Holo:holo|PwmCtrl:pwmCtrl|PWM:pwm[28]|outRaw   ; Holo:holo|PwmCtrl:pwmCtrl|PWM:pwm[28]|outRaw                                                                                 ; pll|altpll_component|auto_generated|pll1|clk[0] ; pll|altpll_component|auto_generated|pll1|clk[0] ; 0.000        ; 0.073      ; 0.669      ;
; 0.402 ; Holo:holo|spiState[0]                          ; Holo:holo|spiState[0]                                                                                                        ; pll|altpll_component|auto_generated|pll1|clk[0] ; pll|altpll_component|auto_generated|pll1|clk[0] ; 0.000        ; 0.072      ; 0.669      ;
; 0.402 ; Holo:holo|directFramePending                   ; Holo:holo|directFramePending                                                                                                 ; pll|altpll_component|auto_generated|pll1|clk[0] ; pll|altpll_component|auto_generated|pll1|clk[0] ; 0.000        ; 0.072      ; 0.669      ;
; 0.402 ; Holo:holo|CalcPhase:calcPhase|phaseEnabled[9]  ; Holo:holo|CalcPhase:calcPhase|phaseEnabled[9]                                                                                ; pll|altpll_component|auto_generated|pll1|clk[0] ; pll|altpll_component|auto_generated|pll1|clk[0] ; 0.000        ; 0.072      ; 0.669      ;
; 0.402 ; Holo:holo|CalcPhase:calcPhase|phaseEnabled[10] ; Holo:holo|CalcPhase:calcPhase|phaseEnabled[10]                                                                               ; pll|altpll_component|auto_generated|pll1|clk[0] ; pll|altpll_component|auto_generated|pll1|clk[0] ; 0.000        ; 0.072      ; 0.669      ;
; 0.402 ; Holo:holo|CalcPhase:calcPhase|phaseEnabled[11] ; Holo:holo|CalcPhase:calcPhase|phaseEnabled[11]                                                                               ; pll|altpll_component|auto_generated|pll1|clk[0] ; pll|altpll_component|auto_generated|pll1|clk[0] ; 0.000        ; 0.072      ; 0.669      ;
; 0.402 ; Holo:holo|CalcPhase:calcPhase|phaseEnabled[12] ; Holo:holo|CalcPhase:calcPhase|phaseEnabled[12]                                                                               ; pll|altpll_component|auto_generated|pll1|clk[0] ; pll|altpll_component|auto_generated|pll1|clk[0] ; 0.000        ; 0.072      ; 0.669      ;
+-------+------------------------------------------------+------------------------------------------------------------------------------------------------------------------------------+-------------------------------------------------+-------------------------------------------------+--------------+------------+------------+


+-----------------------------------------------------------------------------------------------------------------------------------+
; Slow 1200mV 0C Model Hold: 'sck'                                                                                                  ;
+-------+------------------------+----------------------------+--------------+-------------+--------------+------------+------------+
; Slack ; From Node              ; To Node                    ; Launch Clock ; Latch Clock ; Relationship ; Clock Skew ; Data Delay ;
+-------+------------------------+----------------------------+--------------+-------------+--------------+------------+------------+
; 0.403 ; Holo:holo|spiBitCnt[1] ; Holo:holo|spiBitCnt[1]     ; sck          ; sck         ; 0.000        ; 0.071      ; 0.669      ;
; 0.403 ; Holo:holo|spiBitCnt[2] ; Holo:holo|spiBitCnt[2]     ; sck          ; sck         ; 0.000        ; 0.071      ; 0.669      ;
; 0.418 ; Holo:holo|spiBitCnt[0] ; Holo:holo|spiBitCnt[0]     ; sck          ; sck         ; 0.000        ; 0.071      ; 0.684      ;
; 0.470 ; Holo:holo|spiByte[6]   ; Holo:holo|spiByteBuffer[7] ; sck          ; sck         ; 0.000        ; 0.072      ; 0.737      ;
; 0.477 ; Holo:holo|spiByte[3]   ; Holo:holo|spiByteBuffer[4] ; sck          ; sck         ; 0.000        ; 0.072      ; 0.744      ;
; 0.477 ; Holo:holo|spiByte[0]   ; Holo:holo|spiByte[1]       ; sck          ; sck         ; 0.000        ; 0.072      ; 0.744      ;
; 0.478 ; Holo:holo|spiByte[5]   ; Holo:holo|spiByte[6]       ; sck          ; sck         ; 0.000        ; 0.072      ; 0.745      ;
; 0.478 ; Holo:holo|spiByte[2]   ; Holo:holo|spiByte[3]       ; sck          ; sck         ; 0.000        ; 0.072      ; 0.745      ;
; 0.478 ; Holo:holo|spiByte[4]   ; Holo:holo|spiByte[5]       ; sck          ; sck         ; 0.000        ; 0.072      ; 0.745      ;
; 0.478 ; Holo:holo|spiByte[0]   ; Holo:holo|spiByteBuffer[1] ; sck          ; sck         ; 0.000        ; 0.072      ; 0.745      ;
; 0.478 ; Holo:holo|spiByte[5]   ; Holo:holo|spiByteBuffer[6] ; sck          ; sck         ; 0.000        ; 0.072      ; 0.745      ;
; 0.479 ; Holo:holo|spiByte[2]   ; Holo:holo|spiByteBuffer[3] ; sck          ; sck         ; 0.000        ; 0.072      ; 0.746      ;
; 0.479 ; Holo:holo|spiByte[3]   ; Holo:holo|spiByte[4]       ; sck          ; sck         ; 0.000        ; 0.072      ; 0.746      ;
; 0.479 ; Holo:holo|spiByte[4]   ; Holo:holo|spiByteBuffer[5] ; sck          ; sck         ; 0.000        ; 0.072      ; 0.746      ;
; 0.608 ; Holo:holo|spiByte[1]   ; Holo:holo|spiByte[2]       ; sck          ; sck         ; 0.000        ; 0.072      ; 0.875      ;
; 0.609 ; Holo:holo|spiByte[1]   ; Holo:holo|spiByteBuffer[2] ; sck          ; sck         ; 0.000        ; 0.072      ; 0.876      ;
; 0.638 ; Holo:holo|spiBitCnt[0] ; Holo:holo|spiByteAvailable ; sck          ; sck         ; 0.000        ; 0.071      ; 0.904      ;
; 0.712 ; Holo:holo|spiBitCnt[2] ; Holo:holo|spiByteAvailable ; sck          ; sck         ; 0.000        ; 0.071      ; 0.978      ;
; 0.729 ; Holo:holo|spiBitCnt[0] ; Holo:holo|spiBitCnt[1]     ; sck          ; sck         ; 0.000        ; 0.071      ; 0.995      ;
; 0.730 ; Holo:holo|spiBitCnt[0] ; Holo:holo|spiBitCnt[2]     ; sck          ; sck         ; 0.000        ; 0.071      ; 0.996      ;
; 0.938 ; Holo:holo|spiBitCnt[1] ; Holo:holo|spiBitCnt[2]     ; sck          ; sck         ; 0.000        ; 0.071      ; 1.204      ;
; 0.984 ; Holo:holo|spiBitCnt[1] ; Holo:holo|spiByteAvailable ; sck          ; sck         ; 0.000        ; 0.071      ; 1.250      ;
; 1.596 ; Holo:holo|spiBitCnt[0] ; Holo:holo|spiByteBuffer[7] ; sck          ; sck         ; 0.000        ; 0.073      ; 1.864      ;
; 1.596 ; Holo:holo|spiBitCnt[0] ; Holo:holo|spiByteBuffer[2] ; sck          ; sck         ; 0.000        ; 0.073      ; 1.864      ;
; 1.596 ; Holo:holo|spiBitCnt[0] ; Holo:holo|spiByteBuffer[5] ; sck          ; sck         ; 0.000        ; 0.073      ; 1.864      ;
; 1.596 ; Holo:holo|spiBitCnt[0] ; Holo:holo|spiByteBuffer[1] ; sck          ; sck         ; 0.000        ; 0.073      ; 1.864      ;
; 1.596 ; Holo:holo|spiBitCnt[0] ; Holo:holo|spiByteBuffer[0] ; sck          ; sck         ; 0.000        ; 0.073      ; 1.864      ;
; 1.596 ; Holo:holo|spiBitCnt[0] ; Holo:holo|spiByteBuffer[6] ; sck          ; sck         ; 0.000        ; 0.073      ; 1.864      ;
; 1.596 ; Holo:holo|spiBitCnt[0] ; Holo:holo|spiByteBuffer[3] ; sck          ; sck         ; 0.000        ; 0.073      ; 1.864      ;
; 1.596 ; Holo:holo|spiBitCnt[0] ; Holo:holo|spiByteBuffer[4] ; sck          ; sck         ; 0.000        ; 0.073      ; 1.864      ;
; 1.767 ; Holo:holo|spiBitCnt[1] ; Holo:holo|spiByteBuffer[7] ; sck          ; sck         ; 0.000        ; 0.073      ; 2.035      ;
; 1.767 ; Holo:holo|spiBitCnt[1] ; Holo:holo|spiByteBuffer[2] ; sck          ; sck         ; 0.000        ; 0.073      ; 2.035      ;
; 1.767 ; Holo:holo|spiBitCnt[1] ; Holo:holo|spiByteBuffer[0] ; sck          ; sck         ; 0.000        ; 0.073      ; 2.035      ;
; 1.767 ; Holo:holo|spiBitCnt[1] ; Holo:holo|spiByteBuffer[5] ; sck          ; sck         ; 0.000        ; 0.073      ; 2.035      ;
; 1.767 ; Holo:holo|spiBitCnt[1] ; Holo:holo|spiByteBuffer[6] ; sck          ; sck         ; 0.000        ; 0.073      ; 2.035      ;
; 1.767 ; Holo:holo|spiBitCnt[1] ; Holo:holo|spiByteBuffer[4] ; sck          ; sck         ; 0.000        ; 0.073      ; 2.035      ;
; 1.767 ; Holo:holo|spiBitCnt[1] ; Holo:holo|spiByteBuffer[1] ; sck          ; sck         ; 0.000        ; 0.073      ; 2.035      ;
; 1.767 ; Holo:holo|spiBitCnt[1] ; Holo:holo|spiByteBuffer[3] ; sck          ; sck         ; 0.000        ; 0.073      ; 2.035      ;
; 1.828 ; Holo:holo|spiBitCnt[2] ; Holo:holo|spiByteBuffer[2] ; sck          ; sck         ; 0.000        ; 0.073      ; 2.096      ;
; 1.828 ; Holo:holo|spiBitCnt[2] ; Holo:holo|spiByteBuffer[4] ; sck          ; sck         ; 0.000        ; 0.073      ; 2.096      ;
; 1.828 ; Holo:holo|spiBitCnt[2] ; Holo:holo|spiByteBuffer[7] ; sck          ; sck         ; 0.000        ; 0.073      ; 2.096      ;
; 1.828 ; Holo:holo|spiBitCnt[2] ; Holo:holo|spiByteBuffer[3] ; sck          ; sck         ; 0.000        ; 0.073      ; 2.096      ;
; 1.828 ; Holo:holo|spiBitCnt[2] ; Holo:holo|spiByteBuffer[1] ; sck          ; sck         ; 0.000        ; 0.073      ; 2.096      ;
; 1.828 ; Holo:holo|spiBitCnt[2] ; Holo:holo|spiByteBuffer[6] ; sck          ; sck         ; 0.000        ; 0.073      ; 2.096      ;
; 1.828 ; Holo:holo|spiBitCnt[2] ; Holo:holo|spiByteBuffer[0] ; sck          ; sck         ; 0.000        ; 0.073      ; 2.096      ;
; 1.828 ; Holo:holo|spiBitCnt[2] ; Holo:holo|spiByteBuffer[5] ; sck          ; sck         ; 0.000        ; 0.073      ; 2.096      ;
+-------+------------------------+----------------------------+--------------+-------------+--------------+------------+------------+


----------------------------------------------
; Slow 1200mV 0C Model Metastability Summary ;
----------------------------------------------
The design MTBF is not calculated because there are no specified synchronizers in the design.
Number of Synchronizer Chains Found: 57
Shortest Synchronizer Chain: 2 Registers
Fraction of Chains for which MTBFs Could Not be Calculated: 1.000
Worst Case Available Settling Time: 86.045 ns




+--------------------------------------------------------------------------+
; Fast 1200mV 0C Model Setup Summary                                       ;
+-------------------------------------------------+--------+---------------+
; Clock                                           ; Slack  ; End Point TNS ;
+-------------------------------------------------+--------+---------------+
; pll|altpll_component|auto_generated|pll1|clk[0] ; -2.578 ; -377.581      ;
; sck                                             ; -0.010 ; -0.080        ;
+-------------------------------------------------+--------+---------------+


+-------------------------------------------------------------------------+
; Fast 1200mV 0C Model Hold Summary                                       ;
+-------------------------------------------------+-------+---------------+
; Clock                                           ; Slack ; End Point TNS ;
+-------------------------------------------------+-------+---------------+
; pll|altpll_component|auto_generated|pll1|clk[0] ; 0.137 ; 0.000         ;
; sck                                             ; 0.187 ; 0.000         ;
+-------------------------------------------------+-------+---------------+


-----------------------------------------
; Fast 1200mV 0C Model Recovery Summary ;
-----------------------------------------
No paths to report.


----------------------------------------
; Fast 1200mV 0C Model Removal Summary ;
----------------------------------------
No paths to report.


+--------------------------------------------------------------------------+
; Fast 1200mV 0C Model Minimum Pulse Width Summary                         ;
+-------------------------------------------------+--------+---------------+
; Clock                                           ; Slack  ; End Point TNS ;
+-------------------------------------------------+--------+---------------+
; sck                                             ; -3.000 ; -25.777       ;
; CLK_24M576                                      ; 19.828 ; 0.000         ;
; pll|altpll_component|auto_generated|pll1|clk[0] ; 24.119 ; 0.000         ;
+-------------------------------------------------+--------+---------------+


+-----------------------------------------------------------------------------------------------------------------------------------------------------------------------------------+
; Fast 1200mV 0C Model Setup: 'pll|altpll_component|auto_generated|pll1|clk[0]'                                                                                                     ;
+--------+----------------------------+-----------------------------------+--------------+-------------------------------------------------+--------------+------------+------------+
; Slack  ; From Node                  ; To Node                           ; Launch Clock ; Latch Clock                                     ; Relationship ; Clock Skew ; Data Delay ;
+--------+----------------------------+-----------------------------------+--------------+-------------------------------------------------+--------------+------------+------------+
; -2.578 ; Holo:holo|spiByteBuffer[0] ; Holo:holo|phaseFrameShadow[36][8] ; sck          ; pll|altpll_component|auto_generated|pll1|clk[0] ; 0.004        ; -1.334     ; 1.175      ;
; -2.577 ; Holo:holo|spiByteBuffer[0] ; Holo:holo|phaseFrameShadow[48][8] ; sck          ; pll|altpll_component|auto_generated|pll1|clk[0] ; 0.004        ; -1.334     ; 1.174      ;
; -2.508 ; Holo:holo|spiByteBuffer[0] ; Holo:holo|phaseFrameShadow[1][8]  ; sck          ; pll|altpll_component|auto_generated|pll1|clk[0] ; 0.004        ; -1.327     ; 1.112      ;
; -2.471 ; Holo:holo|spiByteBuffer[0] ; Holo:holo|phaseFrameShadow[9][8]  ; sck          ; pll|altpll_component|auto_generated|pll1|clk[0] ; 0.004        ; -1.150     ; 1.252      ;
; -2.469 ; Holo:holo|spiByteBuffer[0] ; Holo:holo|phaseFrameShadow[13][8] ; sck          ; pll|altpll_component|auto_generated|pll1|clk[0] ; 0.004        ; -1.151     ; 1.249      ;
; -2.454 ; Holo:holo|spiByteBuffer[0] ; Holo:holo|phaseFrameShadow[43][8] ; sck          ; pll|altpll_component|auto_generated|pll1|clk[0] ; 0.004        ; -1.336     ; 1.049      ;
; -2.453 ; Holo:holo|spiByteBuffer[0] ; Holo:holo|phaseFrameShadow[15][8] ; sck          ; pll|altpll_component|auto_generated|pll1|clk[0] ; 0.004        ; -1.336     ; 1.048      ;
; -2.433 ; Holo:holo|spiByteBuffer[2] ; Holo:holo|spiParameter[1][10]     ; sck          ; pll|altpll_component|auto_generated|pll1|clk[0] ; 0.004        ; -1.343     ; 1.021      ;
; -2.431 ; Holo:holo|spiByteBuffer[0] ; Holo:holo|phaseFrameShadow[11][8] ; sck          ; pll|altpll_component|auto_generated|pll1|clk[0] ; 0.004        ; -1.163     ; 1.199      ;
; -2.423 ; Holo:holo|spiByteBuffer[0] ; Holo:holo|spiParameter[3][0]      ; sck          ; pll|altpll_component|auto_generated|pll1|clk[0] ; 0.004        ; -1.335     ; 1.019      ;
; -2.420 ; Holo:holo|spiByteBuffer[0] ; Holo:holo|phaseFrameShadow[27][8] ; sck          ; pll|altpll_component|auto_generated|pll1|clk[0] ; 0.004        ; -1.154     ; 1.197      ;
; -2.402 ; Holo:holo|spiByteBuffer[0] ; Holo:holo|phaseFrameShadow[23][8] ; sck          ; pll|altpll_component|auto_generated|pll1|clk[0] ; 0.004        ; -1.345     ; 0.988      ;
; -2.400 ; Holo:holo|spiByteBuffer[0] ; Holo:holo|spiParameter[1][0]      ; sck          ; pll|altpll_component|auto_generated|pll1|clk[0] ; 0.004        ; -1.174     ; 1.157      ;
; -2.394 ; Holo:holo|spiByteBuffer[0] ; Holo:holo|phaseFrameShadow[0][8]  ; sck          ; pll|altpll_component|auto_generated|pll1|clk[0] ; 0.004        ; -1.150     ; 1.175      ;
; -2.388 ; Holo:holo|spiByteBuffer[0] ; Holo:holo|phaseFrameShadow[46][8] ; sck          ; pll|altpll_component|auto_generated|pll1|clk[0] ; 0.004        ; -1.162     ; 1.157      ;
; -2.386 ; Holo:holo|spiByteBuffer[0] ; Holo:holo|phaseFrameShadow[49][8] ; sck          ; pll|altpll_component|auto_generated|pll1|clk[0] ; 0.004        ; -1.337     ; 0.980      ;
; -2.384 ; Holo:holo|spiByteBuffer[0] ; Holo:holo|phaseFrameShadow[31][8] ; sck          ; pll|altpll_component|auto_generated|pll1|clk[0] ; 0.004        ; -1.157     ; 1.158      ;
; -2.381 ; Holo:holo|spiByteBuffer[0] ; Holo:holo|phaseFrameShadow[26][8] ; sck          ; pll|altpll_component|auto_generated|pll1|clk[0] ; 0.004        ; -1.155     ; 1.157      ;
; -2.380 ; Holo:holo|spiByteBuffer[0] ; Holo:holo|phaseFrameShadow[30][8] ; sck          ; pll|altpll_component|auto_generated|pll1|clk[0] ; 0.004        ; -1.149     ; 1.162      ;
; -2.377 ; Holo:holo|spiByteBuffer[0] ; Holo:holo|phaseFrameShadow[2][8]  ; sck          ; pll|altpll_component|auto_generated|pll1|clk[0] ; 0.004        ; -1.149     ; 1.159      ;
; -2.374 ; Holo:holo|spiByteBuffer[0] ; Holo:holo|spiParameter[3][8]      ; sck          ; pll|altpll_component|auto_generated|pll1|clk[0] ; 0.004        ; -1.171     ; 1.134      ;
; -2.374 ; Holo:holo|spiByteBuffer[2] ; Holo:holo|spiParameter[4][2]      ; sck          ; pll|altpll_component|auto_generated|pll1|clk[0] ; 0.004        ; -1.345     ; 0.960      ;
; -2.372 ; Holo:holo|spiByteBuffer[0] ; Holo:holo|phaseFrameShadow[41][8] ; sck          ; pll|altpll_component|auto_generated|pll1|clk[0] ; 0.004        ; -1.160     ; 1.143      ;
; -2.367 ; Holo:holo|spiByteBuffer[0] ; Holo:holo|phaseFrameShadow[33][8] ; sck          ; pll|altpll_component|auto_generated|pll1|clk[0] ; 0.004        ; -1.135     ; 1.163      ;
; -2.363 ; Holo:holo|spiByteBuffer[0] ; Holo:holo|spiParameter[5][8]      ; sck          ; pll|altpll_component|auto_generated|pll1|clk[0] ; 0.004        ; -1.342     ; 0.952      ;
; -2.360 ; Holo:holo|spiByteBuffer[0] ; Holo:holo|phaseFrameShadow[19][8] ; sck          ; pll|altpll_component|auto_generated|pll1|clk[0] ; 0.004        ; -1.154     ; 1.137      ;
; -2.353 ; Holo:holo|spiByteBuffer[0] ; Holo:holo|phaseFrameShadow[21][8] ; sck          ; pll|altpll_component|auto_generated|pll1|clk[0] ; 0.004        ; -1.151     ; 1.133      ;
; -2.352 ; Holo:holo|spiByteBuffer[0] ; Holo:holo|phaseFrameShadow[5][8]  ; sck          ; pll|altpll_component|auto_generated|pll1|clk[0] ; 0.004        ; -1.345     ; 0.938      ;
; -2.350 ; Holo:holo|spiByteBuffer[0] ; Holo:holo|phaseFrameShadow[18][8] ; sck          ; pll|altpll_component|auto_generated|pll1|clk[0] ; 0.004        ; -1.166     ; 1.115      ;
; -2.350 ; Holo:holo|spiByteBuffer[0] ; Holo:holo|phaseFrameShadow[8][8]  ; sck          ; pll|altpll_component|auto_generated|pll1|clk[0] ; 0.004        ; -1.346     ; 0.935      ;
; -2.347 ; Holo:holo|spiByteBuffer[0] ; Holo:holo|phaseFrameShadow[37][8] ; sck          ; pll|altpll_component|auto_generated|pll1|clk[0] ; 0.004        ; -1.154     ; 1.124      ;
; -2.334 ; Holo:holo|spiByteBuffer[0] ; Holo:holo|phaseFrameShadow[42][8] ; sck          ; pll|altpll_component|auto_generated|pll1|clk[0] ; 0.004        ; -1.338     ; 0.927      ;
; -2.332 ; Holo:holo|spiByteBuffer[0] ; Holo:holo|phaseFrameShadow[32][8] ; sck          ; pll|altpll_component|auto_generated|pll1|clk[0] ; 0.004        ; -1.338     ; 0.925      ;
; -2.330 ; Holo:holo|spiByteBuffer[0] ; Holo:holo|spiParameter[2][0]      ; sck          ; pll|altpll_component|auto_generated|pll1|clk[0] ; 0.004        ; -1.334     ; 0.927      ;
; -2.324 ; Holo:holo|spiByteBuffer[2] ; Holo:holo|spiParameter[2][2]      ; sck          ; pll|altpll_component|auto_generated|pll1|clk[0] ; 0.004        ; -1.334     ; 0.921      ;
; -2.323 ; Holo:holo|spiByteBuffer[5] ; Holo:holo|spiParameter[2][5]      ; sck          ; pll|altpll_component|auto_generated|pll1|clk[0] ; 0.004        ; -1.334     ; 0.920      ;
; -2.315 ; Holo:holo|spiByteBuffer[0] ; Holo:holo|phaseFrameShadow[16][8] ; sck          ; pll|altpll_component|auto_generated|pll1|clk[0] ; 0.004        ; -1.164     ; 1.082      ;
; -2.312 ; Holo:holo|spiByteBuffer[0] ; Holo:holo|phaseFrameShadow[10][8] ; sck          ; pll|altpll_component|auto_generated|pll1|clk[0] ; 0.004        ; -1.159     ; 1.084      ;
; -2.309 ; Holo:holo|spiByteBuffer[4] ; Holo:holo|spiParameter[3][4]      ; sck          ; pll|altpll_component|auto_generated|pll1|clk[0] ; 0.004        ; -1.335     ; 0.905      ;
; -2.308 ; Holo:holo|spiByteBuffer[0] ; Holo:holo|phaseFrameShadow[47][8] ; sck          ; pll|altpll_component|auto_generated|pll1|clk[0] ; 0.004        ; -1.159     ; 1.080      ;
; -2.301 ; Holo:holo|spiByteBuffer[0] ; Holo:holo|phaseFrameShadow[25][8] ; sck          ; pll|altpll_component|auto_generated|pll1|clk[0] ; 0.004        ; -1.339     ; 0.893      ;
; -2.301 ; Holo:holo|spiByteBuffer[1] ; Holo:holo|spiParameter[4][1]      ; sck          ; pll|altpll_component|auto_generated|pll1|clk[0] ; 0.004        ; -1.345     ; 0.887      ;
; -2.296 ; Holo:holo|spiByteBuffer[3] ; Holo:holo|spiParameter[2][3]      ; sck          ; pll|altpll_component|auto_generated|pll1|clk[0] ; 0.004        ; -1.334     ; 0.893      ;
; -2.296 ; Holo:holo|spiByteBuffer[0] ; Holo:holo|spiParameter[7][8]      ; sck          ; pll|altpll_component|auto_generated|pll1|clk[0] ; 0.004        ; -1.158     ; 1.069      ;
; -2.296 ; Holo:holo|spiByteBuffer[7] ; Holo:holo|spiParameter[2][7]      ; sck          ; pll|altpll_component|auto_generated|pll1|clk[0] ; 0.004        ; -1.334     ; 0.893      ;
; -2.291 ; Holo:holo|spiByteBuffer[0] ; Holo:holo|phaseFrameShadow[39][8] ; sck          ; pll|altpll_component|auto_generated|pll1|clk[0] ; 0.004        ; -1.337     ; 0.885      ;
; -2.286 ; Holo:holo|spiByteBuffer[0] ; Holo:holo|phaseFrameShadow[45][8] ; sck          ; pll|altpll_component|auto_generated|pll1|clk[0] ; 0.004        ; -1.152     ; 1.065      ;
; -2.285 ; Holo:holo|spiByteBuffer[0] ; Holo:holo|phaseFrameShadow[7][8]  ; sck          ; pll|altpll_component|auto_generated|pll1|clk[0] ; 0.004        ; -1.155     ; 1.061      ;
; -2.280 ; Holo:holo|spiByteBuffer[0] ; Holo:holo|phaseFrameShadow[6][8]  ; sck          ; pll|altpll_component|auto_generated|pll1|clk[0] ; 0.004        ; -1.165     ; 1.046      ;
; -2.274 ; Holo:holo|spiByteBuffer[0] ; Holo:holo|phaseFrameShadow[40][8] ; sck          ; pll|altpll_component|auto_generated|pll1|clk[0] ; 0.004        ; -1.335     ; 0.870      ;
; -2.273 ; Holo:holo|spiByteBuffer[2] ; Holo:holo|spiParameter[5][2]      ; sck          ; pll|altpll_component|auto_generated|pll1|clk[0] ; 0.004        ; -1.162     ; 1.042      ;
; -2.270 ; Holo:holo|spiByteBuffer[0] ; Holo:holo|phaseFrameShadow[14][8] ; sck          ; pll|altpll_component|auto_generated|pll1|clk[0] ; 0.004        ; -1.162     ; 1.039      ;
; -2.269 ; Holo:holo|spiByteBuffer[0] ; Holo:holo|phaseFrameShadow[12][8] ; sck          ; pll|altpll_component|auto_generated|pll1|clk[0] ; 0.004        ; -1.161     ; 1.039      ;
; -2.269 ; Holo:holo|spiByteBuffer[0] ; Holo:holo|phaseFrameShadow[35][8] ; sck          ; pll|altpll_component|auto_generated|pll1|clk[0] ; 0.004        ; -1.154     ; 1.046      ;
; -2.268 ; Holo:holo|spiByteBuffer[5] ; Holo:holo|spiParameter[1][13]     ; sck          ; pll|altpll_component|auto_generated|pll1|clk[0] ; 0.004        ; -1.343     ; 0.856      ;
; -2.266 ; Holo:holo|spiByteBuffer[0] ; Holo:holo|phaseFrameShadow[24][8] ; sck          ; pll|altpll_component|auto_generated|pll1|clk[0] ; 0.004        ; -1.338     ; 0.859      ;
; -2.266 ; Holo:holo|spiByteBuffer[6] ; Holo:holo|spiParameter[2][6]      ; sck          ; pll|altpll_component|auto_generated|pll1|clk[0] ; 0.004        ; -1.334     ; 0.863      ;
; -2.252 ; Holo:holo|spiByteBuffer[0] ; Holo:holo|phaseFrameShadow[38][8] ; sck          ; pll|altpll_component|auto_generated|pll1|clk[0] ; 0.004        ; -1.140     ; 1.043      ;
; -2.249 ; Holo:holo|spiByteBuffer[0] ; Holo:holo|phaseFrameShadow[20][8] ; sck          ; pll|altpll_component|auto_generated|pll1|clk[0] ; 0.004        ; -1.154     ; 1.026      ;
; -2.249 ; Holo:holo|spiByteBuffer[0] ; Holo:holo|phaseFrameShadow[4][8]  ; sck          ; pll|altpll_component|auto_generated|pll1|clk[0] ; 0.004        ; -1.159     ; 1.021      ;
; -2.244 ; Holo:holo|spiByteBuffer[0] ; Holo:holo|phaseFrameShadow[29][8] ; sck          ; pll|altpll_component|auto_generated|pll1|clk[0] ; 0.004        ; -1.337     ; 0.838      ;
; -2.244 ; Holo:holo|spiByteBuffer[0] ; Holo:holo|spiParameter[6][0]      ; sck          ; pll|altpll_component|auto_generated|pll1|clk[0] ; 0.004        ; -1.161     ; 1.014      ;
; -2.236 ; Holo:holo|spiByteBuffer[1] ; Holo:holo|spiParameter[2][1]      ; sck          ; pll|altpll_component|auto_generated|pll1|clk[0] ; 0.004        ; -1.334     ; 0.833      ;
; -2.235 ; Holo:holo|spiByteBuffer[0] ; Holo:holo|phaseFrameShadow[28][8] ; sck          ; pll|altpll_component|auto_generated|pll1|clk[0] ; 0.004        ; -1.139     ; 1.027      ;
; -2.235 ; Holo:holo|spiByteBuffer[0] ; Holo:holo|phaseFrameShadow[17][8] ; sck          ; pll|altpll_component|auto_generated|pll1|clk[0] ; 0.004        ; -1.163     ; 1.003      ;
; -2.231 ; Holo:holo|spiByteBuffer[2] ; Holo:holo|spiParameter[6][2]      ; sck          ; pll|altpll_component|auto_generated|pll1|clk[0] ; 0.004        ; -1.161     ; 1.001      ;
; -2.216 ; Holo:holo|spiByteBuffer[0] ; Holo:holo|spiParameter[2][8]      ; sck          ; pll|altpll_component|auto_generated|pll1|clk[0] ; 0.004        ; -1.155     ; 0.992      ;
; -2.204 ; Holo:holo|spiByteBuffer[0] ; Holo:holo|phaseFrameShadow[22][8] ; sck          ; pll|altpll_component|auto_generated|pll1|clk[0] ; 0.004        ; -1.156     ; 0.979      ;
; -2.199 ; Holo:holo|spiByteBuffer[5] ; Holo:holo|spiParameter[6][5]      ; sck          ; pll|altpll_component|auto_generated|pll1|clk[0] ; 0.004        ; -1.161     ; 0.969      ;
; -2.196 ; Holo:holo|spiByteBuffer[0] ; Holo:holo|spiParameter[5][0]      ; sck          ; pll|altpll_component|auto_generated|pll1|clk[0] ; 0.004        ; -1.162     ; 0.965      ;
; -2.195 ; Holo:holo|spiByteBuffer[0] ; Holo:holo|spiParameter[1][8]      ; sck          ; pll|altpll_component|auto_generated|pll1|clk[0] ; 0.004        ; -1.156     ; 0.970      ;
; -2.193 ; Holo:holo|spiByteBuffer[0] ; Holo:holo|phaseFrameShadow[34][8] ; sck          ; pll|altpll_component|auto_generated|pll1|clk[0] ; 0.004        ; -1.153     ; 0.971      ;
; -2.188 ; Holo:holo|spiByteBuffer[0] ; Holo:holo|phaseFrameShadow[44][8] ; sck          ; pll|altpll_component|auto_generated|pll1|clk[0] ; 0.004        ; -1.148     ; 0.971      ;
; -2.182 ; Holo:holo|spiByteBuffer[0] ; Holo:holo|spiParameter[0][8]      ; sck          ; pll|altpll_component|auto_generated|pll1|clk[0] ; 0.004        ; -1.151     ; 0.962      ;
; -2.182 ; Holo:holo|spiByteBuffer[5] ; Holo:holo|spiParameter[4][5]      ; sck          ; pll|altpll_component|auto_generated|pll1|clk[0] ; 0.004        ; -1.345     ; 0.768      ;
; -2.176 ; Holo:holo|spiByteBuffer[3] ; Holo:holo|spiParameter[7][11]     ; sck          ; pll|altpll_component|auto_generated|pll1|clk[0] ; 0.004        ; -1.158     ; 0.949      ;
; -2.172 ; Holo:holo|spiByteBuffer[0] ; Holo:holo|phaseFrameShadow[3][8]  ; sck          ; pll|altpll_component|auto_generated|pll1|clk[0] ; 0.004        ; -1.151     ; 0.952      ;
; -2.171 ; Holo:holo|spiByteBuffer[7] ; Holo:holo|spiParameter[0][7]      ; sck          ; pll|altpll_component|auto_generated|pll1|clk[0] ; 0.004        ; -1.348     ; 0.754      ;
; -2.168 ; Holo:holo|spiByteBuffer[2] ; Holo:holo|spiParameter[6][10]     ; sck          ; pll|altpll_component|auto_generated|pll1|clk[0] ; 0.004        ; -1.162     ; 0.937      ;
; -2.168 ; Holo:holo|spiByteBuffer[6] ; Holo:holo|spiParameter[1][14]     ; sck          ; pll|altpll_component|auto_generated|pll1|clk[0] ; 0.004        ; -1.343     ; 0.756      ;
; -2.165 ; Holo:holo|spiByteBuffer[2] ; Holo:holo|spiParameter[3][2]      ; sck          ; pll|altpll_component|auto_generated|pll1|clk[0] ; 0.004        ; -1.335     ; 0.761      ;
; -2.155 ; Holo:holo|spiByteBuffer[3] ; Holo:holo|spiParameter[0][11]     ; sck          ; pll|altpll_component|auto_generated|pll1|clk[0] ; 0.004        ; -1.151     ; 0.935      ;
; -2.155 ; Holo:holo|spiByteBuffer[7] ; Holo:holo|spiParameter[1][15]     ; sck          ; pll|altpll_component|auto_generated|pll1|clk[0] ; 0.004        ; -1.343     ; 0.743      ;
; -2.154 ; Holo:holo|spiByteBuffer[0] ; Holo:holo|spiParameter[6][8]      ; sck          ; pll|altpll_component|auto_generated|pll1|clk[0] ; 0.004        ; -1.162     ; 0.923      ;
; -2.151 ; Holo:holo|spiByteBuffer[4] ; Holo:holo|spiParameter[2][4]      ; sck          ; pll|altpll_component|auto_generated|pll1|clk[0] ; 0.004        ; -1.334     ; 0.748      ;
; -2.143 ; Holo:holo|spiByteBuffer[2] ; Holo:holo|spiParameter[2][10]     ; sck          ; pll|altpll_component|auto_generated|pll1|clk[0] ; 0.004        ; -1.155     ; 0.919      ;
; -2.141 ; Holo:holo|spiByteBuffer[4] ; Holo:holo|spiParameter[5][12]     ; sck          ; pll|altpll_component|auto_generated|pll1|clk[0] ; 0.004        ; -1.168     ; 0.904      ;
; -2.141 ; Holo:holo|spiByteBuffer[5] ; Holo:holo|spiParameter[2][13]     ; sck          ; pll|altpll_component|auto_generated|pll1|clk[0] ; 0.004        ; -1.155     ; 0.917      ;
; -2.140 ; Holo:holo|spiByteBuffer[1] ; Holo:holo|phaseFrameLowByte[1]    ; sck          ; pll|altpll_component|auto_generated|pll1|clk[0] ; 0.004        ; -1.168     ; 0.903      ;
; -2.135 ; Holo:holo|spiByteBuffer[0] ; Holo:holo|spiParameter[4][0]      ; sck          ; pll|altpll_component|auto_generated|pll1|clk[0] ; 0.004        ; -1.345     ; 0.721      ;
; -2.126 ; Holo:holo|spiByteBuffer[1] ; Holo:holo|spiParameter[7][9]      ; sck          ; pll|altpll_component|auto_generated|pll1|clk[0] ; 0.004        ; -1.158     ; 0.899      ;
; -2.123 ; Holo:holo|spiByteBuffer[6] ; Holo:holo|spiParameter[0][14]     ; sck          ; pll|altpll_component|auto_generated|pll1|clk[0] ; 0.004        ; -1.343     ; 0.711      ;
; -2.122 ; Holo:holo|spiByteBuffer[1] ; Holo:holo|spiParameter[3][1]      ; sck          ; pll|altpll_component|auto_generated|pll1|clk[0] ; 0.004        ; -1.335     ; 0.718      ;
; -2.119 ; Holo:holo|spiByteBuffer[4] ; Holo:holo|spiParameter[2][12]     ; sck          ; pll|altpll_component|auto_generated|pll1|clk[0] ; 0.004        ; -1.155     ; 0.895      ;
; -2.118 ; Holo:holo|spiByteBuffer[3] ; Holo:holo|spiParameter[2][11]     ; sck          ; pll|altpll_component|auto_generated|pll1|clk[0] ; 0.004        ; -1.155     ; 0.894      ;
; -2.117 ; Holo:holo|spiByteBuffer[6] ; Holo:holo|spiParameter[3][6]      ; sck          ; pll|altpll_component|auto_generated|pll1|clk[0] ; 0.004        ; -1.335     ; 0.713      ;
; -2.116 ; Holo:holo|spiByteBuffer[0] ; Holo:holo|spiParameter[7][0]      ; sck          ; pll|altpll_component|auto_generated|pll1|clk[0] ; 0.004        ; -1.158     ; 0.889      ;
; -2.116 ; Holo:holo|spiByteBuffer[4] ; Holo:holo|spiParameter[4][4]      ; sck          ; pll|altpll_component|auto_generated|pll1|clk[0] ; 0.004        ; -1.345     ; 0.702      ;
; -2.113 ; Holo:holo|spiByteBuffer[1] ; Holo:holo|spiParameter[6][1]      ; sck          ; pll|altpll_component|auto_generated|pll1|clk[0] ; 0.004        ; -1.161     ; 0.883      ;
; -2.113 ; Holo:holo|spiByteBuffer[3] ; Holo:holo|spiParameter[4][3]      ; sck          ; pll|altpll_component|auto_generated|pll1|clk[0] ; 0.004        ; -1.345     ; 0.699      ;
+--------+----------------------------+-----------------------------------+--------------+-------------------------------------------------+--------------+------------+------------+


+------------------------------------------------------------------------------------------------------------------------------------+
; Fast 1200mV 0C Model Setup: 'sck'                                                                                                  ;
+--------+------------------------+----------------------------+--------------+-------------+--------------+------------+------------+
; Slack  ; From Node              ; To Node                    ; Launch Clock ; Latch Clock ; Relationship ; Clock Skew ; Data Delay ;
+--------+------------------------+----------------------------+--------------+-------------+--------------+------------+------------+
; -0.010 ; Holo:holo|spiBitCnt[2] ; Holo:holo|spiByteBuffer[3] ; sck          ; sck         ; 1.000        ; -0.035     ; 0.962      ;
; -0.010 ; Holo:holo|spiBitCnt[2] ; Holo:holo|spiByteBuffer[2] ; sck          ; sck         ; 1.000        ; -0.035     ; 0.962      ;
; -0.010 ; Holo:holo|spiBitCnt[2] ; Holo:holo|spiByteBuffer[7] ; sck          ; sck         ; 1.000        ; -0.035     ; 0.962      ;
; -0.010 ; Holo:holo|spiBitCnt[2] ; Holo:holo|spiByteBuffer[4] ; sck          ; sck         ; 1.000        ; -0.035     ; 0.962      ;
; -0.010 ; Holo:holo|spiBitCnt[2] ; Holo:holo|spiByteBuffer[6] ; sck          ; sck         ; 1.000        ; -0.035     ; 0.962      ;
; -0.010 ; Holo:holo|spiBitCnt[2] ; Holo:holo|spiByteBuffer[1] ; sck          ; sck         ; 1.000        ; -0.035     ; 0.962      ;
; -0.010 ; Holo:holo|spiBitCnt[2] ; Holo:holo|spiByteBuffer[5] ; sck          ; sck         ; 1.000        ; -0.035     ; 0.962      ;
; -0.010 ; Holo:holo|spiBitCnt[2] ; Holo:holo|spiByteBuffer[0] ; sck          ; sck         ; 1.000        ; -0.035     ; 0.962      ;
; 0.031  ; Holo:holo|spiBitCnt[1] ; Holo:holo|spiByteBuffer[2] ; sck          ; sck         ; 1.000        ; -0.035     ; 0.921      ;
; 0.031  ; Holo:holo|spiBitCnt[1] ; Holo:holo|spiByteBuffer[0] ; sck          ; sck         ; 1.000        ; -0.035     ; 0.921      ;
; 0.031  ; Holo:holo|spiBitCnt[1] ; Holo:holo|spiByteBuffer[7] ; sck          ; sck         ; 1.000        ; -0.035     ; 0.921      ;
; 0.031  ; Holo:holo|spiBitCnt[1] ; Holo:holo|spiByteBuffer[1] ; sck          ; sck         ; 1.000        ; -0.035     ; 0.921      ;
; 0.031  ; Holo:holo|spiBitCnt[1] ; Holo:holo|spiByteBuffer[5] ; sck          ; sck         ; 1.000        ; -0.035     ; 0.921      ;
; 0.031  ; Holo:holo|spiBitCnt[1] ; Holo:holo|spiByteBuffer[6] ; sck          ; sck         ; 1.000        ; -0.035     ; 0.921      ;
; 0.031  ; Holo:holo|spiBitCnt[1] ; Holo:holo|spiByteBuffer[4] ; sck          ; sck         ; 1.000        ; -0.035     ; 0.921      ;
; 0.031  ; Holo:holo|spiBitCnt[1] ; Holo:holo|spiByteBuffer[3] ; sck          ; sck         ; 1.000        ; -0.035     ; 0.921      ;
; 0.108  ; Holo:holo|spiBitCnt[0] ; Holo:holo|spiByteBuffer[6] ; sck          ; sck         ; 1.000        ; -0.035     ; 0.844      ;
; 0.108  ; Holo:holo|spiBitCnt[0] ; Holo:holo|spiByteBuffer[1] ; sck          ; sck         ; 1.000        ; -0.035     ; 0.844      ;
; 0.108  ; Holo:holo|spiBitCnt[0] ; Holo:holo|spiByteBuffer[0] ; sck          ; sck         ; 1.000        ; -0.035     ; 0.844      ;
; 0.108  ; Holo:holo|spiBitCnt[0] ; Holo:holo|spiByteBuffer[5] ; sck          ; sck         ; 1.000        ; -0.035     ; 0.844      ;
; 0.108  ; Holo:holo|spiBitCnt[0] ; Holo:holo|spiByteBuffer[4] ; sck          ; sck         ; 1.000        ; -0.035     ; 0.844      ;
; 0.108  ; Holo:holo|spiBitCnt[0] ; Holo:holo|spiByteBuffer[3] ; sck          ; sck         ; 1.000        ; -0.035     ; 0.844      ;
; 0.108  ; Holo:holo|spiBitCnt[0] ; Holo:holo|spiByteBuffer[7] ; sck          ; sck         ; 1.000        ; -0.035     ; 0.844      ;
; 0.108  ; Holo:holo|spiBitCnt[0] ; Holo:holo|spiByteBuffer[2] ; sck          ; sck         ; 1.000        ; -0.035     ; 0.844      ;
; 0.271  ; Holo:holo|spiBitCnt[1] ; Holo:holo|spiByteAvailable ; sck          ; sck         ; 1.000        ; -0.036     ; 0.680      ;
; 0.328  ; Holo:holo|spiBitCnt[1] ; Holo:holo|spiBitCnt[2]     ; sck          ; sck         ; 1.000        ; -0.036     ; 0.623      ;
; 0.385  ; Holo:holo|spiBitCnt[0] ; Holo:holo|spiBitCnt[1]     ; sck          ; sck         ; 1.000        ; -0.036     ; 0.566      ;
; 0.410  ; Holo:holo|spiBitCnt[2] ; Holo:holo|spiByteAvailable ; sck          ; sck         ; 1.000        ; -0.036     ; 0.541      ;
; 0.413  ; Holo:holo|spiBitCnt[0] ; Holo:holo|spiBitCnt[2]     ; sck          ; sck         ; 1.000        ; -0.036     ; 0.538      ;
; 0.479  ; Holo:holo|spiBitCnt[0] ; Holo:holo|spiByteAvailable ; sck          ; sck         ; 1.000        ; -0.036     ; 0.472      ;
; 0.495  ; Holo:holo|spiByte[1]   ; Holo:holo|spiByteBuffer[2] ; sck          ; sck         ; 1.000        ; -0.036     ; 0.456      ;
; 0.495  ; Holo:holo|spiByte[1]   ; Holo:holo|spiByte[2]       ; sck          ; sck         ; 1.000        ; -0.036     ; 0.456      ;
; 0.570  ; Holo:holo|spiByte[4]   ; Holo:holo|spiByteBuffer[5] ; sck          ; sck         ; 1.000        ; -0.036     ; 0.381      ;
; 0.571  ; Holo:holo|spiByte[4]   ; Holo:holo|spiByte[5]       ; sck          ; sck         ; 1.000        ; -0.036     ; 0.380      ;
; 0.571  ; Holo:holo|spiByte[0]   ; Holo:holo|spiByteBuffer[1] ; sck          ; sck         ; 1.000        ; -0.036     ; 0.380      ;
; 0.571  ; Holo:holo|spiByte[2]   ; Holo:holo|spiByteBuffer[3] ; sck          ; sck         ; 1.000        ; -0.036     ; 0.380      ;
; 0.571  ; Holo:holo|spiByte[3]   ; Holo:holo|spiByte[4]       ; sck          ; sck         ; 1.000        ; -0.036     ; 0.380      ;
; 0.572  ; Holo:holo|spiByte[5]   ; Holo:holo|spiByte[6]       ; sck          ; sck         ; 1.000        ; -0.036     ; 0.379      ;
; 0.572  ; Holo:holo|spiByte[2]   ; Holo:holo|spiByte[3]       ; sck          ; sck         ; 1.000        ; -0.036     ; 0.379      ;
; 0.573  ; Holo:holo|spiByte[5]   ; Holo:holo|spiByteBuffer[6] ; sck          ; sck         ; 1.000        ; -0.036     ; 0.378      ;
; 0.573  ; Holo:holo|spiByte[3]   ; Holo:holo|spiByteBuffer[4] ; sck          ; sck         ; 1.000        ; -0.036     ; 0.378      ;
; 0.574  ; Holo:holo|spiByte[0]   ; Holo:holo|spiByte[1]       ; sck          ; sck         ; 1.000        ; -0.036     ; 0.377      ;
; 0.579  ; Holo:holo|spiByte[6]   ; Holo:holo|spiByteBuffer[7] ; sck          ; sck         ; 1.000        ; -0.036     ; 0.372      ;
; 0.592  ; Holo:holo|spiBitCnt[1] ; Holo:holo|spiBitCnt[1]     ; sck          ; sck         ; 1.000        ; -0.036     ; 0.359      ;
; 0.592  ; Holo:holo|spiBitCnt[2] ; Holo:holo|spiBitCnt[2]     ; sck          ; sck         ; 1.000        ; -0.036     ; 0.359      ;
; 0.592  ; Holo:holo|spiBitCnt[0] ; Holo:holo|spiBitCnt[0]     ; sck          ; sck         ; 1.000        ; -0.036     ; 0.359      ;
+--------+------------------------+----------------------------+--------------+-------------+--------------+------------+------------+


+-------------------------------------------------------------------------------------------------------------------------------------------------------------------------------------------------------------------------------------------------------------------------------------------------------------------------------------+
; Fast 1200mV 0C Model Hold: 'pll|altpll_component|auto_generated|pll1|clk[0]'                                                                                                                                                                                                                                                        ;
+-------+------------------------------------------------+-------------------------------------------------------------------------------------------------------------------------------+-------------------------------------------------+-------------------------------------------------+--------------+------------+------------+
; Slack ; From Node                                      ; To Node                                                                                                                       ; Launch Clock                                    ; Latch Clock                                     ; Relationship ; Clock Skew ; Data Delay ;
+-------+------------------------------------------------+-------------------------------------------------------------------------------------------------------------------------------+-------------------------------------------------+-------------------------------------------------+--------------+------------+------------+
; 0.137 ; Holo:holo|ramWriteData[10]                     ; Holo:holo|PosColRam:posColRam|altsyncram:altsyncram_component|altsyncram_4pn1:auto_generated|ram_block1a10~porta_datain_reg0  ; pll|altpll_component|auto_generated|pll1|clk[0] ; pll|altpll_component|auto_generated|pll1|clk[0] ; 0.000        ; 0.227      ; 0.468      ;
; 0.141 ; Holo:holo|ramWriteData[19]                     ; Holo:holo|PosColRam:posColRam|altsyncram:altsyncram_component|altsyncram_4pn1:auto_generated|ram_block1a19~porta_datain_reg0  ; pll|altpll_component|auto_generated|pll1|clk[0] ; pll|altpll_component|auto_generated|pll1|clk[0] ; 0.000        ; 0.227      ; 0.472      ;
; 0.147 ; Holo:holo|ramWriteData[17]                     ; Holo:holo|PosColRam:posColRam|altsyncram:altsyncram_component|altsyncram_4pn1:auto_generated|ram_block1a17~porta_datain_reg0  ; pll|altpll_component|auto_generated|pll1|clk[0] ; pll|altpll_component|auto_generated|pll1|clk[0] ; 0.000        ; 0.221      ; 0.472      ;
; 0.148 ; Holo:holo|ramWriteData[28]                     ; Holo:holo|PosColRam:posColRam|altsyncram:altsyncram_component|altsyncram_4pn1:auto_generated|ram_block1a28~porta_datain_reg0  ; pll|altpll_component|auto_generated|pll1|clk[0] ; pll|altpll_component|auto_generated|pll1|clk[0] ; 0.000        ; 0.221      ; 0.473      ;
; 0.158 ; Holo:holo|ramWriteData[0]                      ; Holo:holo|PosColRam:posColRam|altsyncram:altsyncram_component|altsyncram_4pn1:auto_generated|ram_block1a0~porta_datain_reg0   ; pll|altpll_component|auto_generated|pll1|clk[0] ; pll|altpll_component|auto_generated|pll1|clk[0] ; 0.000        ; 0.221      ; 0.483      ;
; 0.172 ; Holo:holo|ramWriteData[2]                      ; Holo:holo|PosColRam:posColRam|altsyncram:altsyncram_component|altsyncram_4pn1:auto_generated|ram_block1a2~porta_datain_reg0   ; pll|altpll_component|auto_generated|pll1|clk[0] ; pll|altpll_component|auto_generated|pll1|clk[0] ; 0.000        ; 0.217      ; 0.493      ;
; 0.180 ; Holo:holo|ramWriteData[4]                      ; Holo:holo|PosColRam:posColRam|altsyncram:altsyncram_component|altsyncram_4pn1:auto_generated|ram_block1a4~porta_datain_reg0   ; pll|altpll_component|auto_generated|pll1|clk[0] ; pll|altpll_component|auto_generated|pll1|clk[0] ; 0.000        ; 0.224      ; 0.508      ;
; 0.180 ; Holo:holo|ramWriteData[3]                      ; Holo:holo|PosColRam:posColRam|altsyncram:altsyncram_component|altsyncram_4pn1:auto_generated|ram_block1a3~porta_datain_reg0   ; pll|altpll_component|auto_generated|pll1|clk[0] ; pll|altpll_component|auto_generated|pll1|clk[0] ; 0.000        ; 0.225      ; 0.509      ;
; 0.184 ; Holo:holo|wraddress[4]                         ; Holo:holo|PosColRam:posColRam|altsyncram:altsyncram_component|altsyncram_4pn1:auto_generated|ram_block1a36~porta_address_reg0 ; pll|altpll_component|auto_generated|pll1|clk[0] ; pll|altpll_component|auto_generated|pll1|clk[0] ; 0.000        ; 0.224      ; 0.512      ;
; 0.186 ; Holo:holo|PwmCtrl:pwmCtrl|PWM:pwm[24]|outRaw   ; Holo:holo|PwmCtrl:pwmCtrl|PWM:pwm[24]|outRaw                                                                                  ; pll|altpll_component|auto_generated|pll1|clk[0] ; pll|altpll_component|auto_generated|pll1|clk[0] ; 0.000        ; 0.037      ; 0.307      ;
; 0.186 ; Holo:holo|PwmCtrl:pwmCtrl|PWM:pwm[20]|outRaw   ; Holo:holo|PwmCtrl:pwmCtrl|PWM:pwm[20]|outRaw                                                                                  ; pll|altpll_component|auto_generated|pll1|clk[0] ; pll|altpll_component|auto_generated|pll1|clk[0] ; 0.000        ; 0.037      ; 0.307      ;
; 0.186 ; Holo:holo|CalcPhase:calcPhase|phaseEnabled[11] ; Holo:holo|CalcPhase:calcPhase|phaseEnabled[11]                                                                                ; pll|altpll_component|auto_generated|pll1|clk[0] ; pll|altpll_component|auto_generated|pll1|clk[0] ; 0.000        ; 0.037      ; 0.307      ;
; 0.186 ; Holo:holo|PwmCtrl:pwmCtrl|PWM:pwm[11]|outRaw   ; Holo:holo|PwmCtrl:pwmCtrl|PWM:pwm[11]|outRaw                                                                                  ; pll|altpll_component|auto_generated|pll1|clk[0] ; pll|altpll_component|auto_generated|pll1|clk[0] ; 0.000        ; 0.037      ; 0.307      ;
; 0.186 ; Holo:holo|PwmCtrl:pwmCtrl|PWM:pwm[25]|outRaw   ; Holo:holo|PwmCtrl:pwmCtrl|PWM:pwm[25]|outRaw                                                                                  ; pll|altpll_component|auto_generated|pll1|clk[0] ; pll|altpll_component|auto_generated|pll1|clk[0] ; 0.000        ; 0.037      ; 0.307      ;
; 0.186 ; Holo:holo|PwmCtrl:pwmCtrl|PWM:pwm[6]|outRaw    ; Holo:holo|PwmCtrl:pwmCtrl|PWM:pwm[6]|outRaw                                                                                   ; pll|altpll_component|auto_generated|pll1|clk[0] ; pll|altpll_component|auto_generated|pll1|clk[0] ; 0.000        ; 0.037      ; 0.307      ;
; 0.186 ; Holo:holo|PwmCtrl:pwmCtrl|PWM:pwm[15]|outRaw   ; Holo:holo|PwmCtrl:pwmCtrl|PWM:pwm[15]|outRaw                                                                                  ; pll|altpll_component|auto_generated|pll1|clk[0] ; pll|altpll_component|auto_generated|pll1|clk[0] ; 0.000        ; 0.037      ; 0.307      ;
; 0.186 ; Holo:holo|PwmCtrl:pwmCtrl|PWM:pwm[13]|outRaw   ; Holo:holo|PwmCtrl:pwmCtrl|PWM:pwm[13]|outRaw                                                                                  ; pll|altpll_component|auto_generated|pll1|clk[0] ; pll|altpll_component|auto_generated|pll1|clk[0] ; 0.000        ; 0.037      ; 0.307      ;
; 0.186 ; Holo:holo|PwmCtrl:pwmCtrl|PWM:pwm[3]|outRaw    ; Holo:holo|PwmCtrl:pwmCtrl|PWM:pwm[3]|outRaw                                                                                   ; pll|altpll_component|auto_generated|pll1|clk[0] ; pll|altpll_component|auto_generated|pll1|clk[0] ; 0.000        ; 0.037      ; 0.307      ;
; 0.186 ; Holo:holo|PwmCtrl:pwmCtrl|PWM:pwm[4]|outRaw    ; Holo:holo|PwmCtrl:pwmCtrl|PWM:pwm[4]|outRaw                                                                                   ; pll|altpll_component|auto_generated|pll1|clk[0] ; pll|altpll_component|auto_generated|pll1|clk[0] ; 0.000        ; 0.037      ; 0.307      ;
; 0.186 ; Holo:holo|PwmCtrl:pwmCtrl|PWM:pwm[5]|outRaw    ; Holo:holo|PwmCtrl:pwmCtrl|PWM:pwm[5]|outRaw                                                                                   ; pll|altpll_component|auto_generated|pll1|clk[0] ; pll|altpll_component|auto_generated|pll1|clk[0] ; 0.000        ; 0.037      ; 0.307      ;
; 0.186 ; Holo:holo|PwmCtrl:pwmCtrl|PWM:pwm[19]|outRaw   ; Holo:holo|PwmCtrl:pwmCtrl|PWM:pwm[19]|outRaw                                                                                  ; pll|altpll_component|auto_generated|pll1|clk[0] ; pll|altpll_component|auto_generated|pll1|clk[0] ; 0.000        ; 0.037      ; 0.307      ;
; 0.186 ; Holo:holo|PwmCtrl:pwmCtrl|PWM:pwm[7]|outRaw    ; Holo:holo|PwmCtrl:pwmCtrl|PWM:pwm[7]|outRaw                                                                                   ; pll|altpll_component|auto_generated|pll1|clk[0] ; pll|altpll_component|auto_generated|pll1|clk[0] ; 0.000        ; 0.037      ; 0.307      ;
; 0.186 ; Holo:holo|PwmCtrl:pwmCtrl|PWM:pwm[8]|outRaw    ; Holo:holo|PwmCtrl:pwmCtrl|PWM:pwm[8]|outRaw                                                                                   ; pll|altpll_component|auto_generated|pll1|clk[0] ; pll|altpll_component|auto_generated|pll1|clk[0] ; 0.000        ; 0.037      ; 0.307      ;
; 0.186 ; Holo:holo|PwmCtrl:pwmCtrl|PWM:pwm[23]|outRaw   ; Holo:holo|PwmCtrl:pwmCtrl|PWM:pwm[23]|outRaw                                                                                  ; pll|altpll_component|auto_generated|pll1|clk[0] ; pll|altpll_component|auto_generated|pll1|clk[0] ; 0.000        ; 0.037      ; 0.307      ;
; 0.186 ; Holo:holo|PwmCtrl:pwmCtrl|PWM:pwm[1]|outRaw    ; Holo:holo|PwmCtrl:pwmCtrl|PWM:pwm[1]|outRaw                                                                                   ; pll|altpll_component|auto_generated|pll1|clk[0] ; pll|altpll_component|auto_generated|pll1|clk[0] ; 0.000        ; 0.037      ; 0.307      ;
; 0.186 ; Holo:holo|PwmCtrl:pwmCtrl|PWM:pwm[27]|outRaw   ; Holo:holo|PwmCtrl:pwmCtrl|PWM:pwm[27]|outRaw                                                                                  ; pll|altpll_component|auto_generated|pll1|clk[0] ; pll|altpll_component|auto_generated|pll1|clk[0] ; 0.000        ; 0.037      ; 0.307      ;
; 0.186 ; Holo:holo|CalcPhase:calcPhase|phaseEnabled[4]  ; Holo:holo|CalcPhase:calcPhase|phaseEnabled[4]                                                                                 ; pll|altpll_component|auto_generated|pll1|clk[0] ; pll|altpll_component|auto_generated|pll1|clk[0] ; 0.000        ; 0.037      ; 0.307      ;
; 0.186 ; Holo:holo|PwmCtrl:pwmCtrl|PWM:pwm[9]|outRaw    ; Holo:holo|PwmCtrl:pwmCtrl|PWM:pwm[9]|outRaw                                                                                   ; pll|altpll_component|auto_generated|pll1|clk[0] ; pll|altpll_component|auto_generated|pll1|clk[0] ; 0.000        ; 0.037      ; 0.307      ;
; 0.186 ; Holo:holo|PwmCtrl:pwmCtrl|PWM:pwm[10]|outRaw   ; Holo:holo|PwmCtrl:pwmCtrl|PWM:pwm[10]|outRaw                                                                                  ; pll|altpll_component|auto_generated|pll1|clk[0] ; pll|altpll_component|auto_generated|pll1|clk[0] ; 0.000        ; 0.037      ; 0.307      ;
; 0.186 ; Holo:holo|CalcPhase:calcPhase|phaseEnabled[2]  ; Holo:holo|CalcPhase:calcPhase|phaseEnabled[2]                                                                                 ; pll|altpll_component|auto_generated|pll1|clk[0] ; pll|altpll_component|auto_generated|pll1|clk[0] ; 0.000        ; 0.037      ; 0.307      ;
; 0.186 ; Reset:reset|cnt[1]                             ; Reset:reset|cnt[1]                                                                                                            ; pll|altpll_component|auto_generated|pll1|clk[0] ; pll|altpll_component|auto_generated|pll1|clk[0] ; 0.000        ; 0.037      ; 0.307      ;
; 0.186 ; Holo:holo|PwmCtrl:pwmCtrl|PWM:pwm[12]|outRaw   ; Holo:holo|PwmCtrl:pwmCtrl|PWM:pwm[12]|outRaw                                                                                  ; pll|altpll_component|auto_generated|pll1|clk[0] ; pll|altpll_component|auto_generated|pll1|clk[0] ; 0.000        ; 0.037      ; 0.307      ;
; 0.186 ; Holo:holo|PwmCtrl:pwmCtrl|PWM:pwm[16]|outRaw   ; Holo:holo|PwmCtrl:pwmCtrl|PWM:pwm[16]|outRaw                                                                                  ; pll|altpll_component|auto_generated|pll1|clk[0] ; pll|altpll_component|auto_generated|pll1|clk[0] ; 0.000        ; 0.037      ; 0.307      ;
; 0.186 ; Holo:holo|PwmCtrl:pwmCtrl|PWM:pwm[18]|outRaw   ; Holo:holo|PwmCtrl:pwmCtrl|PWM:pwm[18]|outRaw                                                                                  ; pll|altpll_component|auto_generated|pll1|clk[0] ; pll|altpll_component|auto_generated|pll1|clk[0] ; 0.000        ; 0.037      ; 0.307      ;
; 0.186 ; Holo:holo|PwmCtrl:pwmCtrl|PWM:pwm[21]|outRaw   ; Holo:holo|PwmCtrl:pwmCtrl|PWM:pwm[21]|outRaw                                                                                  ; pll|altpll_component|auto_generated|pll1|clk[0] ; pll|altpll_component|auto_generated|pll1|clk[0] ; 0.000        ; 0.037      ; 0.307      ;
; 0.186 ; Holo:holo|PwmCtrl:pwmCtrl|PWM:pwm[22]|outRaw   ; Holo:holo|PwmCtrl:pwmCtrl|PWM:pwm[22]|outRaw                                                                                  ; pll|altpll_component|auto_generated|pll1|clk[0] ; pll|altpll_component|auto_generated|pll1|clk[0] ; 0.000        ; 0.037      ; 0.307      ;
; 0.186 ; Holo:holo|PwmCtrl:pwmCtrl|syncDetected         ; Holo:holo|PwmCtrl:pwmCtrl|syncDetected                                                                                        ; pll|altpll_component|auto_generated|pll1|clk[0] ; pll|altpll_component|auto_generated|pll1|clk[0] ; 0.000        ; 0.037      ; 0.307      ;
; 0.186 ; Holo:holo|PwmCtrl:pwmCtrl|PWM:pwm[0]|outRaw    ; Holo:holo|PwmCtrl:pwmCtrl|PWM:pwm[0]|outRaw                                                                                   ; pll|altpll_component|auto_generated|pll1|clk[0] ; pll|altpll_component|auto_generated|pll1|clk[0] ; 0.000        ; 0.037      ; 0.307      ;
; 0.186 ; Holo:holo|PwmCtrl:pwmCtrl|PWM:pwm[2]|outRaw    ; Holo:holo|PwmCtrl:pwmCtrl|PWM:pwm[2]|outRaw                                                                                   ; pll|altpll_component|auto_generated|pll1|clk[0] ; pll|altpll_component|auto_generated|pll1|clk[0] ; 0.000        ; 0.037      ; 0.307      ;
; 0.186 ; Holo:holo|CalcPhase:calcPhase|phaseEnabled[9]  ; Holo:holo|CalcPhase:calcPhase|phaseEnabled[9]                                                                                 ; pll|altpll_component|auto_generated|pll1|clk[0] ; pll|altpll_component|auto_generated|pll1|clk[0] ; 0.000        ; 0.037      ; 0.307      ;
; 0.186 ; Holo:holo|CalcPhase:calcPhase|phaseEnabled[10] ; Holo:holo|CalcPhase:calcPhase|phaseEnabled[10]                                                                                ; pll|altpll_component|auto_generated|pll1|clk[0] ; pll|altpll_component|auto_generated|pll1|clk[0] ; 0.000        ; 0.037      ; 0.307      ;
; 0.186 ; Holo:holo|CalcPhase:calcPhase|phaseEnabled[12] ; Holo:holo|CalcPhase:calcPhase|phaseEnabled[12]                                                                                ; pll|altpll_component|auto_generated|pll1|clk[0] ; pll|altpll_component|auto_generated|pll1|clk[0] ; 0.000        ; 0.037      ; 0.307      ;
; 0.186 ; Holo:holo|CalcPhase:calcPhase|phaseEnabled[13] ; Holo:holo|CalcPhase:calcPhase|phaseEnabled[13]                                                                                ; pll|altpll_component|auto_generated|pll1|clk[0] ; pll|altpll_component|auto_generated|pll1|clk[0] ; 0.000        ; 0.037      ; 0.307      ;
; 0.186 ; Holo:holo|CalcPhase:calcPhase|phaseEnabled[14] ; Holo:holo|CalcPhase:calcPhase|phaseEnabled[14]                                                                                ; pll|altpll_component|auto_generated|pll1|clk[0] ; pll|altpll_component|auto_generated|pll1|clk[0] ; 0.000        ; 0.037      ; 0.307      ;
; 0.186 ; Holo:holo|CalcPhase:calcPhase|phaseEnabled[15] ; Holo:holo|CalcPhase:calcPhase|phaseEnabled[15]                                                                                ; pll|altpll_component|auto_generated|pll1|clk[0] ; pll|altpll_component|auto_generated|pll1|clk[0] ; 0.000        ; 0.037      ; 0.307      ;
; 0.186 ; Holo:holo|CalcPhase:calcPhase|phaseEnabled[16] ; Holo:holo|CalcPhase:calcPhase|phaseEnabled[16]                                                                                ; pll|altpll_component|auto_generated|pll1|clk[0] ; pll|altpll_component|auto_generated|pll1|clk[0] ; 0.000        ; 0.037      ; 0.307      ;
; 0.186 ; Holo:holo|CalcPhase:calcPhase|phaseEnabled[27] ; Holo:holo|CalcPhase:calcPhase|phaseEnabled[27]                                                                                ; pll|altpll_component|auto_generated|pll1|clk[0] ; pll|altpll_component|auto_generated|pll1|clk[0] ; 0.000        ; 0.037      ; 0.307      ;
; 0.186 ; Holo:holo|CalcPhase:calcPhase|phaseEnabled[28] ; Holo:holo|CalcPhase:calcPhase|phaseEnabled[28]                                                                                ; pll|altpll_component|auto_generated|pll1|clk[0] ; pll|altpll_component|auto_generated|pll1|clk[0] ; 0.000        ; 0.037      ; 0.307      ;
; 0.186 ; Holo:holo|CalcPhase:calcPhase|phaseEnabled[41] ; Holo:holo|CalcPhase:calcPhase|phaseEnabled[41]                                                                                ; pll|altpll_component|auto_generated|pll1|clk[0] ; pll|altpll_component|auto_generated|pll1|clk[0] ; 0.000        ; 0.037      ; 0.307      ;
; 0.186 ; Holo:holo|CalcPhase:calcPhase|phaseEnabled[42] ; Holo:holo|CalcPhase:calcPhase|phaseEnabled[42]                                                                                ; pll|altpll_component|auto_generated|pll1|clk[0] ; pll|altpll_component|auto_generated|pll1|clk[0] ; 0.000        ; 0.037      ; 0.307      ;
; 0.186 ; Holo:holo|CalcPhase:calcPhase|phaseEnabled[43] ; Holo:holo|CalcPhase:calcPhase|phaseEnabled[43]                                                                                ; pll|altpll_component|auto_generated|pll1|clk[0] ; pll|altpll_component|auto_generated|pll1|clk[0] ; 0.000        ; 0.037      ; 0.307      ;
; 0.186 ; Holo:holo|CalcPhase:calcPhase|phaseEnabled[44] ; Holo:holo|CalcPhase:calcPhase|phaseEnabled[44]                                                                                ; pll|altpll_component|auto_generated|pll1|clk[0] ; pll|altpll_component|auto_generated|pll1|clk[0] ; 0.000        ; 0.037      ; 0.307      ;
; 0.186 ; Holo:holo|CalcPhase:calcPhase|phaseEnabled[45] ; Holo:holo|CalcPhase:calcPhase|phaseEnabled[45]                                                                                ; pll|altpll_component|auto_generated|pll1|clk[0] ; pll|altpll_component|auto_generated|pll1|clk[0] ; 0.000        ; 0.037      ; 0.307      ;
; 0.186 ; Holo:holo|CalcPhase:calcPhase|phaseEnabled[46] ; Holo:holo|CalcPhase:calcPhase|phaseEnabled[46]                                                                                ; pll|altpll_component|auto_generated|pll1|clk[0] ; pll|altpll_component|auto_generated|pll1|clk[0] ; 0.000        ; 0.037      ; 0.307      ;
; 0.186 ; Holo:holo|CalcPhase:calcPhase|phaseEnabled[47] ; Holo:holo|CalcPhase:calcPhase|phaseEnabled[47]                                                                                ; pll|altpll_component|auto_generated|pll1|clk[0] ; pll|altpll_component|auto_generated|pll1|clk[0] ; 0.000        ; 0.037      ; 0.307      ;
; 0.186 ; Holo:holo|CalcPhase:calcPhase|phaseEnabled[48] ; Holo:holo|CalcPhase:calcPhase|phaseEnabled[48]                                                                                ; pll|altpll_component|auto_generated|pll1|clk[0] ; pll|altpll_component|auto_generated|pll1|clk[0] ; 0.000        ; 0.037      ; 0.307      ;
; 0.186 ; Holo:holo|CalcPhase:calcPhase|phaseEnabled[49] ; Holo:holo|CalcPhase:calcPhase|phaseEnabled[49]                                                                                ; pll|altpll_component|auto_generated|pll1|clk[0] ; pll|altpll_component|auto_generated|pll1|clk[0] ; 0.000        ; 0.037      ; 0.307      ;
; 0.186 ; Holo:holo|CalcPhase:calcPhase|cState[1]        ; Holo:holo|CalcPhase:calcPhase|cState[1]                                                                                       ; pll|altpll_component|auto_generated|pll1|clk[0] ; pll|altpll_component|auto_generated|pll1|clk[0] ; 0.000        ; 0.037      ; 0.307      ;
; 0.186 ; Holo:holo|LEDen                                ; Holo:holo|LEDen                                                                                                               ; pll|altpll_component|auto_generated|pll1|clk[0] ; pll|altpll_component|auto_generated|pll1|clk[0] ; 0.000        ; 0.037      ; 0.307      ;
; 0.186 ; Holo:holo|PwmCtrl:pwmCtrl|PWM:pwm[49]|outRaw   ; Holo:holo|PwmCtrl:pwmCtrl|PWM:pwm[49]|outRaw                                                                                  ; pll|altpll_component|auto_generated|pll1|clk[0] ; pll|altpll_component|auto_generated|pll1|clk[0] ; 0.000        ; 0.037      ; 0.307      ;
; 0.186 ; Holo:holo|PwmCtrl:pwmCtrl|PWM:pwm[48]|outRaw   ; Holo:holo|PwmCtrl:pwmCtrl|PWM:pwm[48]|outRaw                                                                                  ; pll|altpll_component|auto_generated|pll1|clk[0] ; pll|altpll_component|auto_generated|pll1|clk[0] ; 0.000        ; 0.037      ; 0.307      ;
; 0.186 ; Holo:holo|PwmCtrl:pwmCtrl|PWM:pwm[47]|outRaw   ; Holo:holo|PwmCtrl:pwmCtrl|PWM:pwm[47]|outRaw                                                                                  ; pll|altpll_component|auto_generated|pll1|clk[0] ; pll|altpll_component|auto_generated|pll1|clk[0] ; 0.000        ; 0.037      ; 0.307      ;
; 0.186 ; Holo:holo|PwmCtrl:pwmCtrl|PWM:pwm[46]|outRaw   ; Holo:holo|PwmCtrl:pwmCtrl|PWM:pwm[46]|outRaw                                                                                  ; pll|altpll_component|auto_generated|pll1|clk[0] ; pll|altpll_component|auto_generated|pll1|clk[0] ; 0.000        ; 0.037      ; 0.307      ;
; 0.186 ; Holo:holo|PwmCtrl:pwmCtrl|PWM:pwm[45]|outRaw   ; Holo:holo|PwmCtrl:pwmCtrl|PWM:pwm[45]|outRaw                                                                                  ; pll|altpll_component|auto_generated|pll1|clk[0] ; pll|altpll_component|auto_generated|pll1|clk[0] ; 0.000        ; 0.037      ; 0.307      ;
; 0.186 ; Holo:holo|PwmCtrl:pwmCtrl|PWM:pwm[44]|outRaw   ; Holo:holo|PwmCtrl:pwmCtrl|PWM:pwm[44]|outRaw                                                                                  ; pll|altpll_component|auto_generated|pll1|clk[0] ; pll|altpll_component|auto_generated|pll1|clk[0] ; 0.000        ; 0.037      ; 0.307      ;
; 0.186 ; Holo:holo|PwmCtrl:pwmCtrl|PWM:pwm[42]|outRaw   ; Holo:holo|PwmCtrl:pwmCtrl|PWM:pwm[42]|outRaw                                                                                  ; pll|altpll_component|auto_generated|pll1|clk[0] ; pll|altpll_component|auto_generated|pll1|clk[0] ; 0.000        ; 0.037      ; 0.307      ;
; 0.186 ; Holo:holo|CalcPhase:calcPhase|rState[0]        ; Holo:holo|CalcPhase:calcPhase|rState[0]                                                                                       ; pll|altpll_component|auto_generated|pll1|clk[0] ; pll|altpll_component|auto_generated|pll1|clk[0] ; 0.000        ; 0.037      ; 0.307      ;
; 0.186 ; Holo:holo|CalcPhase:calcPhase|rState[1]        ; Holo:holo|CalcPhase:calcPhase|rState[1]                                                                                       ; pll|altpll_component|auto_generated|pll1|clk[0] ; pll|altpll_component|auto_generated|pll1|clk[0] ; 0.000        ; 0.037      ; 0.307      ;
; 0.186 ; Holo:holo|PwmCtrl:pwmCtrl|PWM:pwm[35]|outRaw   ; Holo:holo|PwmCtrl:pwmCtrl|PWM:pwm[35]|outRaw                                                                                  ; pll|altpll_component|auto_generated|pll1|clk[0] ; pll|altpll_component|auto_generated|pll1|clk[0] ; 0.000        ; 0.037      ; 0.307      ;
; 0.186 ; Holo:holo|PwmCtrl:pwmCtrl|PWM:pwm[34]|outRaw   ; Holo:holo|PwmCtrl:pwmCtrl|PWM:pwm[34]|outRaw                                                                                  ; pll|altpll_component|auto_generated|pll1|clk[0] ; pll|altpll_component|auto_generated|pll1|clk[0] ; 0.000        ; 0.037      ; 0.307      ;
; 0.186 ; Holo:holo|PwmCtrl:pwmCtrl|PWM:pwm[32]|outRaw   ; Holo:holo|PwmCtrl:pwmCtrl|PWM:pwm[32]|outRaw                                                                                  ; pll|altpll_component|auto_generated|pll1|clk[0] ; pll|altpll_component|auto_generated|pll1|clk[0] ; 0.000        ; 0.037      ; 0.307      ;
; 0.186 ; Holo:holo|PwmCtrl:pwmCtrl|PWM:pwm[31]|outRaw   ; Holo:holo|PwmCtrl:pwmCtrl|PWM:pwm[31]|outRaw                                                                                  ; pll|altpll_component|auto_generated|pll1|clk[0] ; pll|altpll_component|auto_generated|pll1|clk[0] ; 0.000        ; 0.037      ; 0.307      ;
; 0.186 ; Holo:holo|readState.0000                       ; Holo:holo|readState.0000                                                                                                      ; pll|altpll_component|auto_generated|pll1|clk[0] ; pll|altpll_component|auto_generated|pll1|clk[0] ; 0.000        ; 0.037      ; 0.307      ;
; 0.186 ; Reset:reset|cnt[2]                             ; Reset:reset|cnt[2]                                                                                                            ; pll|altpll_component|auto_generated|pll1|clk[0] ; pll|altpll_component|auto_generated|pll1|clk[0] ; 0.000        ; 0.037      ; 0.307      ;
; 0.186 ; Holo:holo|PwmCtrl:pwmCtrl|PWM:pwm[30]|outRaw   ; Holo:holo|PwmCtrl:pwmCtrl|PWM:pwm[30]|outRaw                                                                                  ; pll|altpll_component|auto_generated|pll1|clk[0] ; pll|altpll_component|auto_generated|pll1|clk[0] ; 0.000        ; 0.037      ; 0.307      ;
; 0.186 ; Holo:holo|calcStart                            ; Holo:holo|calcStart                                                                                                           ; pll|altpll_component|auto_generated|pll1|clk[0] ; pll|altpll_component|auto_generated|pll1|clk[0] ; 0.000        ; 0.037      ; 0.307      ;
; 0.186 ; Holo:holo|PwmCtrl:pwmCtrl|PWM:pwm[29]|outRaw   ; Holo:holo|PwmCtrl:pwmCtrl|PWM:pwm[29]|outRaw                                                                                  ; pll|altpll_component|auto_generated|pll1|clk[0] ; pll|altpll_component|auto_generated|pll1|clk[0] ; 0.000        ; 0.037      ; 0.307      ;
; 0.186 ; Holo:holo|PwmCtrl:pwmCtrl|PWM:pwm[28]|outRaw   ; Holo:holo|PwmCtrl:pwmCtrl|PWM:pwm[28]|outRaw                                                                                  ; pll|altpll_component|auto_generated|pll1|clk[0] ; pll|altpll_component|auto_generated|pll1|clk[0] ; 0.000        ; 0.037      ; 0.307      ;
; 0.187 ; Holo:holo|PwmCtrl:pwmCtrl|PWM:pwm[17]|outRaw   ; Holo:holo|PwmCtrl:pwmCtrl|PWM:pwm[17]|outRaw                                                                                  ; pll|altpll_component|auto_generated|pll1|clk[0] ; pll|altpll_component|auto_generated|pll1|clk[0] ; 0.000        ; 0.036      ; 0.307      ;
; 0.187 ; Holo:holo|readBufState[0]                      ; Holo:holo|readBufState[0]                                                                                                     ; pll|altpll_component|auto_generated|pll1|clk[0] ; pll|altpll_component|auto_generated|pll1|clk[0] ; 0.000        ; 0.036      ; 0.307      ;
; 0.187 ; Holo:holo|readBufState[1]                      ; Holo:holo|readBufState[1]                                                                                                     ; pll|altpll_component|auto_generated|pll1|clk[0] ; pll|altpll_component|auto_generated|pll1|clk[0] ; 0.000        ; 0.036      ; 0.307      ;
; 0.187 ; Holo:holo|directPhaseMode                      ; Holo:holo|directPhaseMode                                                                                                     ; pll|altpll_component|auto_generated|pll1|clk[0] ; pll|altpll_component|auto_generated|pll1|clk[0] ; 0.000        ; 0.036      ; 0.307      ;
; 0.187 ; Holo:holo|PwmCtrl:pwmCtrl|PWM:pwm[14]|outRaw   ; Holo:holo|PwmCtrl:pwmCtrl|PWM:pwm[14]|outRaw                                                                                  ; pll|altpll_component|auto_generated|pll1|clk[0] ; pll|altpll_component|auto_generated|pll1|clk[0] ; 0.000        ; 0.036      ; 0.307      ;
; 0.187 ; Holo:holo|CalcPhase:calcPhase|phaseEnabled[1]  ; Holo:holo|CalcPhase:calcPhase|phaseEnabled[1]                                                                                 ; pll|altpll_component|auto_generated|pll1|clk[0] ; pll|altpll_component|auto_generated|pll1|clk[0] ; 0.000        ; 0.036      ; 0.307      ;
; 0.187 ; Holo:holo|spiState[0]                          ; Holo:holo|spiState[0]                                                                                                         ; pll|altpll_component|auto_generated|pll1|clk[0] ; pll|altpll_component|auto_generated|pll1|clk[0] ; 0.000        ; 0.036      ; 0.307      ;
; 0.187 ; Holo:holo|directFramePending                   ; Holo:holo|directFramePending                                                                                                  ; pll|altpll_component|auto_generated|pll1|clk[0] ; pll|altpll_component|auto_generated|pll1|clk[0] ; 0.000        ; 0.036      ; 0.307      ;
; 0.187 ; Holo:holo|CalcPhase:calcPhase|state[0]         ; Holo:holo|CalcPhase:calcPhase|state[0]                                                                                        ; pll|altpll_component|auto_generated|pll1|clk[0] ; pll|altpll_component|auto_generated|pll1|clk[0] ; 0.000        ; 0.036      ; 0.307      ;
; 0.187 ; Holo:holo|PwmCtrl:pwmCtrl|PWM:pwm[26]|outRaw   ; Holo:holo|PwmCtrl:pwmCtrl|PWM:pwm[26]|outRaw                                                                                  ; pll|altpll_component|auto_generated|pll1|clk[0] ; pll|altpll_component|auto_generated|pll1|clk[0] ; 0.000        ; 0.036      ; 0.307      ;
; 0.187 ; Holo:holo|CalcPhase:calcPhase|phaseEnabled[0]  ; Holo:holo|CalcPhase:calcPhase|phaseEnabled[0]                                                                                 ; pll|altpll_component|auto_generated|pll1|clk[0] ; pll|altpll_component|auto_generated|pll1|clk[0] ; 0.000        ; 0.036      ; 0.307      ;
; 0.187 ; Holo:holo|CalcPhase:calcPhase|phaseEnabled[3]  ; Holo:holo|CalcPhase:calcPhase|phaseEnabled[3]                                                                                 ; pll|altpll_component|auto_generated|pll1|clk[0] ; pll|altpll_component|auto_generated|pll1|clk[0] ; 0.000        ; 0.036      ; 0.307      ;
; 0.187 ; Holo:holo|CalcPhase:calcPhase|phaseEnabled[5]  ; Holo:holo|CalcPhase:calcPhase|phaseEnabled[5]                                                                                 ; pll|altpll_component|auto_generated|pll1|clk[0] ; pll|altpll_component|auto_generated|pll1|clk[0] ; 0.000        ; 0.036      ; 0.307      ;
; 0.187 ; Holo:holo|CalcPhase:calcPhase|phaseEnabled[6]  ; Holo:holo|CalcPhase:calcPhase|phaseEnabled[6]                                                                                 ; pll|altpll_component|auto_generated|pll1|clk[0] ; pll|altpll_component|auto_generated|pll1|clk[0] ; 0.000        ; 0.036      ; 0.307      ;
; 0.187 ; Holo:holo|CalcPhase:calcPhase|phaseEnabled[7]  ; Holo:holo|CalcPhase:calcPhase|phaseEnabled[7]                                                                                 ; pll|altpll_component|auto_generated|pll1|clk[0] ; pll|altpll_component|auto_generated|pll1|clk[0] ; 0.000        ; 0.036      ; 0.307      ;
; 0.187 ; Holo:holo|CalcPhase:calcPhase|phaseEnabled[8]  ; Holo:holo|CalcPhase:calcPhase|phaseEnabled[8]                                                                                 ; pll|altpll_component|auto_generated|pll1|clk[0] ; pll|altpll_component|auto_generated|pll1|clk[0] ; 0.000        ; 0.036      ; 0.307      ;
; 0.187 ; Holo:holo|CalcPhase:calcPhase|phaseEnabled[17] ; Holo:holo|CalcPhase:calcPhase|phaseEnabled[17]                                                                                ; pll|altpll_component|auto_generated|pll1|clk[0] ; pll|altpll_component|auto_generated|pll1|clk[0] ; 0.000        ; 0.036      ; 0.307      ;
; 0.187 ; Holo:holo|CalcPhase:calcPhase|phaseEnabled[18] ; Holo:holo|CalcPhase:calcPhase|phaseEnabled[18]                                                                                ; pll|altpll_component|auto_generated|pll1|clk[0] ; pll|altpll_component|auto_generated|pll1|clk[0] ; 0.000        ; 0.036      ; 0.307      ;
; 0.187 ; Holo:holo|CalcPhase:calcPhase|phaseEnabled[19] ; Holo:holo|CalcPhase:calcPhase|phaseEnabled[19]                                                                                ; pll|altpll_component|auto_generated|pll1|clk[0] ; pll|altpll_component|auto_generated|pll1|clk[0] ; 0.000        ; 0.036      ; 0.307      ;
; 0.187 ; Holo:holo|CalcPhase:calcPhase|phaseEnabled[20] ; Holo:holo|CalcPhase:calcPhase|phaseEnabled[20]                                                                                ; pll|altpll_component|auto_generated|pll1|clk[0] ; pll|altpll_component|auto_generated|pll1|clk[0] ; 0.000        ; 0.036      ; 0.307      ;
; 0.187 ; Holo:holo|CalcPhase:calcPhase|phaseEnabled[21] ; Holo:holo|CalcPhase:calcPhase|phaseEnabled[21]                                                                                ; pll|altpll_component|auto_generated|pll1|clk[0] ; pll|altpll_component|auto_generated|pll1|clk[0] ; 0.000        ; 0.036      ; 0.307      ;
; 0.187 ; Holo:holo|CalcPhase:calcPhase|phaseEnabled[22] ; Holo:holo|CalcPhase:calcPhase|phaseEnabled[22]                                                                                ; pll|altpll_component|auto_generated|pll1|clk[0] ; pll|altpll_component|auto_generated|pll1|clk[0] ; 0.000        ; 0.036      ; 0.307      ;
+-------+------------------------------------------------+-------------------------------------------------------------------------------------------------------------------------------+-------------------------------------------------+-------------------------------------------------+--------------+------------+------------+


+-----------------------------------------------------------------------------------------------------------------------------------+
; Fast 1200mV 0C Model Hold: 'sck'                                                                                                  ;
+-------+------------------------+----------------------------+--------------+-------------+--------------+------------+------------+
; Slack ; From Node              ; To Node                    ; Launch Clock ; Latch Clock ; Relationship ; Clock Skew ; Data Delay ;
+-------+------------------------+----------------------------+--------------+-------------+--------------+------------+------------+
; 0.187 ; Holo:holo|spiBitCnt[1] ; Holo:holo|spiBitCnt[1]     ; sck          ; sck         ; 0.000        ; 0.036      ; 0.307      ;
; 0.187 ; Holo:holo|spiBitCnt[2] ; Holo:holo|spiBitCnt[2]     ; sck          ; sck         ; 0.000        ; 0.036      ; 0.307      ;
; 0.193 ; Holo:holo|spiByte[6]   ; Holo:holo|spiByteBuffer[7] ; sck          ; sck         ; 0.000        ; 0.036      ; 0.313      ;
; 0.194 ; Holo:holo|spiBitCnt[0] ; Holo:holo|spiBitCnt[0]     ; sck          ; sck         ; 0.000        ; 0.036      ; 0.314      ;
; 0.197 ; Holo:holo|spiByte[5]   ; Holo:holo|spiByteBuffer[6] ; sck          ; sck         ; 0.000        ; 0.036      ; 0.317      ;
; 0.197 ; Holo:holo|spiByte[0]   ; Holo:holo|spiByte[1]       ; sck          ; sck         ; 0.000        ; 0.036      ; 0.317      ;
; 0.198 ; Holo:holo|spiByte[3]   ; Holo:holo|spiByteBuffer[4] ; sck          ; sck         ; 0.000        ; 0.036      ; 0.318      ;
; 0.198 ; Holo:holo|spiByte[5]   ; Holo:holo|spiByte[6]       ; sck          ; sck         ; 0.000        ; 0.036      ; 0.318      ;
; 0.198 ; Holo:holo|spiByte[2]   ; Holo:holo|spiByte[3]       ; sck          ; sck         ; 0.000        ; 0.036      ; 0.318      ;
; 0.199 ; Holo:holo|spiByte[0]   ; Holo:holo|spiByteBuffer[1] ; sck          ; sck         ; 0.000        ; 0.036      ; 0.319      ;
; 0.199 ; Holo:holo|spiByte[2]   ; Holo:holo|spiByteBuffer[3] ; sck          ; sck         ; 0.000        ; 0.036      ; 0.319      ;
; 0.199 ; Holo:holo|spiByte[4]   ; Holo:holo|spiByte[5]       ; sck          ; sck         ; 0.000        ; 0.036      ; 0.319      ;
; 0.199 ; Holo:holo|spiByte[3]   ; Holo:holo|spiByte[4]       ; sck          ; sck         ; 0.000        ; 0.036      ; 0.319      ;
; 0.200 ; Holo:holo|spiByte[4]   ; Holo:holo|spiByteBuffer[5] ; sck          ; sck         ; 0.000        ; 0.036      ; 0.320      ;
; 0.259 ; Holo:holo|spiByte[1]   ; Holo:holo|spiByte[2]       ; sck          ; sck         ; 0.000        ; 0.036      ; 0.379      ;
; 0.260 ; Holo:holo|spiByte[1]   ; Holo:holo|spiByteBuffer[2] ; sck          ; sck         ; 0.000        ; 0.036      ; 0.380      ;
; 0.274 ; Holo:holo|spiBitCnt[0] ; Holo:holo|spiByteAvailable ; sck          ; sck         ; 0.000        ; 0.036      ; 0.394      ;
; 0.306 ; Holo:holo|spiBitCnt[2] ; Holo:holo|spiByteAvailable ; sck          ; sck         ; 0.000        ; 0.036      ; 0.426      ;
; 0.316 ; Holo:holo|spiBitCnt[0] ; Holo:holo|spiBitCnt[1]     ; sck          ; sck         ; 0.000        ; 0.036      ; 0.436      ;
; 0.317 ; Holo:holo|spiBitCnt[0] ; Holo:holo|spiBitCnt[2]     ; sck          ; sck         ; 0.000        ; 0.036      ; 0.437      ;
; 0.406 ; Holo:holo|spiBitCnt[1] ; Holo:holo|spiBitCnt[2]     ; sck          ; sck         ; 0.000        ; 0.036      ; 0.526      ;
; 0.426 ; Holo:holo|spiBitCnt[1] ; Holo:holo|spiByteAvailable ; sck          ; sck         ; 0.000        ; 0.036      ; 0.546      ;
; 0.713 ; Holo:holo|spiBitCnt[0] ; Holo:holo|spiByteBuffer[2] ; sck          ; sck         ; 0.000        ; 0.037      ; 0.834      ;
; 0.713 ; Holo:holo|spiBitCnt[0] ; Holo:holo|spiByteBuffer[7] ; sck          ; sck         ; 0.000        ; 0.037      ; 0.834      ;
; 0.713 ; Holo:holo|spiBitCnt[0] ; Holo:holo|spiByteBuffer[5] ; sck          ; sck         ; 0.000        ; 0.037      ; 0.834      ;
; 0.713 ; Holo:holo|spiBitCnt[0] ; Holo:holo|spiByteBuffer[1] ; sck          ; sck         ; 0.000        ; 0.037      ; 0.834      ;
; 0.713 ; Holo:holo|spiBitCnt[0] ; Holo:holo|spiByteBuffer[0] ; sck          ; sck         ; 0.000        ; 0.037      ; 0.834      ;
; 0.713 ; Holo:holo|spiBitCnt[0] ; Holo:holo|spiByteBuffer[4] ; sck          ; sck         ; 0.000        ; 0.037      ; 0.834      ;
; 0.713 ; Holo:holo|spiBitCnt[0] ; Holo:holo|spiByteBuffer[3] ; sck          ; sck         ; 0.000        ; 0.037      ; 0.834      ;
; 0.713 ; Holo:holo|spiBitCnt[0] ; Holo:holo|spiByteBuffer[6] ; sck          ; sck         ; 0.000        ; 0.037      ; 0.834      ;
; 0.775 ; Holo:holo|spiBitCnt[1] ; Holo:holo|spiByteBuffer[2] ; sck          ; sck         ; 0.000        ; 0.037      ; 0.896      ;
; 0.775 ; Holo:holo|spiBitCnt[1] ; Holo:holo|spiByteBuffer[7] ; sck          ; sck         ; 0.000        ; 0.037      ; 0.896      ;
; 0.775 ; Holo:holo|spiBitCnt[1] ; Holo:holo|spiByteBuffer[0] ; sck          ; sck         ; 0.000        ; 0.037      ; 0.896      ;
; 0.775 ; Holo:holo|spiBitCnt[1] ; Holo:holo|spiByteBuffer[5] ; sck          ; sck         ; 0.000        ; 0.037      ; 0.896      ;
; 0.775 ; Holo:holo|spiBitCnt[1] ; Holo:holo|spiByteBuffer[4] ; sck          ; sck         ; 0.000        ; 0.037      ; 0.896      ;
; 0.775 ; Holo:holo|spiBitCnt[1] ; Holo:holo|spiByteBuffer[6] ; sck          ; sck         ; 0.000        ; 0.037      ; 0.896      ;
; 0.775 ; Holo:holo|spiBitCnt[1] ; Holo:holo|spiByteBuffer[1] ; sck          ; sck         ; 0.000        ; 0.037      ; 0.896      ;
; 0.775 ; Holo:holo|spiBitCnt[1] ; Holo:holo|spiByteBuffer[3] ; sck          ; sck         ; 0.000        ; 0.037      ; 0.896      ;
; 0.820 ; Holo:holo|spiBitCnt[2] ; Holo:holo|spiByteBuffer[7] ; sck          ; sck         ; 0.000        ; 0.037      ; 0.941      ;
; 0.820 ; Holo:holo|spiBitCnt[2] ; Holo:holo|spiByteBuffer[6] ; sck          ; sck         ; 0.000        ; 0.037      ; 0.941      ;
; 0.820 ; Holo:holo|spiBitCnt[2] ; Holo:holo|spiByteBuffer[2] ; sck          ; sck         ; 0.000        ; 0.037      ; 0.941      ;
; 0.820 ; Holo:holo|spiBitCnt[2] ; Holo:holo|spiByteBuffer[3] ; sck          ; sck         ; 0.000        ; 0.037      ; 0.941      ;
; 0.820 ; Holo:holo|spiBitCnt[2] ; Holo:holo|spiByteBuffer[1] ; sck          ; sck         ; 0.000        ; 0.037      ; 0.941      ;
; 0.820 ; Holo:holo|spiBitCnt[2] ; Holo:holo|spiByteBuffer[4] ; sck          ; sck         ; 0.000        ; 0.037      ; 0.941      ;
; 0.820 ; Holo:holo|spiBitCnt[2] ; Holo:holo|spiByteBuffer[0] ; sck          ; sck         ; 0.000        ; 0.037      ; 0.941      ;
; 0.820 ; Holo:holo|spiBitCnt[2] ; Holo:holo|spiByteBuffer[5] ; sck          ; sck         ; 0.000        ; 0.037      ; 0.941      ;
+-------+------------------------+----------------------------+--------------+-------------+--------------+------------+------------+


----------------------------------------------
; Fast 1200mV 0C Model Metastability Summary ;
----------------------------------------------
The design MTBF is not calculated because there are no specified synchronizers in the design.
Number of Synchronizer Chains Found: 57
Shortest Synchronizer Chain: 2 Registers
Fraction of Chains for which MTBFs Could Not be Calculated: 1.000
Worst Case Available Settling Time: 92.231 ns




+----------------------------------------------------------------------------------------------------------------+
; Multicorner Timing Analysis Summary                                                                            ;
+--------------------------------------------------+----------+-------+----------+---------+---------------------+
; Clock                                            ; Setup    ; Hold  ; Recovery ; Removal ; Minimum Pulse Width ;
+--------------------------------------------------+----------+-------+----------+---------+---------------------+
; Worst-case Slack                                 ; -11.814  ; 0.137 ; N/A      ; N/A     ; -3.000              ;
;  CLK_24M576                                      ; N/A      ; N/A   ; N/A      ; N/A     ; 19.828              ;
;  pll|altpll_component|auto_generated|pll1|clk[0] ; -11.814  ; 0.137 ; N/A      ; N/A     ; 23.918              ;
;  sck                                             ; -1.358   ; 0.187 ; N/A      ; N/A     ; -3.000              ;
; Design-wide TNS                                  ; -904.42  ; 0.0   ; 0.0      ; 0.0     ; -31.253             ;
;  CLK_24M576                                      ; N/A      ; N/A   ; N/A      ; N/A     ; 0.000               ;
;  pll|altpll_component|auto_generated|pll1|clk[0] ; -891.868 ; 0.000 ; N/A      ; N/A     ; 0.000               ;
;  sck                                             ; -12.552  ; 0.000 ; N/A      ; N/A     ; -31.253             ;
+--------------------------------------------------+----------+-------+----------+---------+---------------------+


+------------------------------------------------------------------------------------------------------------------------------------------------------------------------------------------------------------------------------------------------------------------------------------------------------------------------------------------------------------------------------------------------------------------+
; Board Trace Model Assignments                                                                                                                                                                                                                                                                                                                                                                                    ;
+---------------+--------------+-------------------+-------------------------+-------------------------+---------------+---------------------+----------------+------------------+--------+------------------+------------------------+------------------------+--------------+---------------+-----------------+-------+---------------------+--------------------+---------------+-----------------+-------------+
; Pin           ; I/O Standard ; Near Tline Length ; Near Tline L per Length ; Near Tline C per Length ; Near Series R ; Near Differential R ; Near Pull-up R ; Near Pull-down R ; Near C ; Far Tline Length ; Far Tline L per Length ; Far Tline C per Length ; Far Series R ; Far Pull-up R ; Far Pull-down R ; Far C ; Termination Voltage ; Far Differential R ; EBD File Name ; EBD Signal Name ; EBD Far-end ;
+---------------+--------------+-------------------+-------------------------+-------------------------+---------------+---------------------+----------------+------------------+--------+------------------+------------------------+------------------------+--------------+---------------+-----------------+-------+---------------------+--------------------+---------------+-----------------+-------------+
; t[0]          ; 3.0-V LVTTL  ; 0 in              ; 0 H/in                  ; 0 F/in                  ; short         ; -                   ; open           ; open             ; open   ; 0 in             ; 0 H/in                 ; 0 F/in                 ; short        ; open          ; open            ; open  ; 0 V                 ; -                  ; n/a           ; n/a             ; n/a         ;
; t[1]          ; 3.0-V LVTTL  ; 0 in              ; 0 H/in                  ; 0 F/in                  ; short         ; -                   ; open           ; open             ; open   ; 0 in             ; 0 H/in                 ; 0 F/in                 ; short        ; open          ; open            ; open  ; 0 V                 ; -                  ; n/a           ; n/a             ; n/a         ;
; t[2]          ; 3.0-V LVTTL  ; 0 in              ; 0 H/in                  ; 0 F/in                  ; short         ; -                   ; open           ; open             ; open   ; 0 in             ; 0 H/in                 ; 0 F/in                 ; short        ; open          ; open            ; open  ; 0 V                 ; -                  ; n/a           ; n/a             ; n/a         ;
; t[3]          ; 3.0-V LVTTL  ; 0 in              ; 0 H/in                  ; 0 F/in                  ; short         ; -                   ; open           ; open             ; open   ; 0 in             ; 0 H/in                 ; 0 F/in                 ; short        ; open          ; open            ; open  ; 0 V                 ; -                  ; n/a           ; n/a             ; n/a         ;
; t[4]          ; 3.0-V LVTTL  ; 0 in              ; 0 H/in                  ; 0 F/in                  ; short         ; -                   ; open           ; open             ; open   ; 0 in             ; 0 H/in                 ; 0 F/in                 ; short        ; open          ; open            ; open  ; 0 V                 ; -                  ; n/a           ; n/a             ; n/a         ;
; t[5]          ; 3.0-V LVTTL  ; 0 in              ; 0 H/in                  ; 0 F/in                  ; short         ; -                   ; open           ; open             ; open   ; 0 in             ; 0 H/in                 ; 0 F/in                 ; short        ; open          ; open            ; open  ; 0 V                 ; -                  ; n/a           ; n/a             ; n/a         ;
; t[6]          ; 3.0-V LVTTL  ; 0 in              ; 0 H/in                  ; 0 F/in                  ; short         ; -                   ; open           ; open             ; open   ; 0 in             ; 0 H/in                 ; 0 F/in                 ; short        ; open          ; open            ; open  ; 0 V                 ; -                  ; n/a           ; n/a             ; n/a         ;
; t[7]          ; 3.0-V LVTTL  ; 0 in              ; 0 H/in                  ; 0 F/in                  ; short         ; -                   ; open           ; open             ; open   ; 0 in             ; 0 H/in                 ; 0 F/in                 ; short        ; open          ; open            ; open  ; 0 V                 ; -                  ; n/a           ; n/a             ; n/a         ;
; t[8]          ; 3.0-V LVTTL  ; 0 in              ; 0 H/in                  ; 0 F/in                  ; short         ; -                   ; open           ; open             ; open   ; 0 in             ; 0 H/in                 ; 0 F/in                 ; short        ; open          ; open            ; open  ; 0 V                 ; -                  ; n/a           ; n/a             ; n/a         ;
; t[9]          ; 3.0-V LVTTL  ; 0 in              ; 0 H/in                  ; 0 F/in                  ; short         ; -                   ; open           ; open             ; open   ; 0 in             ; 0 H/in                 ; 0 F/in                 ; short        ; open          ; open            ; open  ; 0 V                 ; -                  ; n/a           ; n/a             ; n/a         ;
; t[10]         ; 3.0-V LVTTL  ; 0 in              ; 0 H/in                  ; 0 F/in                  ; short         ; -                   ; open           ; open             ; open   ; 0 in             ; 0 H/in                 ; 0 F/in                 ; short        ; open          ; open            ; open  ; 0 V                 ; -                  ; n/a           ; n/a             ; n/a         ;
; t[11]         ; 3.0-V LVTTL  ; 0 in              ; 0 H/in                  ; 0 F/in                  ; short         ; -                   ; open           ; open             ; open   ; 0 in             ; 0 H/in                 ; 0 F/in                 ; short        ; open          ; open            ; open  ; 0 V                 ; -                  ; n/a           ; n/a             ; n/a         ;
; t[12]         ; 3.0-V LVTTL  ; 0 in              ; 0 H/in                  ; 0 F/in                  ; short         ; -                   ; open           ; open             ; open   ; 0 in             ; 0 H/in                 ; 0 F/in                 ; short        ; open          ; open            ; open  ; 0 V                 ; -                  ; n/a           ; n/a             ; n/a         ;
; t[13]         ; 3.0-V LVTTL  ; 0 in              ; 0 H/in                  ; 0 F/in                  ; short         ; -                   ; open           ; open             ; open   ; 0 in             ; 0 H/in                 ; 0 F/in                 ; short        ; open          ; open            ; open  ; 0 V                 ; -                  ; n/a           ; n/a             ; n/a         ;
; t[14]         ; 3.0-V LVTTL  ; 0 in              ; 0 H/in                  ; 0 F/in                  ; short         ; -                   ; open           ; open             ; open   ; 0 in             ; 0 H/in                 ; 0 F/in                 ; short        ; open          ; open            ; open  ; 0 V                 ; -                  ; n/a           ; n/a             ; n/a         ;
; t[15]         ; 3.0-V LVTTL  ; 0 in              ; 0 H/in                  ; 0 F/in                  ; short         ; -                   ; open           ; open             ; open   ; 0 in             ; 0 H/in                 ; 0 F/in                 ; short        ; open          ; open            ; open  ; 0 V                 ; -                  ; n/a           ; n/a             ; n/a         ;
; t[16]         ; 3.0-V LVTTL  ; 0 in              ; 0 H/in                  ; 0 F/in                  ; short         ; -                   ; open           ; open             ; open   ; 0 in             ; 0 H/in                 ; 0 F/in                 ; short        ; open          ; open            ; open  ; 0 V                 ; -                  ; n/a           ; n/a             ; n/a         ;
; t[17]         ; 3.0-V LVTTL  ; 0 in              ; 0 H/in                  ; 0 F/in                  ; short         ; -                   ; open           ; open             ; open   ; 0 in             ; 0 H/in                 ; 0 F/in                 ; short        ; open          ; open            ; open  ; 0 V                 ; -                  ; n/a           ; n/a             ; n/a         ;
; t[18]         ; 3.0-V LVTTL  ; 0 in              ; 0 H/in                  ; 0 F/in                  ; short         ; -                   ; open           ; open             ; open   ; 0 in             ; 0 H/in                 ; 0 F/in                 ; short        ; open          ; open            ; open  ; 0 V                 ; -                  ; n/a           ; n/a             ; n/a         ;
; t[19]         ; 3.0-V LVTTL  ; 0 in              ; 0 H/in                  ; 0 F/in                  ; short         ; -                   ; open           ; open             ; open   ; 0 in             ; 0 H/in                 ; 0 F/in                 ; short        ; open          ; open            ; open  ; 0 V                 ; -                  ; n/a           ; n/a             ; n/a         ;
; t[20]         ; 3.0-V LVTTL  ; 0 in              ; 0 H/in                  ; 0 F/in                  ; short         ; -                   ; open           ; open             ; open   ; 0 in             ; 0 H/in                 ; 0 F/in                 ; short        ; open          ; open            ; open  ; 0 V                 ; -                  ; n/a           ; n/a             ; n/a         ;
; t[21]         ; 3.0-V LVTTL  ; 0 in              ; 0 H/in                  ; 0 F/in                  ; short         ; -                   ; open           ; open             ; open   ; 0 in             ; 0 H/in                 ; 0 F/in                 ; short        ; open          ; open            ; open  ; 0 V                 ; -                  ; n/a           ; n/a             ; n/a         ;
; t[22]         ; 3.0-V LVTTL  ; 0 in              ; 0 H/in                  ; 0 F/in                  ; short         ; -                   ; open           ; open             ; open   ; 0 in             ; 0 H/in                 ; 0 F/in                 ; short        ; open          ; open            ; open  ; 0 V                 ; -                  ; n/a           ; n/a             ; n/a         ;
; t[23]         ; 3.0-V LVTTL  ; 0 in              ; 0 H/in                  ; 0 F/in                  ; short         ; -                   ; open           ; open             ; open   ; 0 in             ; 0 H/in                 ; 0 F/in                 ; short        ; open          ; open            ; open  ; 0 V                 ; -                  ; n/a           ; n/a             ; n/a         ;
; t[24]         ; 3.0-V LVTTL  ; 0 in              ; 0 H/in                  ; 0 F/in                  ; short         ; -                   ; open           ; open             ; open   ; 0 in             ; 0 H/in                 ; 0 F/in                 ; short        ; open          ; open            ; open  ; 0 V                 ; -                  ; n/a           ; n/a             ; n/a         ;
; t[25]         ; 3.0-V LVTTL  ; 0 in              ; 0 H/in                  ; 0 F/in                  ; short         ; -                   ; open           ; open             ; open   ; 0 in             ; 0 H/in                 ; 0 F/in                 ; short        ; open          ; open            ; open  ; 0 V                 ; -                  ; n/a           ; n/a             ; n/a         ;
; t[26]         ; 3.0-V LVTTL  ; 0 in              ; 0 H/in                  ; 0 F/in                  ; short         ; -                   ; open           ; open             ; open   ; 0 in             ; 0 H/in                 ; 0 F/in                 ; short        ; open          ; open            ; open  ; 0 V                 ; -                  ; n/a           ; n/a             ; n/a         ;
; t[27]         ; 3.0-V LVTTL  ; 0 in              ; 0 H/in                  ; 0 F/in                  ; short         ; -                   ; open           ; open             ; open   ; 0 in             ; 0 H/in                 ; 0 F/in                 ; short        ; open          ; open            ; open  ; 0 V                 ; -                  ; n/a           ; n/a             ; n/a         ;
; t[28]         ; 3.0-V LVTTL  ; 0 in              ; 0 H/in                  ; 0 F/in                  ; short         ; -                   ; open           ; open             ; open   ; 0 in             ; 0 H/in                 ; 0 F/in                 ; short        ; open          ; open            ; open  ; 0 V                 ; -                  ; n/a           ; n/a             ; n/a         ;
; t[29]         ; 3.0-V LVTTL  ; 0 in              ; 0 H/in                  ; 0 F/in                  ; short         ; -                   ; open           ; open             ; open   ; 0 in             ; 0 H/in                 ; 0 F/in                 ; short        ; open          ; open            ; open  ; 0 V                 ; -                  ; n/a           ; n/a             ; n/a         ;
; t[30]         ; 3.0-V LVTTL  ; 0 in              ; 0 H/in                  ; 0 F/in                  ; short         ; -                   ; open           ; open             ; open   ; 0 in             ; 0 H/in                 ; 0 F/in                 ; short        ; open          ; open            ; open  ; 0 V                 ; -                  ; n/a           ; n/a             ; n/a         ;
; t[31]         ; 3.0-V LVTTL  ; 0 in              ; 0 H/in                  ; 0 F/in                  ; short         ; -                   ; open           ; open             ; open   ; 0 in             ; 0 H/in                 ; 0 F/in                 ; short        ; open          ; open            ; open  ; 0 V                 ; -                  ; n/a           ; n/a             ; n/a         ;
; t[32]         ; 3.0-V LVTTL  ; 0 in              ; 0 H/in                  ; 0 F/in                  ; short         ; -                   ; open           ; open             ; open   ; 0 in             ; 0 H/in                 ; 0 F/in                 ; short        ; open          ; open            ; open  ; 0 V                 ; -                  ; n/a           ; n/a             ; n/a         ;
; t[33]         ; 3.0-V LVTTL  ; 0 in              ; 0 H/in                  ; 0 F/in                  ; short         ; -                   ; open           ; open             ; open   ; 0 in             ; 0 H/in                 ; 0 F/in                 ; short        ; open          ; open            ; open  ; 0 V                 ; -                  ; n/a           ; n/a             ; n/a         ;
; t[34]         ; 3.0-V LVTTL  ; 0 in              ; 0 H/in                  ; 0 F/in                  ; short         ; -                   ; open           ; open             ; open   ; 0 in             ; 0 H/in                 ; 0 F/in                 ; short        ; open          ; open            ; open  ; 0 V                 ; -                  ; n/a           ; n/a             ; n/a         ;
; t[35]         ; 3.0-V LVTTL  ; 0 in              ; 0 H/in                  ; 0 F/in                  ; short         ; -                   ; open           ; open             ; open   ; 0 in             ; 0 H/in                 ; 0 F/in                 ; short        ; open          ; open            ; open  ; 0 V                 ; -                  ; n/a           ; n/a             ; n/a         ;
; t[36]         ; 3.0-V LVTTL  ; 0 in              ; 0 H/in                  ; 0 F/in                  ; short         ; -                   ; open           ; open             ; open   ; 0 in             ; 0 H/in                 ; 0 F/in                 ; short        ; open          ; open            ; open  ; 0 V                 ; -                  ; n/a           ; n/a             ; n/a         ;
; t[37]         ; 3.0-V LVTTL  ; 0 in              ; 0 H/in                  ; 0 F/in                  ; short         ; -                   ; open           ; open             ; open   ; 0 in             ; 0 H/in                 ; 0 F/in                 ; short        ; open          ; open            ; open  ; 0 V                 ; -                  ; n/a           ; n/a             ; n/a         ;
; t[38]         ; 3.0-V LVTTL  ; 0 in              ; 0 H/in                  ; 0 F/in                  ; short         ; -                   ; open           ; open             ; open   ; 0 in             ; 0 H/in                 ; 0 F/in                 ; short        ; open          ; open            ; open  ; 0 V                 ; -                  ; n/a           ; n/a             ; n/a         ;
; t[39]         ; 3.0-V LVTTL  ; 0 in              ; 0 H/in                  ; 0 F/in                  ; short         ; -                   ; open           ; open             ; open   ; 0 in             ; 0 H/in                 ; 0 F/in                 ; short        ; open          ; open            ; open  ; 0 V                 ; -                  ; n/a           ; n/a             ; n/a         ;
; t[40]         ; 3.0-V LVTTL  ; 0 in              ; 0 H/in                  ; 0 F/in                  ; short         ; -                   ; open           ; open             ; open   ; 0 in             ; 0 H/in                 ; 0 F/in                 ; short        ; open          ; open            ; open  ; 0 V                 ; -                  ; n/a           ; n/a             ; n/a         ;
; t[41]         ; 3.0-V LVTTL  ; 0 in              ; 0 H/in                  ; 0 F/in                  ; short         ; -                   ; open           ; open             ; open   ; 0 in             ; 0 H/in                 ; 0 F/in                 ; short        ; open          ; open            ; open  ; 0 V                 ; -                  ; n/a           ; n/a             ; n/a         ;
; t[42]         ; 3.0-V LVTTL  ; 0 in              ; 0 H/in                  ; 0 F/in                  ; short         ; -                   ; open           ; open             ; open   ; 0 in             ; 0 H/in                 ; 0 F/in                 ; short        ; open          ; open            ; open  ; 0 V                 ; -                  ; n/a           ; n/a             ; n/a         ;
; t[43]         ; 3.0-V LVTTL  ; 0 in              ; 0 H/in                  ; 0 F/in                  ; short         ; -                   ; open           ; open             ; open   ; 0 in             ; 0 H/in                 ; 0 F/in                 ; short        ; open          ; open            ; open  ; 0 V                 ; -                  ; n/a           ; n/a             ; n/a         ;
; t[44]         ; 3.0-V LVTTL  ; 0 in              ; 0 H/in                  ; 0 F/in                  ; short         ; -                   ; open           ; open             ; open   ; 0 in             ; 0 H/in                 ; 0 F/in                 ; short        ; open          ; open            ; open  ; 0 V                 ; -                  ; n/a           ; n/a             ; n/a         ;
; t[45]         ; 3.0-V LVTTL  ; 0 in              ; 0 H/in                  ; 0 F/in                  ; short         ; -                   ; open           ; open             ; open   ; 0 in             ; 0 H/in                 ; 0 F/in                 ; short        ; open          ; open            ; open  ; 0 V                 ; -                  ; n/a           ; n/a             ; n/a         ;
; t[46]         ; 3.0-V LVTTL  ; 0 in              ; 0 H/in                  ; 0 F/in                  ; short         ; -                   ; open           ; open             ; open   ; 0 in             ; 0 H/in                 ; 0 F/in                 ; short        ; open          ; open            ; open  ; 0 V                 ; -                  ; n/a           ; n/a             ; n/a         ;
; t[47]         ; 3.0-V LVTTL  ; 0 in              ; 0 H/in                  ; 0 F/in                  ; short         ; -                   ; open           ; open             ; open   ; 0 in             ; 0 H/in                 ; 0 F/in                 ; short        ; open          ; open            ; open  ; 0 V                 ; -                  ; n/a           ; n/a             ; n/a         ;
; t[48]         ; 3.0-V LVTTL  ; 0 in              ; 0 H/in                  ; 0 F/in                  ; short         ; -                   ; open           ; open             ; open   ; 0 in             ; 0 H/in                 ; 0 F/in                 ; short        ; open          ; open            ; open  ; 0 V                 ; -                  ; n/a           ; n/a             ; n/a         ;
; t[49]         ; 3.0-V LVTTL  ; 0 in              ; 0 H/in                  ; 0 F/in                  ; short         ; -                   ; open           ; open             ; open   ; 0 in             ; 0 H/in                 ; 0 F/in                 ; short        ; open          ; open            ; open  ; 0 V                 ; -                  ; n/a           ; n/a             ; n/a         ;
; blue          ; 3.0-V LVTTL  ; 0 in              ; 0 H/in                  ; 0 F/in                  ; short         ; -                   ; open           ; open             ; open   ; 0 in             ; 0 H/in                 ; 0 F/in                 ; short        ; open          ; open            ; open  ; 0 V                 ; -                  ; n/a           ; n/a             ; n/a         ;
; green         ; 3.0-V LVTTL  ; 0 in              ; 0 H/in                  ; 0 F/in                  ; short         ; -                   ; open           ; open             ; open   ; 0 in             ; 0 H/in                 ; 0 F/in                 ; short        ; open          ; open            ; open  ; 0 V                 ; -                  ; n/a           ; n/a             ; n/a         ;
; red           ; 3.0-V LVTTL  ; 0 in              ; 0 H/in                  ; 0 F/in                  ; short         ; -                   ; open           ; open             ; open   ; 0 in             ; 0 H/in                 ; 0 F/in                 ; short        ; open          ; open            ; open  ; 0 V                 ; -                  ; n/a           ; n/a             ; n/a         ;
; syncout       ; 3.0-V LVTTL  ; 0 in              ; 0 H/in                  ; 0 F/in                  ; short         ; -                   ; open           ; open             ; open   ; 0 in             ; 0 H/in                 ; 0 F/in                 ; short        ; open          ; open            ; open  ; 0 V                 ; -                  ; n/a           ; n/a             ; n/a         ;
; f_ncs         ; 3.0-V LVTTL  ; 0 in              ; 0 H/in                  ; 0 F/in                  ; short         ; -                   ; open           ; open             ; open   ; 0 in             ; 0 H/in                 ; 0 F/in                 ; short        ; open          ; open            ; open  ; 0 V                 ; -                  ; n/a           ; n/a             ; n/a         ;
; ~ALTERA_DCLK~ ; 3.0-V LVTTL  ; 0 in              ; 0 H/in                  ; 0 F/in                  ; short         ; -                   ; open           ; open             ; open   ; 0 in             ; 0 H/in                 ; 0 F/in                 ; short        ; open          ; open            ; open  ; 0 V                 ; -                  ; n/a           ; n/a             ; n/a         ;
+---------------+--------------+-------------------+-------------------------+-------------------------+---------------+---------------------+----------------+------------------+--------+------------------+------------------------+------------------------+--------------+---------------+-----------------+-------+---------------------+--------------------+---------------+-----------------+-------------+


+----------------------------------------------------------------------------+
; Input Transition Times                                                     ;
+-------------------------+--------------+-----------------+-----------------+
; Pin                     ; I/O Standard ; 10-90 Rise Time ; 90-10 Fall Time ;
+-------------------------+--------------+-----------------+-----------------+
; CLK_24M576              ; 3.0-V LVTTL  ; 2400 ps         ; 2400 ps         ;
; left                    ; 3.0-V LVTTL  ; 2400 ps         ; 2400 ps         ;
; top                     ; 3.0-V LVTTL  ; 2400 ps         ; 2400 ps         ;
; mosi                    ; 3.0-V LVTTL  ; 2400 ps         ; 2400 ps         ;
; sck                     ; 3.0-V LVTTL  ; 2400 ps         ; 2400 ps         ;
; ncs                     ; 3.0-V LVTTL  ; 2400 ps         ; 2400 ps         ;
; syncin                  ; 3.0-V LVTTL  ; 2400 ps         ; 2400 ps         ;
; misc0                   ; 3.0-V LVTTL  ; 2400 ps         ; 2400 ps         ;
; misc1                   ; 3.0-V LVTTL  ; 2400 ps         ; 2400 ps         ;
; miso                    ; 3.0-V LVTTL  ; 2400 ps         ; 2400 ps         ;
; ~ALTERA_ASDO_DATA1~     ; 3.0-V LVTTL  ; 2400 ps         ; 2400 ps         ;
; ~ALTERA_FLASH_nCE_nCSO~ ; 3.0-V LVTTL  ; 2400 ps         ; 2400 ps         ;
; ~ALTERA_DATA0~          ; 3.0-V LVTTL  ; 2400 ps         ; 2400 ps         ;
+-------------------------+--------------+-----------------+-----------------+


+--------------------------------------------------------------------------------------------------------------------------------------------------------------------------------------------------------------------------------------------------------------------------------------------------------------------------------------------------------------------------------------------------------------------------------------------------------------------------------------------------------------------------------------------------------------------------------------------------------------------------------------------------------------------------------------------+
; Signal Integrity Metrics (Slow 1200mv 0c Model)                                                                                                                                                                                                                                                                                                                                                                                                                                                                                                                                                                                                                                            ;
+---------------+--------------+---------------------+---------------------+------------------------------+------------------------------+---------------------+---------------------+--------------------------------------+--------------------------------------+-----------------------------+-----------------------------+----------------------------+----------------------------+-----------------------------+-----------------------------+--------------------+--------------------+-------------------------------------+-------------------------------------+----------------------------+----------------------------+---------------------------+---------------------------+
; Pin           ; I/O Standard ; Board Delay on Rise ; Board Delay on Fall ; Steady State Voh at FPGA Pin ; Steady State Vol at FPGA Pin ; Voh Max at FPGA Pin ; Vol Min at FPGA Pin ; Ringback Voltage on Rise at FPGA Pin ; Ringback Voltage on Fall at FPGA Pin ; 10-90 Rise Time at FPGA Pin ; 90-10 Fall Time at FPGA Pin ; Monotonic Rise at FPGA Pin ; Monotonic Fall at FPGA Pin ; Steady State Voh at Far-end ; Steady State Vol at Far-end ; Voh Max at Far-end ; Vol Min at Far-end ; Ringback Voltage on Rise at Far-end ; Ringback Voltage on Fall at Far-end ; 10-90 Rise Time at Far-end ; 90-10 Fall Time at Far-end ; Monotonic Rise at Far-end ; Monotonic Fall at Far-end ;
+---------------+--------------+---------------------+---------------------+------------------------------+------------------------------+---------------------+---------------------+--------------------------------------+--------------------------------------+-----------------------------+-----------------------------+----------------------------+----------------------------+-----------------------------+-----------------------------+--------------------+--------------------+-------------------------------------+-------------------------------------+----------------------------+----------------------------+---------------------------+---------------------------+
; t[0]          ; 3.0-V LVTTL  ; 0 s                 ; 0 s                 ; 2.8 V                        ; 4.31e-09 V                   ; 2.88 V              ; -0.0693 V           ; 0.135 V                              ; 0.127 V                              ; 4.28e-10 s                  ; 4.03e-10 s                  ; No                         ; Yes                        ; 2.8 V                       ; 4.31e-09 V                  ; 2.88 V             ; -0.0693 V          ; 0.135 V                             ; 0.127 V                             ; 4.28e-10 s                 ; 4.03e-10 s                 ; No                        ; Yes                       ;
; t[1]          ; 3.0-V LVTTL  ; 0 s                 ; 0 s                 ; 2.8 V                        ; 4.31e-09 V                   ; 2.88 V              ; -0.0693 V           ; 0.135 V                              ; 0.127 V                              ; 4.28e-10 s                  ; 4.03e-10 s                  ; No                         ; Yes                        ; 2.8 V                       ; 4.31e-09 V                  ; 2.88 V             ; -0.0693 V          ; 0.135 V                             ; 0.127 V                             ; 4.28e-10 s                 ; 4.03e-10 s                 ; No                        ; Yes                       ;
; t[2]          ; 3.0-V LVTTL  ; 0 s                 ; 0 s                 ; 2.8 V                        ; 4.31e-09 V                   ; 2.88 V              ; -0.0693 V           ; 0.135 V                              ; 0.127 V                              ; 4.28e-10 s                  ; 4.03e-10 s                  ; No                         ; Yes                        ; 2.8 V                       ; 4.31e-09 V                  ; 2.88 V             ; -0.0693 V          ; 0.135 V                             ; 0.127 V                             ; 4.28e-10 s                 ; 4.03e-10 s                 ; No                        ; Yes                       ;
; t[3]          ; 3.0-V LVTTL  ; 0 s                 ; 0 s                 ; 2.8 V                        ; 4.31e-09 V                   ; 2.88 V              ; -0.0693 V           ; 0.135 V                              ; 0.127 V                              ; 4.28e-10 s                  ; 4.03e-10 s                  ; No                         ; Yes                        ; 2.8 V                       ; 4.31e-09 V                  ; 2.88 V             ; -0.0693 V          ; 0.135 V                             ; 0.127 V                             ; 4.28e-10 s                 ; 4.03e-10 s                 ; No                        ; Yes                       ;
; t[4]          ; 3.0-V LVTTL  ; 0 s                 ; 0 s                 ; 2.8 V                        ; 4.31e-09 V                   ; 2.88 V              ; -0.0693 V           ; 0.135 V                              ; 0.127 V                              ; 4.28e-10 s                  ; 4.03e-10 s                  ; No                         ; Yes                        ; 2.8 V                       ; 4.31e-09 V                  ; 2.88 V             ; -0.0693 V          ; 0.135 V                             ; 0.127 V                             ; 4.28e-10 s                 ; 4.03e-10 s                 ; No                        ; Yes                       ;
; t[5]          ; 3.0-V LVTTL  ; 0 s                 ; 0 s                 ; 2.8 V                        ; 4.31e-09 V                   ; 2.88 V              ; -0.0693 V           ; 0.135 V                              ; 0.127 V                              ; 4.28e-10 s                  ; 4.03e-10 s                  ; No                         ; Yes                        ; 2.8 V                       ; 4.31e-09 V                  ; 2.88 V             ; -0.0693 V          ; 0.135 V                             ; 0.127 V                             ; 4.28e-10 s                 ; 4.03e-10 s                 ; No                        ; Yes                       ;
; t[6]          ; 3.0-V LVTTL  ; 0 s                 ; 0 s                 ; 2.8 V                        ; 4.31e-09 V                   ; 2.88 V              ; -0.0693 V           ; 0.135 V                              ; 0.127 V                              ; 4.28e-10 s                  ; 4.03e-10 s                  ; No                         ; Yes                        ; 2.8 V                       ; 4.31e-09 V                  ; 2.88 V             ; -0.0693 V          ; 0.135 V                             ; 0.127 V                             ; 4.28e-10 s                 ; 4.03e-10 s                 ; No                        ; Yes                       ;
; t[7]          ; 3.0-V LVTTL  ; 0 s                 ; 0 s                 ; 2.8 V                        ; 4.31e-09 V                   ; 2.81 V              ; -0.00696 V          ; 0.231 V                              ; 0.126 V                              ; 3.06e-09 s                  ; 2.77e-09 s                  ; No                         ; Yes                        ; 2.8 V                       ; 4.31e-09 V                  ; 2.81 V             ; -0.00696 V         ; 0.231 V                             ; 0.126 V                             ; 3.06e-09 s                 ; 2.77e-09 s                 ; No                        ; Yes                       ;
; t[8]          ; 3.0-V LVTTL  ; 0 s                 ; 0 s                 ; 2.8 V                        ; 4.31e-09 V                   ; 2.88 V              ; -0.0693 V           ; 0.135 V                              ; 0.127 V                              ; 4.28e-10 s                  ; 4.03e-10 s                  ; No                         ; Yes                        ; 2.8 V                       ; 4.31e-09 V                  ; 2.88 V             ; -0.0693 V          ; 0.135 V                             ; 0.127 V                             ; 4.28e-10 s                 ; 4.03e-10 s                 ; No                        ; Yes                       ;
; t[9]          ; 3.0-V LVTTL  ; 0 s                 ; 0 s                 ; 2.8 V                        ; 4.31e-09 V                   ; 2.88 V              ; -0.0693 V           ; 0.135 V                              ; 0.127 V                              ; 4.28e-10 s                  ; 4.03e-10 s                  ; No                         ; Yes                        ; 2.8 V                       ; 4.31e-09 V                  ; 2.88 V             ; -0.0693 V          ; 0.135 V                             ; 0.127 V                             ; 4.28e-10 s                 ; 4.03e-10 s                 ; No                        ; Yes                       ;
; t[10]         ; 3.0-V LVTTL  ; 0 s                 ; 0 s                 ; 2.8 V                        ; 4.31e-09 V                   ; 2.88 V              ; -0.0693 V           ; 0.135 V                              ; 0.127 V                              ; 4.28e-10 s                  ; 4.03e-10 s                  ; No                         ; Yes                        ; 2.8 V                       ; 4.31e-09 V                  ; 2.88 V             ; -0.0693 V          ; 0.135 V                             ; 0.127 V                             ; 4.28e-10 s                 ; 4.03e-10 s                 ; No                        ; Yes                       ;
; t[11]         ; 3.0-V LVTTL  ; 0 s                 ; 0 s                 ; 2.8 V                        ; 4.31e-09 V                   ; 2.88 V              ; -0.0693 V           ; 0.135 V                              ; 0.127 V                              ; 4.28e-10 s                  ; 4.03e-10 s                  ; No                         ; Yes                        ; 2.8 V                       ; 4.31e-09 V                  ; 2.88 V             ; -0.0693 V          ; 0.135 V                             ; 0.127 V                             ; 4.28e-10 s                 ; 4.03e-10 s                 ; No                        ; Yes                       ;
; t[12]         ; 3.0-V LVTTL  ; 0 s                 ; 0 s                 ; 2.8 V                        ; 4.31e-09 V                   ; 2.88 V              ; -0.0693 V           ; 0.135 V                              ; 0.127 V                              ; 4.28e-10 s                  ; 4.03e-10 s                  ; No                         ; Yes                        ; 2.8 V                       ; 4.31e-09 V                  ; 2.88 V             ; -0.0693 V          ; 0.135 V                             ; 0.127 V                             ; 4.28e-10 s                 ; 4.03e-10 s                 ; No                        ; Yes                       ;
; t[13]         ; 3.0-V LVTTL  ; 0 s                 ; 0 s                 ; 2.8 V                        ; 4.31e-09 V                   ; 2.88 V              ; -0.0693 V           ; 0.135 V                              ; 0.127 V                              ; 4.28e-10 s                  ; 4.03e-10 s                  ; No                         ; Yes                        ; 2.8 V                       ; 4.31e-09 V                  ; 2.88 V             ; -0.0693 V          ; 0.135 V                             ; 0.127 V                             ; 4.28e-10 s                 ; 4.03e-10 s                 ; No                        ; Yes                       ;
; t[14]         ; 3.0-V LVTTL  ; 0 s                 ; 0 s                 ; 2.8 V                        ; 4.31e-09 V                   ; 2.88 V              ; -0.0693 V           ; 0.135 V                              ; 0.127 V                              ; 4.28e-10 s                  ; 4.03e-10 s                  ; No                         ; Yes                        ; 2.8 V                       ; 4.31e-09 V                  ; 2.88 V             ; -0.0693 V          ; 0.135 V                             ; 0.127 V                             ; 4.28e-10 s                 ; 4.03e-10 s                 ; No                        ; Yes                       ;
; t[15]         ; 3.0-V LVTTL  ; 0 s                 ; 0 s                 ; 2.8 V                        ; 2.98e-09 V                   ; 2.88 V              ; -0.0703 V           ; 0.295 V                              ; 0.115 V                              ; 3.08e-10 s                  ; 3.92e-10 s                  ; No                         ; Yes                        ; 2.8 V                       ; 2.98e-09 V                  ; 2.88 V             ; -0.0703 V          ; 0.295 V                             ; 0.115 V                             ; 3.08e-10 s                 ; 3.92e-10 s                 ; No                        ; Yes                       ;
; t[16]         ; 3.0-V LVTTL  ; 0 s                 ; 0 s                 ; 2.8 V                        ; 2.98e-09 V                   ; 2.88 V              ; -0.0703 V           ; 0.295 V                              ; 0.115 V                              ; 3.08e-10 s                  ; 3.92e-10 s                  ; No                         ; Yes                        ; 2.8 V                       ; 2.98e-09 V                  ; 2.88 V             ; -0.0703 V          ; 0.295 V                             ; 0.115 V                             ; 3.08e-10 s                 ; 3.92e-10 s                 ; No                        ; Yes                       ;
; t[17]         ; 3.0-V LVTTL  ; 0 s                 ; 0 s                 ; 2.8 V                        ; 2.98e-09 V                   ; 2.88 V              ; -0.0703 V           ; 0.295 V                              ; 0.115 V                              ; 3.08e-10 s                  ; 3.92e-10 s                  ; No                         ; Yes                        ; 2.8 V                       ; 2.98e-09 V                  ; 2.88 V             ; -0.0703 V          ; 0.295 V                             ; 0.115 V                             ; 3.08e-10 s                 ; 3.92e-10 s                 ; No                        ; Yes                       ;
; t[18]         ; 3.0-V LVTTL  ; 0 s                 ; 0 s                 ; 2.8 V                        ; 2.98e-09 V                   ; 2.88 V              ; -0.0703 V           ; 0.295 V                              ; 0.115 V                              ; 3.08e-10 s                  ; 3.92e-10 s                  ; No                         ; Yes                        ; 2.8 V                       ; 2.98e-09 V                  ; 2.88 V             ; -0.0703 V          ; 0.295 V                             ; 0.115 V                             ; 3.08e-10 s                 ; 3.92e-10 s                 ; No                        ; Yes                       ;
; t[19]         ; 3.0-V LVTTL  ; 0 s                 ; 0 s                 ; 2.8 V                        ; 2.98e-09 V                   ; 2.88 V              ; -0.0703 V           ; 0.295 V                              ; 0.115 V                              ; 3.08e-10 s                  ; 3.92e-10 s                  ; No                         ; Yes                        ; 2.8 V                       ; 2.98e-09 V                  ; 2.88 V             ; -0.0703 V          ; 0.295 V                             ; 0.115 V                             ; 3.08e-10 s                 ; 3.92e-10 s                 ; No                        ; Yes                       ;
; t[20]         ; 3.0-V LVTTL  ; 0 s                 ; 0 s                 ; 2.8 V                        ; 2.98e-09 V                   ; 2.81 V              ; -0.00656 V          ; 0.228 V                              ; 0.124 V                              ; 3.05e-09 s                  ; 2.76e-09 s                  ; No                         ; Yes                        ; 2.8 V                       ; 2.98e-09 V                  ; 2.81 V             ; -0.00656 V         ; 0.228 V                             ; 0.124 V                             ; 3.05e-09 s                 ; 2.76e-09 s                 ; No                        ; Yes                       ;
; t[21]         ; 3.0-V LVTTL  ; 0 s                 ; 0 s                 ; 2.8 V                        ; 2.98e-09 V                   ; 2.88 V              ; -0.0703 V           ; 0.295 V                              ; 0.115 V                              ; 3.08e-10 s                  ; 3.92e-10 s                  ; No                         ; Yes                        ; 2.8 V                       ; 2.98e-09 V                  ; 2.88 V             ; -0.0703 V          ; 0.295 V                             ; 0.115 V                             ; 3.08e-10 s                 ; 3.92e-10 s                 ; No                        ; Yes                       ;
; t[22]         ; 3.0-V LVTTL  ; 0 s                 ; 0 s                 ; 2.8 V                        ; 2.98e-09 V                   ; 2.87 V              ; -0.0503 V           ; 0.248 V                              ; 0.099 V                              ; 4.97e-10 s                  ; 5.65e-10 s                  ; Yes                        ; Yes                        ; 2.8 V                       ; 2.98e-09 V                  ; 2.87 V             ; -0.0503 V          ; 0.248 V                             ; 0.099 V                             ; 4.97e-10 s                 ; 5.65e-10 s                 ; Yes                       ; Yes                       ;
; t[23]         ; 3.0-V LVTTL  ; 0 s                 ; 0 s                 ; 2.8 V                        ; 2.98e-09 V                   ; 2.87 V              ; -0.0503 V           ; 0.248 V                              ; 0.099 V                              ; 4.97e-10 s                  ; 5.65e-10 s                  ; Yes                        ; Yes                        ; 2.8 V                       ; 2.98e-09 V                  ; 2.87 V             ; -0.0503 V          ; 0.248 V                             ; 0.099 V                             ; 4.97e-10 s                 ; 5.65e-10 s                 ; Yes                       ; Yes                       ;
; t[24]         ; 3.0-V LVTTL  ; 0 s                 ; 0 s                 ; 2.8 V                        ; 2.98e-09 V                   ; 2.87 V              ; -0.0503 V           ; 0.248 V                              ; 0.099 V                              ; 4.97e-10 s                  ; 5.65e-10 s                  ; Yes                        ; Yes                        ; 2.8 V                       ; 2.98e-09 V                  ; 2.87 V             ; -0.0503 V          ; 0.248 V                             ; 0.099 V                             ; 4.97e-10 s                 ; 5.65e-10 s                 ; Yes                       ; Yes                       ;
; t[25]         ; 3.0-V LVTTL  ; 0 s                 ; 0 s                 ; 2.8 V                        ; 2.98e-09 V                   ; 2.87 V              ; -0.0503 V           ; 0.248 V                              ; 0.099 V                              ; 4.97e-10 s                  ; 5.65e-10 s                  ; Yes                        ; Yes                        ; 2.8 V                       ; 2.98e-09 V                  ; 2.87 V             ; -0.0503 V          ; 0.248 V                             ; 0.099 V                             ; 4.97e-10 s                 ; 5.65e-10 s                 ; Yes                       ; Yes                       ;
; t[26]         ; 3.0-V LVTTL  ; 0 s                 ; 0 s                 ; 2.8 V                        ; 2.98e-09 V                   ; 2.87 V              ; -0.0503 V           ; 0.248 V                              ; 0.099 V                              ; 4.97e-10 s                  ; 5.65e-10 s                  ; Yes                        ; Yes                        ; 2.8 V                       ; 2.98e-09 V                  ; 2.87 V             ; -0.0503 V          ; 0.248 V                             ; 0.099 V                             ; 4.97e-10 s                 ; 5.65e-10 s                 ; Yes                       ; Yes                       ;
; t[27]         ; 3.0-V LVTTL  ; 0 s                 ; 0 s                 ; 2.8 V                        ; 2.98e-09 V                   ; 2.88 V              ; -0.0703 V           ; 0.295 V                              ; 0.115 V                              ; 3.08e-10 s                  ; 3.92e-10 s                  ; No                         ; Yes                        ; 2.8 V                       ; 2.98e-09 V                  ; 2.88 V             ; -0.0703 V          ; 0.295 V                             ; 0.115 V                             ; 3.08e-10 s                 ; 3.92e-10 s                 ; No                        ; Yes                       ;
; t[28]         ; 3.0-V LVTTL  ; 0 s                 ; 0 s                 ; 2.8 V                        ; 2.98e-09 V                   ; 2.87 V              ; -0.0503 V           ; 0.248 V                              ; 0.099 V                              ; 4.97e-10 s                  ; 5.65e-10 s                  ; Yes                        ; Yes                        ; 2.8 V                       ; 2.98e-09 V                  ; 2.87 V             ; -0.0503 V          ; 0.248 V                             ; 0.099 V                             ; 4.97e-10 s                 ; 5.65e-10 s                 ; Yes                       ; Yes                       ;
; t[29]         ; 3.0-V LVTTL  ; 0 s                 ; 0 s                 ; 2.8 V                        ; 2.98e-09 V                   ; 2.87 V              ; -0.0503 V           ; 0.248 V                              ; 0.099 V                              ; 4.97e-10 s                  ; 5.65e-10 s                  ; Yes                        ; Yes                        ; 2.8 V                       ; 2.98e-09 V                  ; 2.87 V             ; -0.0503 V          ; 0.248 V                             ; 0.099 V                             ; 4.97e-10 s                 ; 5.65e-10 s                 ; Yes                       ; Yes                       ;
; t[30]         ; 3.0-V LVTTL  ; 0 s                 ; 0 s                 ; 2.8 V                        ; 2.98e-09 V                   ; 2.81 V              ; -0.00656 V          ; 0.228 V                              ; 0.124 V                              ; 3.05e-09 s                  ; 2.76e-09 s                  ; No                         ; Yes                        ; 2.8 V                       ; 2.98e-09 V                  ; 2.81 V             ; -0.00656 V         ; 0.228 V                             ; 0.124 V                             ; 3.05e-09 s                 ; 2.76e-09 s                 ; No                        ; Yes                       ;
; t[31]         ; 3.0-V LVTTL  ; 0 s                 ; 0 s                 ; 2.8 V                        ; 2.98e-09 V                   ; 2.87 V              ; -0.0503 V           ; 0.248 V                              ; 0.099 V                              ; 4.97e-10 s                  ; 5.65e-10 s                  ; Yes                        ; Yes                        ; 2.8 V                       ; 2.98e-09 V                  ; 2.87 V             ; -0.0503 V          ; 0.248 V                             ; 0.099 V                             ; 4.97e-10 s                 ; 5.65e-10 s                 ; Yes                       ; Yes                       ;
; t[32]         ; 3.0-V LVTTL  ; 0 s                 ; 0 s                 ; 2.8 V                        ; 4.31e-09 V                   ; 2.88 V              ; -0.0693 V           ; 0.135 V                              ; 0.127 V                              ; 4.28e-10 s                  ; 4.03e-10 s                  ; No                         ; Yes                        ; 2.8 V                       ; 4.31e-09 V                  ; 2.88 V             ; -0.0693 V          ; 0.135 V                             ; 0.127 V                             ; 4.28e-10 s                 ; 4.03e-10 s                 ; No                        ; Yes                       ;
; t[33]         ; 3.0-V LVTTL  ; 0 s                 ; 0 s                 ; 2.8 V                        ; 4.31e-09 V                   ; 2.88 V              ; -0.0693 V           ; 0.135 V                              ; 0.127 V                              ; 4.28e-10 s                  ; 4.03e-10 s                  ; No                         ; Yes                        ; 2.8 V                       ; 4.31e-09 V                  ; 2.88 V             ; -0.0693 V          ; 0.135 V                             ; 0.127 V                             ; 4.28e-10 s                 ; 4.03e-10 s                 ; No                        ; Yes                       ;
; t[34]         ; 3.0-V LVTTL  ; 0 s                 ; 0 s                 ; 2.8 V                        ; 4.31e-09 V                   ; 2.88 V              ; -0.0693 V           ; 0.135 V                              ; 0.127 V                              ; 4.28e-10 s                  ; 4.03e-10 s                  ; No                         ; Yes                        ; 2.8 V                       ; 4.31e-09 V                  ; 2.88 V             ; -0.0693 V          ; 0.135 V                             ; 0.127 V                             ; 4.28e-10 s                 ; 4.03e-10 s                 ; No                        ; Yes                       ;
; t[35]         ; 3.0-V LVTTL  ; 0 s                 ; 0 s                 ; 2.8 V                        ; 4.31e-09 V                   ; 2.88 V              ; -0.0693 V           ; 0.135 V                              ; 0.127 V                              ; 4.28e-10 s                  ; 4.03e-10 s                  ; No                         ; Yes                        ; 2.8 V                       ; 4.31e-09 V                  ; 2.88 V             ; -0.0693 V          ; 0.135 V                             ; 0.127 V                             ; 4.28e-10 s                 ; 4.03e-10 s                 ; No                        ; Yes                       ;
; t[36]         ; 3.0-V LVTTL  ; 0 s                 ; 0 s                 ; 2.8 V                        ; 4.31e-09 V                   ; 2.88 V              ; -0.0693 V           ; 0.135 V                              ; 0.127 V                              ; 4.28e-10 s                  ; 4.03e-10 s                  ; No                         ; Yes                        ; 2.8 V                       ; 4.31e-09 V                  ; 2.88 V             ; -0.0693 V          ; 0.135 V                             ; 0.127 V                             ; 4.28e-10 s                 ; 4.03e-10 s                 ; No                        ; Yes                       ;
; t[37]         ; 3.0-V LVTTL  ; 0 s                 ; 0 s                 ; 2.8 V                        ; 4.31e-09 V                   ; 2.81 V              ; -0.00696 V          ; 0.231 V                              ; 0.126 V                              ; 3.06e-09 s                  ; 2.77e-09 s                  ; No                         ; Yes                        ; 2.8 V                       ; 4.31e-09 V                  ; 2.81 V             ; -0.00696 V         ; 0.231 V                             ; 0.126 V                             ; 3.06e-09 s                 ; 2.77e-09 s                 ; No                        ; Yes                       ;
; t[38]         ; 3.0-V LVTTL  ; 0 s                 ; 0 s                 ; 2.8 V                        ; 4.31e-09 V                   ; 2.88 V              ; -0.0693 V           ; 0.135 V                              ; 0.127 V                              ; 4.28e-10 s                  ; 4.03e-10 s                  ; No                         ; Yes                        ; 2.8 V                       ; 4.31e-09 V                  ; 2.88 V             ; -0.0693 V          ; 0.135 V                             ; 0.127 V                             ; 4.28e-10 s                 ; 4.03e-10 s                 ; No                        ; Yes                       ;
; t[39]         ; 3.0-V LVTTL  ; 0 s                 ; 0 s                 ; 2.8 V                        ; 4.31e-09 V                   ; 2.88 V              ; -0.0693 V           ; 0.135 V                              ; 0.127 V                              ; 4.28e-10 s                  ; 4.03e-10 s                  ; No                         ; Yes                        ; 2.8 V                       ; 4.31e-09 V                  ; 2.88 V             ; -0.0693 V          ; 0.135 V                             ; 0.127 V                             ; 4.28e-10 s                 ; 4.03e-10 s                 ; No                        ; Yes                       ;
; t[40]         ; 3.0-V LVTTL  ; 0 s                 ; 0 s                 ; 2.8 V                        ; 4.31e-09 V                   ; 2.88 V              ; -0.0693 V           ; 0.135 V                              ; 0.127 V                              ; 4.28e-10 s                  ; 4.03e-10 s                  ; No                         ; Yes                        ; 2.8 V                       ; 4.31e-09 V                  ; 2.88 V             ; -0.0693 V          ; 0.135 V                             ; 0.127 V                             ; 4.28e-10 s                 ; 4.03e-10 s                 ; No                        ; Yes                       ;
; t[41]         ; 3.0-V LVTTL  ; 0 s                 ; 0 s                 ; 2.8 V                        ; 4.31e-09 V                   ; 2.88 V              ; -0.0693 V           ; 0.135 V                              ; 0.127 V                              ; 4.28e-10 s                  ; 4.03e-10 s                  ; No                         ; Yes                        ; 2.8 V                       ; 4.31e-09 V                  ; 2.88 V             ; -0.0693 V          ; 0.135 V                             ; 0.127 V                             ; 4.28e-10 s                 ; 4.03e-10 s                 ; No                        ; Yes                       ;
; t[42]         ; 3.0-V LVTTL  ; 0 s                 ; 0 s                 ; 2.8 V                        ; 4.31e-09 V                   ; 2.88 V              ; -0.0693 V           ; 0.135 V                              ; 0.127 V                              ; 4.28e-10 s                  ; 4.03e-10 s                  ; No                         ; Yes                        ; 2.8 V                       ; 4.31e-09 V                  ; 2.88 V             ; -0.0693 V          ; 0.135 V                             ; 0.127 V                             ; 4.28e-10 s                 ; 4.03e-10 s                 ; No                        ; Yes                       ;
; t[43]         ; 3.0-V LVTTL  ; 0 s                 ; 0 s                 ; 2.8 V                        ; 4.31e-09 V                   ; 2.88 V              ; -0.0693 V           ; 0.135 V                              ; 0.127 V                              ; 4.28e-10 s                  ; 4.03e-10 s                  ; No                         ; Yes                        ; 2.8 V                       ; 4.31e-09 V                  ; 2.88 V             ; -0.0693 V          ; 0.135 V                             ; 0.127 V                             ; 4.28e-10 s                 ; 4.03e-10 s                 ; No                        ; Yes                       ;
; t[44]         ; 3.0-V LVTTL  ; 0 s                 ; 0 s                 ; 2.8 V                        ; 4.31e-09 V                   ; 2.88 V              ; -0.0693 V           ; 0.135 V                              ; 0.127 V                              ; 4.28e-10 s                  ; 4.03e-10 s                  ; No                         ; Yes                        ; 2.8 V                       ; 4.31e-09 V                  ; 2.88 V             ; -0.0693 V          ; 0.135 V                             ; 0.127 V                             ; 4.28e-10 s                 ; 4.03e-10 s                 ; No                        ; Yes                       ;
; t[45]         ; 3.0-V LVTTL  ; 0 s                 ; 0 s                 ; 2.8 V                        ; 4.31e-09 V                   ; 2.88 V              ; -0.0693 V           ; 0.135 V                              ; 0.127 V                              ; 4.28e-10 s                  ; 4.03e-10 s                  ; No                         ; Yes                        ; 2.8 V                       ; 4.31e-09 V                  ; 2.88 V             ; -0.0693 V          ; 0.135 V                             ; 0.127 V                             ; 4.28e-10 s                 ; 4.03e-10 s                 ; No                        ; Yes                       ;
; t[46]         ; 3.0-V LVTTL  ; 0 s                 ; 0 s                 ; 2.8 V                        ; 4.31e-09 V                   ; 2.88 V              ; -0.0693 V           ; 0.135 V                              ; 0.127 V                              ; 4.28e-10 s                  ; 4.03e-10 s                  ; No                         ; Yes                        ; 2.8 V                       ; 4.31e-09 V                  ; 2.88 V             ; -0.0693 V          ; 0.135 V                             ; 0.127 V                             ; 4.28e-10 s                 ; 4.03e-10 s                 ; No                        ; Yes                       ;
; t[47]         ; 3.0-V LVTTL  ; 0 s                 ; 0 s                 ; 2.8 V                        ; 4.31e-09 V                   ; 2.88 V              ; -0.0693 V           ; 0.135 V                              ; 0.127 V                              ; 4.28e-10 s                  ; 4.03e-10 s                  ; No                         ; Yes                        ; 2.8 V                       ; 4.31e-09 V                  ; 2.88 V             ; -0.0693 V          ; 0.135 V                             ; 0.127 V                             ; 4.28e-10 s                 ; 4.03e-10 s                 ; No                        ; Yes                       ;
; t[48]         ; 3.0-V LVTTL  ; 0 s                 ; 0 s                 ; 2.8 V                        ; 4.31e-09 V                   ; 2.88 V              ; -0.0693 V           ; 0.135 V                              ; 0.127 V                              ; 4.28e-10 s                  ; 4.03e-10 s                  ; No                         ; Yes                        ; 2.8 V                       ; 4.31e-09 V                  ; 2.88 V             ; -0.0693 V          ; 0.135 V                             ; 0.127 V                             ; 4.28e-10 s                 ; 4.03e-10 s                 ; No                        ; Yes                       ;
; t[49]         ; 3.0-V LVTTL  ; 0 s                 ; 0 s                 ; 2.8 V                        ; 4.31e-09 V                   ; 2.81 V              ; -0.00696 V          ; 0.231 V                              ; 0.126 V                              ; 3.06e-09 s                  ; 2.77e-09 s                  ; No                         ; Yes                        ; 2.8 V                       ; 4.31e-09 V                  ; 2.81 V             ; -0.00696 V         ; 0.231 V                             ; 0.126 V                             ; 3.06e-09 s                 ; 2.77e-09 s                 ; No                        ; Yes                       ;
; blue          ; 3.0-V LVTTL  ; 0 s                 ; 0 s                 ; 2.8 V                        ; 4.31e-09 V                   ; 2.88 V              ; -0.0693 V           ; 0.135 V                              ; 0.127 V                              ; 4.28e-10 s                  ; 4.03e-10 s                  ; No                         ; Yes                        ; 2.8 V                       ; 4.31e-09 V                  ; 2.88 V             ; -0.0693 V          ; 0.135 V                             ; 0.127 V                             ; 4.28e-10 s                 ; 4.03e-10 s                 ; No                        ; Yes                       ;
; green         ; 3.0-V LVTTL  ; 0 s                 ; 0 s                 ; 2.8 V                        ; 4.31e-09 V                   ; 2.88 V              ; -0.0693 V           ; 0.135 V                              ; 0.127 V                              ; 4.28e-10 s                  ; 4.03e-10 s                  ; No                         ; Yes                        ; 2.8 V                       ; 4.31e-09 V                  ; 2.88 V             ; -0.0693 V          ; 0.135 V                             ; 0.127 V                             ; 4.28e-10 s                 ; 4.03e-10 s                 ; No                        ; Yes                       ;
; red           ; 3.0-V LVTTL  ; 0 s                 ; 0 s                 ; 2.8 V                        ; 4.31e-09 V                   ; 2.88 V              ; -0.0693 V           ; 0.135 V                              ; 0.127 V                              ; 4.28e-10 s                  ; 4.03e-10 s                  ; No                         ; Yes                        ; 2.8 V                       ; 4.31e-09 V                  ; 2.88 V             ; -0.0693 V          ; 0.135 V                             ; 0.127 V                             ; 4.28e-10 s                 ; 4.03e-10 s                 ; No                        ; Yes                       ;
; syncout       ; 3.0-V LVTTL  ; 0 s                 ; 0 s                 ; 2.8 V                        ; 2.98e-09 V                   ; 2.81 V              ; -0.00656 V          ; 0.228 V                              ; 0.124 V                              ; 3.05e-09 s                  ; 2.76e-09 s                  ; No                         ; Yes                        ; 2.8 V                       ; 2.98e-09 V                  ; 2.81 V             ; -0.00656 V         ; 0.228 V                             ; 0.124 V                             ; 3.05e-09 s                 ; 2.76e-09 s                 ; No                        ; Yes                       ;
; f_ncs         ; 3.0-V LVTTL  ; 0 s                 ; 0 s                 ; 2.8 V                        ; -5.96e-10 V                  ; 4.5 V               ; -0.922 V            ; 1.61 V                               ; 0.889 V                              ; 6.42e-11 s                  ; 1.5e-10 s                   ; No                         ; No                         ; 2.8 V                       ; -5.96e-10 V                 ; 4.5 V              ; -0.922 V           ; 1.61 V                              ; 0.889 V                             ; 6.42e-11 s                 ; 1.5e-10 s                  ; No                        ; No                        ;
; ~ALTERA_DCLK~ ; 3.0-V LVTTL  ; 0 s                 ; 0 s                 ; 2.8 V                        ; 2.16e-09 V                   ; 2.87 V              ; -0.0594 V           ; 0.152 V                              ; 0.127 V                              ; 2.79e-10 s                  ; 2.59e-10 s                  ; Yes                        ; Yes                        ; 2.8 V                       ; 2.16e-09 V                  ; 2.87 V             ; -0.0594 V          ; 0.152 V                             ; 0.127 V                             ; 2.79e-10 s                 ; 2.59e-10 s                 ; Yes                       ; Yes                       ;
+---------------+--------------+---------------------+---------------------+------------------------------+------------------------------+---------------------+---------------------+--------------------------------------+--------------------------------------+-----------------------------+-----------------------------+----------------------------+----------------------------+-----------------------------+-----------------------------+--------------------+--------------------+-------------------------------------+-------------------------------------+----------------------------+----------------------------+---------------------------+---------------------------+


+--------------------------------------------------------------------------------------------------------------------------------------------------------------------------------------------------------------------------------------------------------------------------------------------------------------------------------------------------------------------------------------------------------------------------------------------------------------------------------------------------------------------------------------------------------------------------------------------------------------------------------------------------------------------------------------------+
; Signal Integrity Metrics (Slow 1200mv 85c Model)                                                                                                                                                                                                                                                                                                                                                                                                                                                                                                                                                                                                                                           ;
+---------------+--------------+---------------------+---------------------+------------------------------+------------------------------+---------------------+---------------------+--------------------------------------+--------------------------------------+-----------------------------+-----------------------------+----------------------------+----------------------------+-----------------------------+-----------------------------+--------------------+--------------------+-------------------------------------+-------------------------------------+----------------------------+----------------------------+---------------------------+---------------------------+
; Pin           ; I/O Standard ; Board Delay on Rise ; Board Delay on Fall ; Steady State Voh at FPGA Pin ; Steady State Vol at FPGA Pin ; Voh Max at FPGA Pin ; Vol Min at FPGA Pin ; Ringback Voltage on Rise at FPGA Pin ; Ringback Voltage on Fall at FPGA Pin ; 10-90 Rise Time at FPGA Pin ; 90-10 Fall Time at FPGA Pin ; Monotonic Rise at FPGA Pin ; Monotonic Fall at FPGA Pin ; Steady State Voh at Far-end ; Steady State Vol at Far-end ; Voh Max at Far-end ; Vol Min at Far-end ; Ringback Voltage on Rise at Far-end ; Ringback Voltage on Fall at Far-end ; 10-90 Rise Time at Far-end ; 90-10 Fall Time at Far-end ; Monotonic Rise at Far-end ; Monotonic Fall at Far-end ;
+---------------+--------------+---------------------+---------------------+------------------------------+------------------------------+---------------------+---------------------+--------------------------------------+--------------------------------------+-----------------------------+-----------------------------+----------------------------+----------------------------+-----------------------------+-----------------------------+--------------------+--------------------+-------------------------------------+-------------------------------------+----------------------------+----------------------------+---------------------------+---------------------------+
; t[0]          ; 3.0-V LVTTL  ; 0 s                 ; 0 s                 ; 2.8 V                        ; 4.24e-07 V                   ; 2.84 V              ; -0.0451 V           ; 0.162 V                              ; 0.211 V                              ; 4.63e-10 s                  ; 4.64e-10 s                  ; Yes                        ; Yes                        ; 2.8 V                       ; 4.24e-07 V                  ; 2.84 V             ; -0.0451 V          ; 0.162 V                             ; 0.211 V                             ; 4.63e-10 s                 ; 4.64e-10 s                 ; Yes                       ; Yes                       ;
; t[1]          ; 3.0-V LVTTL  ; 0 s                 ; 0 s                 ; 2.8 V                        ; 4.24e-07 V                   ; 2.84 V              ; -0.0451 V           ; 0.162 V                              ; 0.211 V                              ; 4.63e-10 s                  ; 4.64e-10 s                  ; Yes                        ; Yes                        ; 2.8 V                       ; 4.24e-07 V                  ; 2.84 V             ; -0.0451 V          ; 0.162 V                             ; 0.211 V                             ; 4.63e-10 s                 ; 4.64e-10 s                 ; Yes                       ; Yes                       ;
; t[2]          ; 3.0-V LVTTL  ; 0 s                 ; 0 s                 ; 2.8 V                        ; 4.24e-07 V                   ; 2.84 V              ; -0.0451 V           ; 0.162 V                              ; 0.211 V                              ; 4.63e-10 s                  ; 4.64e-10 s                  ; Yes                        ; Yes                        ; 2.8 V                       ; 4.24e-07 V                  ; 2.84 V             ; -0.0451 V          ; 0.162 V                             ; 0.211 V                             ; 4.63e-10 s                 ; 4.64e-10 s                 ; Yes                       ; Yes                       ;
; t[3]          ; 3.0-V LVTTL  ; 0 s                 ; 0 s                 ; 2.8 V                        ; 4.24e-07 V                   ; 2.84 V              ; -0.0451 V           ; 0.162 V                              ; 0.211 V                              ; 4.63e-10 s                  ; 4.64e-10 s                  ; Yes                        ; Yes                        ; 2.8 V                       ; 4.24e-07 V                  ; 2.84 V             ; -0.0451 V          ; 0.162 V                             ; 0.211 V                             ; 4.63e-10 s                 ; 4.64e-10 s                 ; Yes                       ; Yes                       ;
; t[4]          ; 3.0-V LVTTL  ; 0 s                 ; 0 s                 ; 2.8 V                        ; 4.24e-07 V                   ; 2.84 V              ; -0.0451 V           ; 0.162 V                              ; 0.211 V                              ; 4.63e-10 s                  ; 4.64e-10 s                  ; Yes                        ; Yes                        ; 2.8 V                       ; 4.24e-07 V                  ; 2.84 V             ; -0.0451 V          ; 0.162 V                             ; 0.211 V                             ; 4.63e-10 s                 ; 4.64e-10 s                 ; Yes                       ; Yes                       ;
; t[5]          ; 3.0-V LVTTL  ; 0 s                 ; 0 s                 ; 2.8 V                        ; 4.24e-07 V                   ; 2.84 V              ; -0.0451 V           ; 0.162 V                              ; 0.211 V                              ; 4.63e-10 s                  ; 4.64e-10 s                  ; Yes                        ; Yes                        ; 2.8 V                       ; 4.24e-07 V                  ; 2.84 V             ; -0.0451 V          ; 0.162 V                             ; 0.211 V                             ; 4.63e-10 s                 ; 4.64e-10 s                 ; Yes                       ; Yes                       ;
; t[6]          ; 3.0-V LVTTL  ; 0 s                 ; 0 s                 ; 2.8 V                        ; 4.24e-07 V                   ; 2.84 V              ; -0.0451 V           ; 0.162 V                              ; 0.211 V                              ; 4.63e-10 s                  ; 4.64e-10 s                  ; Yes                        ; Yes                        ; 2.8 V                       ; 4.24e-07 V                  ; 2.84 V             ; -0.0451 V          ; 0.162 V                             ; 0.211 V                             ; 4.63e-10 s                 ; 4.64e-10 s                 ; Yes                       ; Yes                       ;
; t[7]          ; 3.0-V LVTTL  ; 0 s                 ; 0 s                 ; 2.8 V                        ; 4.24e-07 V                   ; 2.81 V              ; -0.00387 V          ; 0.212 V                              ; 0.087 V                              ; 3.59e-09 s                  ; 3.44e-09 s                  ; Yes                        ; Yes                        ; 2.8 V                       ; 4.24e-07 V                  ; 2.81 V             ; -0.00387 V         ; 0.212 V                             ; 0.087 V                             ; 3.59e-09 s                 ; 3.44e-09 s                 ; Yes                       ; Yes                       ;
; t[8]          ; 3.0-V LVTTL  ; 0 s                 ; 0 s                 ; 2.8 V                        ; 4.24e-07 V                   ; 2.84 V              ; -0.0451 V           ; 0.162 V                              ; 0.211 V                              ; 4.63e-10 s                  ; 4.64e-10 s                  ; Yes                        ; Yes                        ; 2.8 V                       ; 4.24e-07 V                  ; 2.84 V             ; -0.0451 V          ; 0.162 V                             ; 0.211 V                             ; 4.63e-10 s                 ; 4.64e-10 s                 ; Yes                       ; Yes                       ;
; t[9]          ; 3.0-V LVTTL  ; 0 s                 ; 0 s                 ; 2.8 V                        ; 4.24e-07 V                   ; 2.84 V              ; -0.0451 V           ; 0.162 V                              ; 0.211 V                              ; 4.63e-10 s                  ; 4.64e-10 s                  ; Yes                        ; Yes                        ; 2.8 V                       ; 4.24e-07 V                  ; 2.84 V             ; -0.0451 V          ; 0.162 V                             ; 0.211 V                             ; 4.63e-10 s                 ; 4.64e-10 s                 ; Yes                       ; Yes                       ;
; t[10]         ; 3.0-V LVTTL  ; 0 s                 ; 0 s                 ; 2.8 V                        ; 4.24e-07 V                   ; 2.84 V              ; -0.0451 V           ; 0.162 V                              ; 0.211 V                              ; 4.63e-10 s                  ; 4.64e-10 s                  ; Yes                        ; Yes                        ; 2.8 V                       ; 4.24e-07 V                  ; 2.84 V             ; -0.0451 V          ; 0.162 V                             ; 0.211 V                             ; 4.63e-10 s                 ; 4.64e-10 s                 ; Yes                       ; Yes                       ;
; t[11]         ; 3.0-V LVTTL  ; 0 s                 ; 0 s                 ; 2.8 V                        ; 4.24e-07 V                   ; 2.84 V              ; -0.0451 V           ; 0.162 V                              ; 0.211 V                              ; 4.63e-10 s                  ; 4.64e-10 s                  ; Yes                        ; Yes                        ; 2.8 V                       ; 4.24e-07 V                  ; 2.84 V             ; -0.0451 V          ; 0.162 V                             ; 0.211 V                             ; 4.63e-10 s                 ; 4.64e-10 s                 ; Yes                       ; Yes                       ;
; t[12]         ; 3.0-V LVTTL  ; 0 s                 ; 0 s                 ; 2.8 V                        ; 4.24e-07 V                   ; 2.84 V              ; -0.0451 V           ; 0.162 V                              ; 0.211 V                              ; 4.63e-10 s                  ; 4.64e-10 s                  ; Yes                        ; Yes                        ; 2.8 V                       ; 4.24e-07 V                  ; 2.84 V             ; -0.0451 V          ; 0.162 V                             ; 0.211 V                             ; 4.63e-10 s                 ; 4.64e-10 s                 ; Yes                       ; Yes                       ;
; t[13]         ; 3.0-V LVTTL  ; 0 s                 ; 0 s                 ; 2.8 V                        ; 4.24e-07 V                   ; 2.84 V              ; -0.0451 V           ; 0.162 V                              ; 0.211 V                              ; 4.63e-10 s                  ; 4.64e-10 s                  ; Yes                        ; Yes                        ; 2.8 V                       ; 4.24e-07 V                  ; 2.84 V             ; -0.0451 V          ; 0.162 V                             ; 0.211 V                             ; 4.63e-10 s                 ; 4.64e-10 s                 ; Yes                       ; Yes                       ;
; t[14]         ; 3.0-V LVTTL  ; 0 s                 ; 0 s                 ; 2.8 V                        ; 4.24e-07 V                   ; 2.84 V              ; -0.0451 V           ; 0.162 V                              ; 0.211 V                              ; 4.63e-10 s                  ; 4.64e-10 s                  ; Yes                        ; Yes                        ; 2.8 V                       ; 4.24e-07 V                  ; 2.84 V             ; -0.0451 V          ; 0.162 V                             ; 0.211 V                             ; 4.63e-10 s                 ; 4.64e-10 s                 ; Yes                       ; Yes                       ;
; t[15]         ; 3.0-V LVTTL  ; 0 s                 ; 0 s                 ; 2.8 V                        ; 2.86e-07 V                   ; 2.85 V              ; -0.048 V            ; 0.144 V                              ; 0.197 V                              ; 4.55e-10 s                  ; 4.48e-10 s                  ; Yes                        ; Yes                        ; 2.8 V                       ; 2.86e-07 V                  ; 2.85 V             ; -0.048 V           ; 0.144 V                             ; 0.197 V                             ; 4.55e-10 s                 ; 4.48e-10 s                 ; Yes                       ; Yes                       ;
; t[16]         ; 3.0-V LVTTL  ; 0 s                 ; 0 s                 ; 2.8 V                        ; 2.86e-07 V                   ; 2.85 V              ; -0.048 V            ; 0.144 V                              ; 0.197 V                              ; 4.55e-10 s                  ; 4.48e-10 s                  ; Yes                        ; Yes                        ; 2.8 V                       ; 2.86e-07 V                  ; 2.85 V             ; -0.048 V           ; 0.144 V                             ; 0.197 V                             ; 4.55e-10 s                 ; 4.48e-10 s                 ; Yes                       ; Yes                       ;
; t[17]         ; 3.0-V LVTTL  ; 0 s                 ; 0 s                 ; 2.8 V                        ; 2.86e-07 V                   ; 2.85 V              ; -0.048 V            ; 0.144 V                              ; 0.197 V                              ; 4.55e-10 s                  ; 4.48e-10 s                  ; Yes                        ; Yes                        ; 2.8 V                       ; 2.86e-07 V                  ; 2.85 V             ; -0.048 V           ; 0.144 V                             ; 0.197 V                             ; 4.55e-10 s                 ; 4.48e-10 s                 ; Yes                       ; Yes                       ;
; t[18]         ; 3.0-V LVTTL  ; 0 s                 ; 0 s                 ; 2.8 V                        ; 2.86e-07 V                   ; 2.85 V              ; -0.048 V            ; 0.144 V                              ; 0.197 V                              ; 4.55e-10 s                  ; 4.48e-10 s                  ; Yes                        ; Yes                        ; 2.8 V                       ; 2.86e-07 V                  ; 2.85 V             ; -0.048 V           ; 0.144 V                             ; 0.197 V                             ; 4.55e-10 s                 ; 4.48e-10 s                 ; Yes                       ; Yes                       ;
; t[19]         ; 3.0-V LVTTL  ; 0 s                 ; 0 s                 ; 2.8 V                        ; 2.86e-07 V                   ; 2.85 V              ; -0.048 V            ; 0.144 V                              ; 0.197 V                              ; 4.55e-10 s                  ; 4.48e-10 s                  ; Yes                        ; Yes                        ; 2.8 V                       ; 2.86e-07 V                  ; 2.85 V             ; -0.048 V           ; 0.144 V                             ; 0.197 V                             ; 4.55e-10 s                 ; 4.48e-10 s                 ; Yes                       ; Yes                       ;
; t[20]         ; 3.0-V LVTTL  ; 0 s                 ; 0 s                 ; 2.8 V                        ; 2.86e-07 V                   ; 2.81 V              ; -0.0039 V           ; 0.207 V                              ; 0.085 V                              ; 3.59e-09 s                  ; 3.42e-09 s                  ; Yes                        ; Yes                        ; 2.8 V                       ; 2.86e-07 V                  ; 2.81 V             ; -0.0039 V          ; 0.207 V                             ; 0.085 V                             ; 3.59e-09 s                 ; 3.42e-09 s                 ; Yes                       ; Yes                       ;
; t[21]         ; 3.0-V LVTTL  ; 0 s                 ; 0 s                 ; 2.8 V                        ; 2.86e-07 V                   ; 2.85 V              ; -0.048 V            ; 0.144 V                              ; 0.197 V                              ; 4.55e-10 s                  ; 4.48e-10 s                  ; Yes                        ; Yes                        ; 2.8 V                       ; 2.86e-07 V                  ; 2.85 V             ; -0.048 V           ; 0.144 V                             ; 0.197 V                             ; 4.55e-10 s                 ; 4.48e-10 s                 ; Yes                       ; Yes                       ;
; t[22]         ; 3.0-V LVTTL  ; 0 s                 ; 0 s                 ; 2.8 V                        ; 2.86e-07 V                   ; 2.84 V              ; -0.0364 V           ; 0.159 V                              ; 0.193 V                              ; 6.71e-10 s                  ; 6.41e-10 s                  ; Yes                        ; Yes                        ; 2.8 V                       ; 2.86e-07 V                  ; 2.84 V             ; -0.0364 V          ; 0.159 V                             ; 0.193 V                             ; 6.71e-10 s                 ; 6.41e-10 s                 ; Yes                       ; Yes                       ;
; t[23]         ; 3.0-V LVTTL  ; 0 s                 ; 0 s                 ; 2.8 V                        ; 2.86e-07 V                   ; 2.84 V              ; -0.0364 V           ; 0.159 V                              ; 0.193 V                              ; 6.71e-10 s                  ; 6.41e-10 s                  ; Yes                        ; Yes                        ; 2.8 V                       ; 2.86e-07 V                  ; 2.84 V             ; -0.0364 V          ; 0.159 V                             ; 0.193 V                             ; 6.71e-10 s                 ; 6.41e-10 s                 ; Yes                       ; Yes                       ;
; t[24]         ; 3.0-V LVTTL  ; 0 s                 ; 0 s                 ; 2.8 V                        ; 2.86e-07 V                   ; 2.84 V              ; -0.0364 V           ; 0.159 V                              ; 0.193 V                              ; 6.71e-10 s                  ; 6.41e-10 s                  ; Yes                        ; Yes                        ; 2.8 V                       ; 2.86e-07 V                  ; 2.84 V             ; -0.0364 V          ; 0.159 V                             ; 0.193 V                             ; 6.71e-10 s                 ; 6.41e-10 s                 ; Yes                       ; Yes                       ;
; t[25]         ; 3.0-V LVTTL  ; 0 s                 ; 0 s                 ; 2.8 V                        ; 2.86e-07 V                   ; 2.84 V              ; -0.0364 V           ; 0.159 V                              ; 0.193 V                              ; 6.71e-10 s                  ; 6.41e-10 s                  ; Yes                        ; Yes                        ; 2.8 V                       ; 2.86e-07 V                  ; 2.84 V             ; -0.0364 V          ; 0.159 V                             ; 0.193 V                             ; 6.71e-10 s                 ; 6.41e-10 s                 ; Yes                       ; Yes                       ;
; t[26]         ; 3.0-V LVTTL  ; 0 s                 ; 0 s                 ; 2.8 V                        ; 2.86e-07 V                   ; 2.84 V              ; -0.0364 V           ; 0.159 V                              ; 0.193 V                              ; 6.71e-10 s                  ; 6.41e-10 s                  ; Yes                        ; Yes                        ; 2.8 V                       ; 2.86e-07 V                  ; 2.84 V             ; -0.0364 V          ; 0.159 V                             ; 0.193 V                             ; 6.71e-10 s                 ; 6.41e-10 s                 ; Yes                       ; Yes                       ;
; t[27]         ; 3.0-V LVTTL  ; 0 s                 ; 0 s                 ; 2.8 V                        ; 2.86e-07 V                   ; 2.85 V              ; -0.048 V            ; 0.144 V                              ; 0.197 V                              ; 4.55e-10 s                  ; 4.48e-10 s                  ; Yes                        ; Yes                        ; 2.8 V                       ; 2.86e-07 V                  ; 2.85 V             ; -0.048 V           ; 0.144 V                             ; 0.197 V                             ; 4.55e-10 s                 ; 4.48e-10 s                 ; Yes                       ; Yes                       ;
; t[28]         ; 3.0-V LVTTL  ; 0 s                 ; 0 s                 ; 2.8 V                        ; 2.86e-07 V                   ; 2.84 V              ; -0.0364 V           ; 0.159 V                              ; 0.193 V                              ; 6.71e-10 s                  ; 6.41e-10 s                  ; Yes                        ; Yes                        ; 2.8 V                       ; 2.86e-07 V                  ; 2.84 V             ; -0.0364 V          ; 0.159 V                             ; 0.193 V                             ; 6.71e-10 s                 ; 6.41e-10 s                 ; Yes                       ; Yes                       ;
; t[29]         ; 3.0-V LVTTL  ; 0 s                 ; 0 s                 ; 2.8 V                        ; 2.86e-07 V                   ; 2.84 V              ; -0.0364 V           ; 0.159 V                              ; 0.193 V                              ; 6.71e-10 s                  ; 6.41e-10 s                  ; Yes                        ; Yes                        ; 2.8 V                       ; 2.86e-07 V                  ; 2.84 V             ; -0.0364 V          ; 0.159 V                             ; 0.193 V                             ; 6.71e-10 s                 ; 6.41e-10 s                 ; Yes                       ; Yes                       ;
; t[30]         ; 3.0-V LVTTL  ; 0 s                 ; 0 s                 ; 2.8 V                        ; 2.86e-07 V                   ; 2.81 V              ; -0.0039 V           ; 0.207 V                              ; 0.085 V                              ; 3.59e-09 s                  ; 3.42e-09 s                  ; Yes                        ; Yes                        ; 2.8 V                       ; 2.86e-07 V                  ; 2.81 V             ; -0.0039 V          ; 0.207 V                             ; 0.085 V                             ; 3.59e-09 s                 ; 3.42e-09 s                 ; Yes                       ; Yes                       ;
; t[31]         ; 3.0-V LVTTL  ; 0 s                 ; 0 s                 ; 2.8 V                        ; 2.86e-07 V                   ; 2.84 V              ; -0.0364 V           ; 0.159 V                              ; 0.193 V                              ; 6.71e-10 s                  ; 6.41e-10 s                  ; Yes                        ; Yes                        ; 2.8 V                       ; 2.86e-07 V                  ; 2.84 V             ; -0.0364 V          ; 0.159 V                             ; 0.193 V                             ; 6.71e-10 s                 ; 6.41e-10 s                 ; Yes                       ; Yes                       ;
; t[32]         ; 3.0-V LVTTL  ; 0 s                 ; 0 s                 ; 2.8 V                        ; 4.24e-07 V                   ; 2.84 V              ; -0.0451 V           ; 0.162 V                              ; 0.211 V                              ; 4.63e-10 s                  ; 4.64e-10 s                  ; Yes                        ; Yes                        ; 2.8 V                       ; 4.24e-07 V                  ; 2.84 V             ; -0.0451 V          ; 0.162 V                             ; 0.211 V                             ; 4.63e-10 s                 ; 4.64e-10 s                 ; Yes                       ; Yes                       ;
; t[33]         ; 3.0-V LVTTL  ; 0 s                 ; 0 s                 ; 2.8 V                        ; 4.24e-07 V                   ; 2.84 V              ; -0.0451 V           ; 0.162 V                              ; 0.211 V                              ; 4.63e-10 s                  ; 4.64e-10 s                  ; Yes                        ; Yes                        ; 2.8 V                       ; 4.24e-07 V                  ; 2.84 V             ; -0.0451 V          ; 0.162 V                             ; 0.211 V                             ; 4.63e-10 s                 ; 4.64e-10 s                 ; Yes                       ; Yes                       ;
; t[34]         ; 3.0-V LVTTL  ; 0 s                 ; 0 s                 ; 2.8 V                        ; 4.24e-07 V                   ; 2.84 V              ; -0.0451 V           ; 0.162 V                              ; 0.211 V                              ; 4.63e-10 s                  ; 4.64e-10 s                  ; Yes                        ; Yes                        ; 2.8 V                       ; 4.24e-07 V                  ; 2.84 V             ; -0.0451 V          ; 0.162 V                             ; 0.211 V                             ; 4.63e-10 s                 ; 4.64e-10 s                 ; Yes                       ; Yes                       ;
; t[35]         ; 3.0-V LVTTL  ; 0 s                 ; 0 s                 ; 2.8 V                        ; 4.24e-07 V                   ; 2.84 V              ; -0.0451 V           ; 0.162 V                              ; 0.211 V                              ; 4.63e-10 s                  ; 4.64e-10 s                  ; Yes                        ; Yes                        ; 2.8 V                       ; 4.24e-07 V                  ; 2.84 V             ; -0.0451 V          ; 0.162 V                             ; 0.211 V                             ; 4.63e-10 s                 ; 4.64e-10 s                 ; Yes                       ; Yes                       ;
; t[36]         ; 3.0-V LVTTL  ; 0 s                 ; 0 s                 ; 2.8 V                        ; 4.24e-07 V                   ; 2.84 V              ; -0.0451 V           ; 0.162 V                              ; 0.211 V                              ; 4.63e-10 s                  ; 4.64e-10 s                  ; Yes                        ; Yes                        ; 2.8 V                       ; 4.24e-07 V                  ; 2.84 V             ; -0.0451 V          ; 0.162 V                             ; 0.211 V                             ; 4.63e-10 s                 ; 4.64e-10 s                 ; Yes                       ; Yes                       ;
; t[37]         ; 3.0-V LVTTL  ; 0 s                 ; 0 s                 ; 2.8 V                        ; 4.24e-07 V                   ; 2.81 V              ; -0.00387 V          ; 0.212 V                              ; 0.087 V                              ; 3.59e-09 s                  ; 3.44e-09 s                  ; Yes                        ; Yes                        ; 2.8 V                       ; 4.24e-07 V                  ; 2.81 V             ; -0.00387 V         ; 0.212 V                             ; 0.087 V                             ; 3.59e-09 s                 ; 3.44e-09 s                 ; Yes                       ; Yes                       ;
; t[38]         ; 3.0-V LVTTL  ; 0 s                 ; 0 s                 ; 2.8 V                        ; 4.24e-07 V                   ; 2.84 V              ; -0.0451 V           ; 0.162 V                              ; 0.211 V                              ; 4.63e-10 s                  ; 4.64e-10 s                  ; Yes                        ; Yes                        ; 2.8 V                       ; 4.24e-07 V                  ; 2.84 V             ; -0.0451 V          ; 0.162 V                             ; 0.211 V                             ; 4.63e-10 s                 ; 4.64e-10 s                 ; Yes                       ; Yes                       ;
; t[39]         ; 3.0-V LVTTL  ; 0 s                 ; 0 s                 ; 2.8 V                        ; 4.24e-07 V                   ; 2.84 V              ; -0.0451 V           ; 0.162 V                              ; 0.211 V                              ; 4.63e-10 s                  ; 4.64e-10 s                  ; Yes                        ; Yes                        ; 2.8 V                       ; 4.24e-07 V                  ; 2.84 V             ; -0.0451 V          ; 0.162 V                             ; 0.211 V                             ; 4.63e-10 s                 ; 4.64e-10 s                 ; Yes                       ; Yes                       ;
; t[40]         ; 3.0-V LVTTL  ; 0 s                 ; 0 s                 ; 2.8 V                        ; 4.24e-07 V                   ; 2.84 V              ; -0.0451 V           ; 0.162 V                              ; 0.211 V                              ; 4.63e-10 s                  ; 4.64e-10 s                  ; Yes                        ; Yes                        ; 2.8 V                       ; 4.24e-07 V                  ; 2.84 V             ; -0.0451 V          ; 0.162 V                             ; 0.211 V                             ; 4.63e-10 s                 ; 4.64e-10 s                 ; Yes                       ; Yes                       ;
; t[41]         ; 3.0-V LVTTL  ; 0 s                 ; 0 s                 ; 2.8 V                        ; 4.24e-07 V                   ; 2.84 V              ; -0.0451 V           ; 0.162 V                              ; 0.211 V                              ; 4.63e-10 s                  ; 4.64e-10 s                  ; Yes                        ; Yes                        ; 2.8 V                       ; 4.24e-07 V                  ; 2.84 V             ; -0.0451 V          ; 0.162 V                             ; 0.211 V                             ; 4.63e-10 s                 ; 4.64e-10 s                 ; Yes                       ; Yes                       ;
; t[42]         ; 3.0-V LVTTL  ; 0 s                 ; 0 s                 ; 2.8 V                        ; 4.24e-07 V                   ; 2.84 V              ; -0.0451 V           ; 0.162 V                              ; 0.211 V                              ; 4.63e-10 s                  ; 4.64e-10 s                  ; Yes                        ; Yes                        ; 2.8 V                       ; 4.24e-07 V                  ; 2.84 V             ; -0.0451 V          ; 0.162 V                             ; 0.211 V                             ; 4.63e-10 s                 ; 4.64e-10 s                 ; Yes                       ; Yes                       ;
; t[43]         ; 3.0-V LVTTL  ; 0 s                 ; 0 s                 ; 2.8 V                        ; 4.24e-07 V                   ; 2.84 V              ; -0.0451 V           ; 0.162 V                              ; 0.211 V                              ; 4.63e-10 s                  ; 4.64e-10 s                  ; Yes                        ; Yes                        ; 2.8 V                       ; 4.24e-07 V                  ; 2.84 V             ; -0.0451 V          ; 0.162 V                             ; 0.211 V                             ; 4.63e-10 s                 ; 4.64e-10 s                 ; Yes                       ; Yes                       ;
; t[44]         ; 3.0-V LVTTL  ; 0 s                 ; 0 s                 ; 2.8 V                        ; 4.24e-07 V                   ; 2.84 V              ; -0.0451 V           ; 0.162 V                              ; 0.211 V                              ; 4.63e-10 s                  ; 4.64e-10 s                  ; Yes                        ; Yes                        ; 2.8 V                       ; 4.24e-07 V                  ; 2.84 V             ; -0.0451 V          ; 0.162 V                             ; 0.211 V                             ; 4.63e-10 s                 ; 4.64e-10 s                 ; Yes                       ; Yes                       ;
; t[45]         ; 3.0-V LVTTL  ; 0 s                 ; 0 s                 ; 2.8 V                        ; 4.24e-07 V                   ; 2.84 V              ; -0.0451 V           ; 0.162 V                              ; 0.211 V                              ; 4.63e-10 s                  ; 4.64e-10 s                  ; Yes                        ; Yes                        ; 2.8 V                       ; 4.24e-07 V                  ; 2.84 V             ; -0.0451 V          ; 0.162 V                             ; 0.211 V                             ; 4.63e-10 s                 ; 4.64e-10 s                 ; Yes                       ; Yes                       ;
; t[46]         ; 3.0-V LVTTL  ; 0 s                 ; 0 s                 ; 2.8 V                        ; 4.24e-07 V                   ; 2.84 V              ; -0.0451 V           ; 0.162 V                              ; 0.211 V                              ; 4.63e-10 s                  ; 4.64e-10 s                  ; Yes                        ; Yes                        ; 2.8 V                       ; 4.24e-07 V                  ; 2.84 V             ; -0.0451 V          ; 0.162 V                             ; 0.211 V                             ; 4.63e-10 s                 ; 4.64e-10 s                 ; Yes                       ; Yes                       ;
; t[47]         ; 3.0-V LVTTL  ; 0 s                 ; 0 s                 ; 2.8 V                        ; 4.24e-07 V                   ; 2.84 V              ; -0.0451 V           ; 0.162 V                              ; 0.211 V                              ; 4.63e-10 s                  ; 4.64e-10 s                  ; Yes                        ; Yes                        ; 2.8 V                       ; 4.24e-07 V                  ; 2.84 V             ; -0.0451 V          ; 0.162 V                             ; 0.211 V                             ; 4.63e-10 s                 ; 4.64e-10 s                 ; Yes                       ; Yes                       ;
; t[48]         ; 3.0-V LVTTL  ; 0 s                 ; 0 s                 ; 2.8 V                        ; 4.24e-07 V                   ; 2.84 V              ; -0.0451 V           ; 0.162 V                              ; 0.211 V                              ; 4.63e-10 s                  ; 4.64e-10 s                  ; Yes                        ; Yes                        ; 2.8 V                       ; 4.24e-07 V                  ; 2.84 V             ; -0.0451 V          ; 0.162 V                             ; 0.211 V                             ; 4.63e-10 s                 ; 4.64e-10 s                 ; Yes                       ; Yes                       ;
; t[49]         ; 3.0-V LVTTL  ; 0 s                 ; 0 s                 ; 2.8 V                        ; 4.24e-07 V                   ; 2.81 V              ; -0.00387 V          ; 0.212 V                              ; 0.087 V                              ; 3.59e-09 s                  ; 3.44e-09 s                  ; Yes                        ; Yes                        ; 2.8 V                       ; 4.24e-07 V                  ; 2.81 V             ; -0.00387 V         ; 0.212 V                             ; 0.087 V                             ; 3.59e-09 s                 ; 3.44e-09 s                 ; Yes                       ; Yes                       ;
; blue          ; 3.0-V LVTTL  ; 0 s                 ; 0 s                 ; 2.8 V                        ; 4.24e-07 V                   ; 2.84 V              ; -0.0451 V           ; 0.162 V                              ; 0.211 V                              ; 4.63e-10 s                  ; 4.64e-10 s                  ; Yes                        ; Yes                        ; 2.8 V                       ; 4.24e-07 V                  ; 2.84 V             ; -0.0451 V          ; 0.162 V                             ; 0.211 V                             ; 4.63e-10 s                 ; 4.64e-10 s                 ; Yes                       ; Yes                       ;
; green         ; 3.0-V LVTTL  ; 0 s                 ; 0 s                 ; 2.8 V                        ; 4.24e-07 V                   ; 2.84 V              ; -0.0451 V           ; 0.162 V                              ; 0.211 V                              ; 4.63e-10 s                  ; 4.64e-10 s                  ; Yes                        ; Yes                        ; 2.8 V                       ; 4.24e-07 V                  ; 2.84 V             ; -0.0451 V          ; 0.162 V                             ; 0.211 V                             ; 4.63e-10 s                 ; 4.64e-10 s                 ; Yes                       ; Yes                       ;
; red           ; 3.0-V LVTTL  ; 0 s                 ; 0 s                 ; 2.8 V                        ; 4.24e-07 V                   ; 2.84 V              ; -0.0451 V           ; 0.162 V                              ; 0.211 V                              ; 4.63e-10 s                  ; 4.64e-10 s                  ; Yes                        ; Yes                        ; 2.8 V                       ; 4.24e-07 V                  ; 2.84 V             ; -0.0451 V          ; 0.162 V                             ; 0.211 V                             ; 4.63e-10 s                 ; 4.64e-10 s                 ; Yes                       ; Yes                       ;
; syncout       ; 3.0-V LVTTL  ; 0 s                 ; 0 s                 ; 2.8 V                        ; 2.86e-07 V                   ; 2.81 V              ; -0.0039 V           ; 0.207 V                              ; 0.085 V                              ; 3.59e-09 s                  ; 3.42e-09 s                  ; Yes                        ; Yes                        ; 2.8 V                       ; 2.86e-07 V                  ; 2.81 V             ; -0.0039 V          ; 0.207 V                             ; 0.085 V                             ; 3.59e-09 s                 ; 3.42e-09 s                 ; Yes                       ; Yes                       ;
; f_ncs         ; 3.0-V LVTTL  ; 0 s                 ; 0 s                 ; 2.8 V                        ; 5.49e-08 V                   ; 4.04 V              ; -0.755 V            ; 1.19 V                               ; 0.716 V                              ; 8.18e-11 s                  ; 1.83e-10 s                  ; No                         ; No                         ; 2.8 V                       ; 5.49e-08 V                  ; 4.04 V             ; -0.755 V           ; 1.19 V                              ; 0.716 V                             ; 8.18e-11 s                 ; 1.83e-10 s                 ; No                        ; No                        ;
; ~ALTERA_DCLK~ ; 3.0-V LVTTL  ; 0 s                 ; 0 s                 ; 2.8 V                        ; 2.02e-07 V                   ; 2.84 V              ; -0.047 V            ; 0.076 V                              ; 0.073 V                              ; 3.37e-10 s                  ; 3.69e-10 s                  ; Yes                        ; Yes                        ; 2.8 V                       ; 2.02e-07 V                  ; 2.84 V             ; -0.047 V           ; 0.076 V                             ; 0.073 V                             ; 3.37e-10 s                 ; 3.69e-10 s                 ; Yes                       ; Yes                       ;
+---------------+--------------+---------------------+---------------------+------------------------------+------------------------------+---------------------+---------------------+--------------------------------------+--------------------------------------+-----------------------------+-----------------------------+----------------------------+----------------------------+-----------------------------+-----------------------------+--------------------+--------------------+-------------------------------------+-------------------------------------+----------------------------+----------------------------+---------------------------+---------------------------+


+--------------------------------------------------------------------------------------------------------------------------------------------------------------------------------------------------------------------------------------------------------------------------------------------------------------------------------------------------------------------------------------------------------------------------------------------------------------------------------------------------------------------------------------------------------------------------------------------------------------------------------------------------------------------------------------------+
; Signal Integrity Metrics (Fast 1200mv 0c Model)                                                                                                                                                                                                                                                                                                                                                                                                                                                                                                                                                                                                                                            ;
+---------------+--------------+---------------------+---------------------+------------------------------+------------------------------+---------------------+---------------------+--------------------------------------+--------------------------------------+-----------------------------+-----------------------------+----------------------------+----------------------------+-----------------------------+-----------------------------+--------------------+--------------------+-------------------------------------+-------------------------------------+----------------------------+----------------------------+---------------------------+---------------------------+
; Pin           ; I/O Standard ; Board Delay on Rise ; Board Delay on Fall ; Steady State Voh at FPGA Pin ; Steady State Vol at FPGA Pin ; Voh Max at FPGA Pin ; Vol Min at FPGA Pin ; Ringback Voltage on Rise at FPGA Pin ; Ringback Voltage on Fall at FPGA Pin ; 10-90 Rise Time at FPGA Pin ; 90-10 Fall Time at FPGA Pin ; Monotonic Rise at FPGA Pin ; Monotonic Fall at FPGA Pin ; Steady State Voh at Far-end ; Steady State Vol at Far-end ; Voh Max at Far-end ; Vol Min at Far-end ; Ringback Voltage on Rise at Far-end ; Ringback Voltage on Fall at Far-end ; 10-90 Rise Time at Far-end ; 90-10 Fall Time at Far-end ; Monotonic Rise at Far-end ; Monotonic Fall at Far-end ;
+---------------+--------------+---------------------+---------------------+------------------------------+------------------------------+---------------------+---------------------+--------------------------------------+--------------------------------------+-----------------------------+-----------------------------+----------------------------+----------------------------+-----------------------------+-----------------------------+--------------------+--------------------+-------------------------------------+-------------------------------------+----------------------------+----------------------------+---------------------------+---------------------------+
; t[0]          ; 3.0-V LVTTL  ; 0 s                 ; 0 s                 ; 3.15 V                       ; 8.45e-08 V                   ; 3.25 V              ; -0.113 V            ; 0.202 V                              ; 0.316 V                              ; 2.75e-10 s                  ; 2.69e-10 s                  ; Yes                        ; No                         ; 3.15 V                      ; 8.45e-08 V                  ; 3.25 V             ; -0.113 V           ; 0.202 V                             ; 0.316 V                             ; 2.75e-10 s                 ; 2.69e-10 s                 ; Yes                       ; No                        ;
; t[1]          ; 3.0-V LVTTL  ; 0 s                 ; 0 s                 ; 3.15 V                       ; 8.45e-08 V                   ; 3.25 V              ; -0.113 V            ; 0.202 V                              ; 0.316 V                              ; 2.75e-10 s                  ; 2.69e-10 s                  ; Yes                        ; No                         ; 3.15 V                      ; 8.45e-08 V                  ; 3.25 V             ; -0.113 V           ; 0.202 V                             ; 0.316 V                             ; 2.75e-10 s                 ; 2.69e-10 s                 ; Yes                       ; No                        ;
; t[2]          ; 3.0-V LVTTL  ; 0 s                 ; 0 s                 ; 3.15 V                       ; 8.45e-08 V                   ; 3.25 V              ; -0.113 V            ; 0.202 V                              ; 0.316 V                              ; 2.75e-10 s                  ; 2.69e-10 s                  ; Yes                        ; No                         ; 3.15 V                      ; 8.45e-08 V                  ; 3.25 V             ; -0.113 V           ; 0.202 V                             ; 0.316 V                             ; 2.75e-10 s                 ; 2.69e-10 s                 ; Yes                       ; No                        ;
; t[3]          ; 3.0-V LVTTL  ; 0 s                 ; 0 s                 ; 3.15 V                       ; 8.45e-08 V                   ; 3.25 V              ; -0.113 V            ; 0.202 V                              ; 0.316 V                              ; 2.75e-10 s                  ; 2.69e-10 s                  ; Yes                        ; No                         ; 3.15 V                      ; 8.45e-08 V                  ; 3.25 V             ; -0.113 V           ; 0.202 V                             ; 0.316 V                             ; 2.75e-10 s                 ; 2.69e-10 s                 ; Yes                       ; No                        ;
; t[4]          ; 3.0-V LVTTL  ; 0 s                 ; 0 s                 ; 3.15 V                       ; 8.45e-08 V                   ; 3.25 V              ; -0.113 V            ; 0.202 V                              ; 0.316 V                              ; 2.75e-10 s                  ; 2.69e-10 s                  ; Yes                        ; No                         ; 3.15 V                      ; 8.45e-08 V                  ; 3.25 V             ; -0.113 V           ; 0.202 V                             ; 0.316 V                             ; 2.75e-10 s                 ; 2.69e-10 s                 ; Yes                       ; No                        ;
; t[5]          ; 3.0-V LVTTL  ; 0 s                 ; 0 s                 ; 3.15 V                       ; 8.45e-08 V                   ; 3.25 V              ; -0.113 V            ; 0.202 V                              ; 0.316 V                              ; 2.75e-10 s                  ; 2.69e-10 s                  ; Yes                        ; No                         ; 3.15 V                      ; 8.45e-08 V                  ; 3.25 V             ; -0.113 V           ; 0.202 V                             ; 0.316 V                             ; 2.75e-10 s                 ; 2.69e-10 s                 ; Yes                       ; No                        ;
; t[6]          ; 3.0-V LVTTL  ; 0 s                 ; 0 s                 ; 3.15 V                       ; 8.45e-08 V                   ; 3.25 V              ; -0.113 V            ; 0.202 V                              ; 0.316 V                              ; 2.75e-10 s                  ; 2.69e-10 s                  ; Yes                        ; No                         ; 3.15 V                      ; 8.45e-08 V                  ; 3.25 V             ; -0.113 V           ; 0.202 V                             ; 0.316 V                             ; 2.75e-10 s                 ; 2.69e-10 s                 ; Yes                       ; No                        ;
; t[7]          ; 3.0-V LVTTL  ; 0 s                 ; 0 s                 ; 3.15 V                       ; 8.45e-08 V                   ; 3.17 V              ; -0.0153 V           ; 0.272 V                              ; 0.249 V                              ; 2.4e-09 s                   ; 2.3e-09 s                   ; No                         ; Yes                        ; 3.15 V                      ; 8.45e-08 V                  ; 3.17 V             ; -0.0153 V          ; 0.272 V                             ; 0.249 V                             ; 2.4e-09 s                  ; 2.3e-09 s                  ; No                        ; Yes                       ;
; t[8]          ; 3.0-V LVTTL  ; 0 s                 ; 0 s                 ; 3.15 V                       ; 8.45e-08 V                   ; 3.25 V              ; -0.113 V            ; 0.202 V                              ; 0.316 V                              ; 2.75e-10 s                  ; 2.69e-10 s                  ; Yes                        ; No                         ; 3.15 V                      ; 8.45e-08 V                  ; 3.25 V             ; -0.113 V           ; 0.202 V                             ; 0.316 V                             ; 2.75e-10 s                 ; 2.69e-10 s                 ; Yes                       ; No                        ;
; t[9]          ; 3.0-V LVTTL  ; 0 s                 ; 0 s                 ; 3.15 V                       ; 8.45e-08 V                   ; 3.25 V              ; -0.113 V            ; 0.202 V                              ; 0.316 V                              ; 2.75e-10 s                  ; 2.69e-10 s                  ; Yes                        ; No                         ; 3.15 V                      ; 8.45e-08 V                  ; 3.25 V             ; -0.113 V           ; 0.202 V                             ; 0.316 V                             ; 2.75e-10 s                 ; 2.69e-10 s                 ; Yes                       ; No                        ;
; t[10]         ; 3.0-V LVTTL  ; 0 s                 ; 0 s                 ; 3.15 V                       ; 8.45e-08 V                   ; 3.25 V              ; -0.113 V            ; 0.202 V                              ; 0.316 V                              ; 2.75e-10 s                  ; 2.69e-10 s                  ; Yes                        ; No                         ; 3.15 V                      ; 8.45e-08 V                  ; 3.25 V             ; -0.113 V           ; 0.202 V                             ; 0.316 V                             ; 2.75e-10 s                 ; 2.69e-10 s                 ; Yes                       ; No                        ;
; t[11]         ; 3.0-V LVTTL  ; 0 s                 ; 0 s                 ; 3.15 V                       ; 8.45e-08 V                   ; 3.25 V              ; -0.113 V            ; 0.202 V                              ; 0.316 V                              ; 2.75e-10 s                  ; 2.69e-10 s                  ; Yes                        ; No                         ; 3.15 V                      ; 8.45e-08 V                  ; 3.25 V             ; -0.113 V           ; 0.202 V                             ; 0.316 V                             ; 2.75e-10 s                 ; 2.69e-10 s                 ; Yes                       ; No                        ;
; t[12]         ; 3.0-V LVTTL  ; 0 s                 ; 0 s                 ; 3.15 V                       ; 8.45e-08 V                   ; 3.25 V              ; -0.113 V            ; 0.202 V                              ; 0.316 V                              ; 2.75e-10 s                  ; 2.69e-10 s                  ; Yes                        ; No                         ; 3.15 V                      ; 8.45e-08 V                  ; 3.25 V             ; -0.113 V           ; 0.202 V                             ; 0.316 V                             ; 2.75e-10 s                 ; 2.69e-10 s                 ; Yes                       ; No                        ;
; t[13]         ; 3.0-V LVTTL  ; 0 s                 ; 0 s                 ; 3.15 V                       ; 8.45e-08 V                   ; 3.25 V              ; -0.113 V            ; 0.202 V                              ; 0.316 V                              ; 2.75e-10 s                  ; 2.69e-10 s                  ; Yes                        ; No                         ; 3.15 V                      ; 8.45e-08 V                  ; 3.25 V             ; -0.113 V           ; 0.202 V                             ; 0.316 V                             ; 2.75e-10 s                 ; 2.69e-10 s                 ; Yes                       ; No                        ;
; t[14]         ; 3.0-V LVTTL  ; 0 s                 ; 0 s                 ; 3.15 V                       ; 8.45e-08 V                   ; 3.25 V              ; -0.113 V            ; 0.202 V                              ; 0.316 V                              ; 2.75e-10 s                  ; 2.69e-10 s                  ; Yes                        ; No                         ; 3.15 V                      ; 8.45e-08 V                  ; 3.25 V             ; -0.113 V           ; 0.202 V                             ; 0.316 V                             ; 2.75e-10 s                 ; 2.69e-10 s                 ; Yes                       ; No                        ;
; t[15]         ; 3.0-V LVTTL  ; 0 s                 ; 0 s                 ; 3.15 V                       ; 5.7e-08 V                    ; 3.25 V              ; -0.104 V            ; 0.19 V                               ; 0.28 V                               ; 2.71e-10 s                  ; 2.59e-10 s                  ; Yes                        ; Yes                        ; 3.15 V                      ; 5.7e-08 V                   ; 3.25 V             ; -0.104 V           ; 0.19 V                              ; 0.28 V                              ; 2.71e-10 s                 ; 2.59e-10 s                 ; Yes                       ; Yes                       ;
; t[16]         ; 3.0-V LVTTL  ; 0 s                 ; 0 s                 ; 3.15 V                       ; 5.7e-08 V                    ; 3.25 V              ; -0.104 V            ; 0.19 V                               ; 0.28 V                               ; 2.71e-10 s                  ; 2.59e-10 s                  ; Yes                        ; Yes                        ; 3.15 V                      ; 5.7e-08 V                   ; 3.25 V             ; -0.104 V           ; 0.19 V                              ; 0.28 V                              ; 2.71e-10 s                 ; 2.59e-10 s                 ; Yes                       ; Yes                       ;
; t[17]         ; 3.0-V LVTTL  ; 0 s                 ; 0 s                 ; 3.15 V                       ; 5.7e-08 V                    ; 3.25 V              ; -0.104 V            ; 0.19 V                               ; 0.28 V                               ; 2.71e-10 s                  ; 2.59e-10 s                  ; Yes                        ; Yes                        ; 3.15 V                      ; 5.7e-08 V                   ; 3.25 V             ; -0.104 V           ; 0.19 V                              ; 0.28 V                              ; 2.71e-10 s                 ; 2.59e-10 s                 ; Yes                       ; Yes                       ;
; t[18]         ; 3.0-V LVTTL  ; 0 s                 ; 0 s                 ; 3.15 V                       ; 5.7e-08 V                    ; 3.25 V              ; -0.104 V            ; 0.19 V                               ; 0.28 V                               ; 2.71e-10 s                  ; 2.59e-10 s                  ; Yes                        ; Yes                        ; 3.15 V                      ; 5.7e-08 V                   ; 3.25 V             ; -0.104 V           ; 0.19 V                              ; 0.28 V                              ; 2.71e-10 s                 ; 2.59e-10 s                 ; Yes                       ; Yes                       ;
; t[19]         ; 3.0-V LVTTL  ; 0 s                 ; 0 s                 ; 3.15 V                       ; 5.7e-08 V                    ; 3.25 V              ; -0.104 V            ; 0.19 V                               ; 0.28 V                               ; 2.71e-10 s                  ; 2.59e-10 s                  ; Yes                        ; Yes                        ; 3.15 V                      ; 5.7e-08 V                   ; 3.25 V             ; -0.104 V           ; 0.19 V                              ; 0.28 V                              ; 2.71e-10 s                 ; 2.59e-10 s                 ; Yes                       ; Yes                       ;
; t[20]         ; 3.0-V LVTTL  ; 0 s                 ; 0 s                 ; 3.15 V                       ; 5.7e-08 V                    ; 3.17 V              ; -0.0141 V           ; 0.269 V                              ; 0.247 V                              ; 2.4e-09 s                   ; 2.29e-09 s                  ; No                         ; Yes                        ; 3.15 V                      ; 5.7e-08 V                   ; 3.17 V             ; -0.0141 V          ; 0.269 V                             ; 0.247 V                             ; 2.4e-09 s                  ; 2.29e-09 s                 ; No                        ; Yes                       ;
; t[21]         ; 3.0-V LVTTL  ; 0 s                 ; 0 s                 ; 3.15 V                       ; 5.7e-08 V                    ; 3.25 V              ; -0.104 V            ; 0.19 V                               ; 0.28 V                               ; 2.71e-10 s                  ; 2.59e-10 s                  ; Yes                        ; Yes                        ; 3.15 V                      ; 5.7e-08 V                   ; 3.25 V             ; -0.104 V           ; 0.19 V                              ; 0.28 V                              ; 2.71e-10 s                 ; 2.59e-10 s                 ; Yes                       ; Yes                       ;
; t[22]         ; 3.0-V LVTTL  ; 0 s                 ; 0 s                 ; 3.15 V                       ; 5.7e-08 V                    ; 3.25 V              ; -0.0588 V           ; 0.186 V                              ; 0.146 V                              ; 4.53e-10 s                  ; 4.2e-10 s                   ; No                         ; Yes                        ; 3.15 V                      ; 5.7e-08 V                   ; 3.25 V             ; -0.0588 V          ; 0.186 V                             ; 0.146 V                             ; 4.53e-10 s                 ; 4.2e-10 s                  ; No                        ; Yes                       ;
; t[23]         ; 3.0-V LVTTL  ; 0 s                 ; 0 s                 ; 3.15 V                       ; 5.7e-08 V                    ; 3.25 V              ; -0.0588 V           ; 0.186 V                              ; 0.146 V                              ; 4.53e-10 s                  ; 4.2e-10 s                   ; No                         ; Yes                        ; 3.15 V                      ; 5.7e-08 V                   ; 3.25 V             ; -0.0588 V          ; 0.186 V                             ; 0.146 V                             ; 4.53e-10 s                 ; 4.2e-10 s                  ; No                        ; Yes                       ;
; t[24]         ; 3.0-V LVTTL  ; 0 s                 ; 0 s                 ; 3.15 V                       ; 5.7e-08 V                    ; 3.25 V              ; -0.0588 V           ; 0.186 V                              ; 0.146 V                              ; 4.53e-10 s                  ; 4.2e-10 s                   ; No                         ; Yes                        ; 3.15 V                      ; 5.7e-08 V                   ; 3.25 V             ; -0.0588 V          ; 0.186 V                             ; 0.146 V                             ; 4.53e-10 s                 ; 4.2e-10 s                  ; No                        ; Yes                       ;
; t[25]         ; 3.0-V LVTTL  ; 0 s                 ; 0 s                 ; 3.15 V                       ; 5.7e-08 V                    ; 3.25 V              ; -0.0588 V           ; 0.186 V                              ; 0.146 V                              ; 4.53e-10 s                  ; 4.2e-10 s                   ; No                         ; Yes                        ; 3.15 V                      ; 5.7e-08 V                   ; 3.25 V             ; -0.0588 V          ; 0.186 V                             ; 0.146 V                             ; 4.53e-10 s                 ; 4.2e-10 s                  ; No                        ; Yes                       ;
; t[26]         ; 3.0-V LVTTL  ; 0 s                 ; 0 s                 ; 3.15 V                       ; 5.7e-08 V                    ; 3.25 V              ; -0.0588 V           ; 0.186 V                              ; 0.146 V                              ; 4.53e-10 s                  ; 4.2e-10 s                   ; No                         ; Yes                        ; 3.15 V                      ; 5.7e-08 V                   ; 3.25 V             ; -0.0588 V          ; 0.186 V                             ; 0.146 V                             ; 4.53e-10 s                 ; 4.2e-10 s                  ; No                        ; Yes                       ;
; t[27]         ; 3.0-V LVTTL  ; 0 s                 ; 0 s                 ; 3.15 V                       ; 5.7e-08 V                    ; 3.25 V              ; -0.104 V            ; 0.19 V                               ; 0.28 V                               ; 2.71e-10 s                  ; 2.59e-10 s                  ; Yes                        ; Yes                        ; 3.15 V                      ; 5.7e-08 V                   ; 3.25 V             ; -0.104 V           ; 0.19 V                              ; 0.28 V                              ; 2.71e-10 s                 ; 2.59e-10 s                 ; Yes                       ; Yes                       ;
; t[28]         ; 3.0-V LVTTL  ; 0 s                 ; 0 s                 ; 3.15 V                       ; 5.7e-08 V                    ; 3.25 V              ; -0.0588 V           ; 0.186 V                              ; 0.146 V                              ; 4.53e-10 s                  ; 4.2e-10 s                   ; No                         ; Yes                        ; 3.15 V                      ; 5.7e-08 V                   ; 3.25 V             ; -0.0588 V          ; 0.186 V                             ; 0.146 V                             ; 4.53e-10 s                 ; 4.2e-10 s                  ; No                        ; Yes                       ;
; t[29]         ; 3.0-V LVTTL  ; 0 s                 ; 0 s                 ; 3.15 V                       ; 5.7e-08 V                    ; 3.25 V              ; -0.0588 V           ; 0.186 V                              ; 0.146 V                              ; 4.53e-10 s                  ; 4.2e-10 s                   ; No                         ; Yes                        ; 3.15 V                      ; 5.7e-08 V                   ; 3.25 V             ; -0.0588 V          ; 0.186 V                             ; 0.146 V                             ; 4.53e-10 s                 ; 4.2e-10 s                  ; No                        ; Yes                       ;
; t[30]         ; 3.0-V LVTTL  ; 0 s                 ; 0 s                 ; 3.15 V                       ; 5.7e-08 V                    ; 3.17 V              ; -0.0141 V           ; 0.269 V                              ; 0.247 V                              ; 2.4e-09 s                   ; 2.29e-09 s                  ; No                         ; Yes                        ; 3.15 V                      ; 5.7e-08 V                   ; 3.17 V             ; -0.0141 V          ; 0.269 V                             ; 0.247 V                             ; 2.4e-09 s                  ; 2.29e-09 s                 ; No                        ; Yes                       ;
; t[31]         ; 3.0-V LVTTL  ; 0 s                 ; 0 s                 ; 3.15 V                       ; 5.7e-08 V                    ; 3.25 V              ; -0.0588 V           ; 0.186 V                              ; 0.146 V                              ; 4.53e-10 s                  ; 4.2e-10 s                   ; No                         ; Yes                        ; 3.15 V                      ; 5.7e-08 V                   ; 3.25 V             ; -0.0588 V          ; 0.186 V                             ; 0.146 V                             ; 4.53e-10 s                 ; 4.2e-10 s                  ; No                        ; Yes                       ;
; t[32]         ; 3.0-V LVTTL  ; 0 s                 ; 0 s                 ; 3.15 V                       ; 8.45e-08 V                   ; 3.25 V              ; -0.113 V            ; 0.202 V                              ; 0.316 V                              ; 2.75e-10 s                  ; 2.69e-10 s                  ; Yes                        ; No                         ; 3.15 V                      ; 8.45e-08 V                  ; 3.25 V             ; -0.113 V           ; 0.202 V                             ; 0.316 V                             ; 2.75e-10 s                 ; 2.69e-10 s                 ; Yes                       ; No                        ;
; t[33]         ; 3.0-V LVTTL  ; 0 s                 ; 0 s                 ; 3.15 V                       ; 8.45e-08 V                   ; 3.25 V              ; -0.113 V            ; 0.202 V                              ; 0.316 V                              ; 2.75e-10 s                  ; 2.69e-10 s                  ; Yes                        ; No                         ; 3.15 V                      ; 8.45e-08 V                  ; 3.25 V             ; -0.113 V           ; 0.202 V                             ; 0.316 V                             ; 2.75e-10 s                 ; 2.69e-10 s                 ; Yes                       ; No                        ;
; t[34]         ; 3.0-V LVTTL  ; 0 s                 ; 0 s                 ; 3.15 V                       ; 8.45e-08 V                   ; 3.25 V              ; -0.113 V            ; 0.202 V                              ; 0.316 V                              ; 2.75e-10 s                  ; 2.69e-10 s                  ; Yes                        ; No                         ; 3.15 V                      ; 8.45e-08 V                  ; 3.25 V             ; -0.113 V           ; 0.202 V                             ; 0.316 V                             ; 2.75e-10 s                 ; 2.69e-10 s                 ; Yes                       ; No                        ;
; t[35]         ; 3.0-V LVTTL  ; 0 s                 ; 0 s                 ; 3.15 V                       ; 8.45e-08 V                   ; 3.25 V              ; -0.113 V            ; 0.202 V                              ; 0.316 V                              ; 2.75e-10 s                  ; 2.69e-10 s                  ; Yes                        ; No                         ; 3.15 V                      ; 8.45e-08 V                  ; 3.25 V             ; -0.113 V           ; 0.202 V                             ; 0.316 V                             ; 2.75e-10 s                 ; 2.69e-10 s                 ; Yes                       ; No                        ;
; t[36]         ; 3.0-V LVTTL  ; 0 s                 ; 0 s                 ; 3.15 V                       ; 8.45e-08 V                   ; 3.25 V              ; -0.113 V            ; 0.202 V                              ; 0.316 V                              ; 2.75e-10 s                  ; 2.69e-10 s                  ; Yes                        ; No                         ; 3.15 V                      ; 8.45e-08 V                  ; 3.25 V             ; -0.113 V           ; 0.202 V                             ; 0.316 V                             ; 2.75e-10 s                 ; 2.69e-10 s                 ; Yes                       ; No                        ;
; t[37]         ; 3.0-V LVTTL  ; 0 s                 ; 0 s                 ; 3.15 V                       ; 8.45e-08 V                   ; 3.17 V              ; -0.0153 V           ; 0.272 V                              ; 0.249 V                              ; 2.4e-09 s                   ; 2.3e-09 s                   ; No                         ; Yes                        ; 3.15 V                      ; 8.45e-08 V                  ; 3.17 V             ; -0.0153 V          ; 0.272 V                             ; 0.249 V                             ; 2.4e-09 s                  ; 2.3e-09 s                  ; No                        ; Yes                       ;
; t[38]         ; 3.0-V LVTTL  ; 0 s                 ; 0 s                 ; 3.15 V                       ; 8.45e-08 V                   ; 3.25 V              ; -0.113 V            ; 0.202 V                              ; 0.316 V                              ; 2.75e-10 s                  ; 2.69e-10 s                  ; Yes                        ; No                         ; 3.15 V                      ; 8.45e-08 V                  ; 3.25 V             ; -0.113 V           ; 0.202 V                             ; 0.316 V                             ; 2.75e-10 s                 ; 2.69e-10 s                 ; Yes                       ; No                        ;
; t[39]         ; 3.0-V LVTTL  ; 0 s                 ; 0 s                 ; 3.15 V                       ; 8.45e-08 V                   ; 3.25 V              ; -0.113 V            ; 0.202 V                              ; 0.316 V                              ; 2.75e-10 s                  ; 2.69e-10 s                  ; Yes                        ; No                         ; 3.15 V                      ; 8.45e-08 V                  ; 3.25 V             ; -0.113 V           ; 0.202 V                             ; 0.316 V                             ; 2.75e-10 s                 ; 2.69e-10 s                 ; Yes                       ; No                        ;
; t[40]         ; 3.0-V LVTTL  ; 0 s                 ; 0 s                 ; 3.15 V                       ; 8.45e-08 V                   ; 3.25 V              ; -0.113 V            ; 0.202 V                              ; 0.316 V                              ; 2.75e-10 s                  ; 2.69e-10 s                  ; Yes                        ; No                         ; 3.15 V                      ; 8.45e-08 V                  ; 3.25 V             ; -0.113 V           ; 0.202 V                             ; 0.316 V                             ; 2.75e-10 s                 ; 2.69e-10 s                 ; Yes                       ; No                        ;
; t[41]         ; 3.0-V LVTTL  ; 0 s                 ; 0 s                 ; 3.15 V                       ; 8.45e-08 V                   ; 3.25 V              ; -0.113 V            ; 0.202 V                              ; 0.316 V                              ; 2.75e-10 s                  ; 2.69e-10 s                  ; Yes                        ; No                         ; 3.15 V                      ; 8.45e-08 V                  ; 3.25 V             ; -0.113 V           ; 0.202 V                             ; 0.316 V                             ; 2.75e-10 s                 ; 2.69e-10 s                 ; Yes                       ; No                        ;
; t[42]         ; 3.0-V LVTTL  ; 0 s                 ; 0 s                 ; 3.15 V                       ; 8.45e-08 V                   ; 3.25 V              ; -0.113 V            ; 0.202 V                              ; 0.316 V                              ; 2.75e-10 s                  ; 2.69e-10 s                  ; Yes                        ; No                         ; 3.15 V                      ; 8.45e-08 V                  ; 3.25 V             ; -0.113 V           ; 0.202 V                             ; 0.316 V                             ; 2.75e-10 s                 ; 2.69e-10 s                 ; Yes                       ; No                        ;
; t[43]         ; 3.0-V LVTTL  ; 0 s                 ; 0 s                 ; 3.15 V                       ; 8.45e-08 V                   ; 3.25 V              ; -0.113 V            ; 0.202 V                              ; 0.316 V                              ; 2.75e-10 s                  ; 2.69e-10 s                  ; Yes                        ; No                         ; 3.15 V                      ; 8.45e-08 V                  ; 3.25 V             ; -0.113 V           ; 0.202 V                             ; 0.316 V                             ; 2.75e-10 s                 ; 2.69e-10 s                 ; Yes                       ; No                        ;
; t[44]         ; 3.0-V LVTTL  ; 0 s                 ; 0 s                 ; 3.15 V                       ; 8.45e-08 V                   ; 3.25 V              ; -0.113 V            ; 0.202 V                              ; 0.316 V                              ; 2.75e-10 s                  ; 2.69e-10 s                  ; Yes                        ; No                         ; 3.15 V                      ; 8.45e-08 V                  ; 3.25 V             ; -0.113 V           ; 0.202 V                             ; 0.316 V                             ; 2.75e-10 s                 ; 2.69e-10 s                 ; Yes                       ; No                        ;
; t[45]         ; 3.0-V LVTTL  ; 0 s                 ; 0 s                 ; 3.15 V                       ; 8.45e-08 V                   ; 3.25 V              ; -0.113 V            ; 0.202 V                              ; 0.316 V                              ; 2.75e-10 s                  ; 2.69e-10 s                  ; Yes                        ; No                         ; 3.15 V                      ; 8.45e-08 V                  ; 3.25 V             ; -0.113 V           ; 0.202 V                             ; 0.316 V                             ; 2.75e-10 s                 ; 2.69e-10 s                 ; Yes                       ; No                        ;
; t[46]         ; 3.0-V LVTTL  ; 0 s                 ; 0 s                 ; 3.15 V                       ; 8.45e-08 V                   ; 3.25 V              ; -0.113 V            ; 0.202 V                              ; 0.316 V                              ; 2.75e-10 s                  ; 2.69e-10 s                  ; Yes                        ; No                         ; 3.15 V                      ; 8.45e-08 V                  ; 3.25 V             ; -0.113 V           ; 0.202 V                             ; 0.316 V                             ; 2.75e-10 s                 ; 2.69e-10 s                 ; Yes                       ; No                        ;
; t[47]         ; 3.0-V LVTTL  ; 0 s                 ; 0 s                 ; 3.15 V                       ; 8.45e-08 V                   ; 3.25 V              ; -0.113 V            ; 0.202 V                              ; 0.316 V                              ; 2.75e-10 s                  ; 2.69e-10 s                  ; Yes                        ; No                         ; 3.15 V                      ; 8.45e-08 V                  ; 3.25 V             ; -0.113 V           ; 0.202 V                             ; 0.316 V                             ; 2.75e-10 s                 ; 2.69e-10 s                 ; Yes                       ; No                        ;
; t[48]         ; 3.0-V LVTTL  ; 0 s                 ; 0 s                 ; 3.15 V                       ; 8.45e-08 V                   ; 3.25 V              ; -0.113 V            ; 0.202 V                              ; 0.316 V                              ; 2.75e-10 s                  ; 2.69e-10 s                  ; Yes                        ; No                         ; 3.15 V                      ; 8.45e-08 V                  ; 3.25 V             ; -0.113 V           ; 0.202 V                             ; 0.316 V                             ; 2.75e-10 s                 ; 2.69e-10 s                 ; Yes                       ; No                        ;
; t[49]         ; 3.0-V LVTTL  ; 0 s                 ; 0 s                 ; 3.15 V                       ; 8.45e-08 V                   ; 3.17 V              ; -0.0153 V           ; 0.272 V                              ; 0.249 V                              ; 2.4e-09 s                   ; 2.3e-09 s                   ; No                         ; Yes                        ; 3.15 V                      ; 8.45e-08 V                  ; 3.17 V             ; -0.0153 V          ; 0.272 V                             ; 0.249 V                             ; 2.4e-09 s                  ; 2.3e-09 s                  ; No                        ; Yes                       ;
; blue          ; 3.0-V LVTTL  ; 0 s                 ; 0 s                 ; 3.15 V                       ; 8.45e-08 V                   ; 3.25 V              ; -0.113 V            ; 0.202 V                              ; 0.316 V                              ; 2.75e-10 s                  ; 2.69e-10 s                  ; Yes                        ; No                         ; 3.15 V                      ; 8.45e-08 V                  ; 3.25 V             ; -0.113 V           ; 0.202 V                             ; 0.316 V                             ; 2.75e-10 s                 ; 2.69e-10 s                 ; Yes                       ; No                        ;
; green         ; 3.0-V LVTTL  ; 0 s                 ; 0 s                 ; 3.15 V                       ; 8.45e-08 V                   ; 3.25 V              ; -0.113 V            ; 0.202 V                              ; 0.316 V                              ; 2.75e-10 s                  ; 2.69e-10 s                  ; Yes                        ; No                         ; 3.15 V                      ; 8.45e-08 V                  ; 3.25 V             ; -0.113 V           ; 0.202 V                             ; 0.316 V                             ; 2.75e-10 s                 ; 2.69e-10 s                 ; Yes                       ; No                        ;
; red           ; 3.0-V LVTTL  ; 0 s                 ; 0 s                 ; 3.15 V                       ; 8.45e-08 V                   ; 3.25 V              ; -0.113 V            ; 0.202 V                              ; 0.316 V                              ; 2.75e-10 s                  ; 2.69e-10 s                  ; Yes                        ; No                         ; 3.15 V                      ; 8.45e-08 V                  ; 3.25 V             ; -0.113 V           ; 0.202 V                             ; 0.316 V                             ; 2.75e-10 s                 ; 2.69e-10 s                 ; Yes                       ; No                        ;
; syncout       ; 3.0-V LVTTL  ; 0 s                 ; 0 s                 ; 3.15 V                       ; 5.7e-08 V                    ; 3.17 V              ; -0.0141 V           ; 0.269 V                              ; 0.247 V                              ; 2.4e-09 s                   ; 2.29e-09 s                  ; No                         ; Yes                        ; 3.15 V                      ; 5.7e-08 V                   ; 3.17 V             ; -0.0141 V          ; 0.269 V                             ; 0.247 V                             ; 2.4e-09 s                  ; 2.29e-09 s                 ; No                        ; Yes                       ;
; f_ncs         ; 3.0-V LVTTL  ; 0 s                 ; 0 s                 ; 3.15 V                       ; 1.1e-08 V                    ; 5.13 V              ; -1.1 V              ; 1.9 V                                ; 1.08 V                               ; 6.87e-11 s                  ; 1.21e-10 s                  ; No                         ; No                         ; 3.15 V                      ; 1.1e-08 V                   ; 5.13 V             ; -1.1 V             ; 1.9 V                               ; 1.08 V                              ; 6.87e-11 s                 ; 1.21e-10 s                 ; No                        ; No                        ;
; ~ALTERA_DCLK~ ; 3.0-V LVTTL  ; 0 s                 ; 0 s                 ; 3.15 V                       ; 4.11e-08 V                   ; 3.34 V              ; -0.15 V             ; 0.223 V                              ; 0.183 V                              ; 2.79e-10 s                  ; 2.07e-10 s                  ; No                         ; Yes                        ; 3.15 V                      ; 4.11e-08 V                  ; 3.34 V             ; -0.15 V            ; 0.223 V                             ; 0.183 V                             ; 2.79e-10 s                 ; 2.07e-10 s                 ; No                        ; Yes                       ;
+---------------+--------------+---------------------+---------------------+------------------------------+------------------------------+---------------------+---------------------+--------------------------------------+--------------------------------------+-----------------------------+-----------------------------+----------------------------+----------------------------+-----------------------------+-----------------------------+--------------------+--------------------+-------------------------------------+-------------------------------------+----------------------------+----------------------------+---------------------------+---------------------------+


+---------------------------------------------------------------------------------------------------------------------------------------------------+
; Setup Transfers                                                                                                                                   ;
+-------------------------------------------------+-------------------------------------------------+--------------+----------+----------+----------+
; From Clock                                      ; To Clock                                        ; RR Paths     ; FR Paths ; RF Paths ; FF Paths ;
+-------------------------------------------------+-------------------------------------------------+--------------+----------+----------+----------+
; pll|altpll_component|auto_generated|pll1|clk[0] ; pll|altpll_component|auto_generated|pll1|clk[0] ; > 2147483647 ; 0        ; 0        ; 0        ;
; sck                                             ; pll|altpll_component|auto_generated|pll1|clk[0] ; 174          ; 0        ; 0        ; 0        ;
; sck                                             ; sck                                             ; 46           ; 0        ; 0        ; 0        ;
+-------------------------------------------------+-------------------------------------------------+--------------+----------+----------+----------+
Entries labeled "false path" only account for clock-to-clock false paths and not path-based false paths. As a result, actual path counts may be lower than reported.


+---------------------------------------------------------------------------------------------------------------------------------------------------+
; Hold Transfers                                                                                                                                    ;
+-------------------------------------------------+-------------------------------------------------+--------------+----------+----------+----------+
; From Clock                                      ; To Clock                                        ; RR Paths     ; FR Paths ; RF Paths ; FF Paths ;
+-------------------------------------------------+-------------------------------------------------+--------------+----------+----------+----------+
; pll|altpll_component|auto_generated|pll1|clk[0] ; pll|altpll_component|auto_generated|pll1|clk[0] ; > 2147483647 ; 0        ; 0        ; 0        ;
; sck                                             ; pll|altpll_component|auto_generated|pll1|clk[0] ; 174          ; 0        ; 0        ; 0        ;
; sck                                             ; sck                                             ; 46           ; 0        ; 0        ; 0        ;
+-------------------------------------------------+-------------------------------------------------+--------------+----------+----------+----------+
Entries labeled "false path" only account for clock-to-clock false paths and not path-based false paths. As a result, actual path counts may be lower than reported.


---------------
; Report TCCS ;
---------------
No dedicated SERDES Transmitter circuitry present in device or used in design


---------------
; Report RSKM ;
---------------
No non-DPA dedicated SERDES Receiver circuitry present in device or used in design


+------------------------------------------------+
; Unconstrained Paths Summary                    ;
+---------------------------------+-------+------+
; Property                        ; Setup ; Hold ;
+---------------------------------+-------+------+
; Illegal Clocks                  ; 0     ; 0    ;
; Unconstrained Clocks            ; 0     ; 0    ;
; Unconstrained Input Ports       ; 5     ; 5    ;
; Unconstrained Input Port Paths  ; 981   ; 981  ;
; Unconstrained Output Ports      ; 54    ; 54   ;
; Unconstrained Output Port Paths ; 202   ; 202  ;
+---------------------------------+-------+------+


+-----------------------------------------------------------------------------------------------------------------------------+
; Clock Status Summary                                                                                                        ;
+-------------------------------------------------+-------------------------------------------------+-----------+-------------+
; Target                                          ; Clock                                           ; Type      ; Status      ;
+-------------------------------------------------+-------------------------------------------------+-----------+-------------+
; CLK_24M576                                      ; CLK_24M576                                      ; Base      ; Constrained ;
; pll|altpll_component|auto_generated|pll1|clk[0] ; pll|altpll_component|auto_generated|pll1|clk[0] ; Generated ; Constrained ;
; sck                                             ; sck                                             ; Base      ; Constrained ;
+-------------------------------------------------+-------------------------------------------------+-----------+-------------+


+---------------------------------------------------------------------------------------------------+
; Unconstrained Input Ports                                                                         ;
+------------+--------------------------------------------------------------------------------------+
; Input Port ; Comment                                                                              ;
+------------+--------------------------------------------------------------------------------------+
; left       ; No input delay, min/max delays, false-path exceptions, or max skew assignments found ;
; mosi       ; No input delay, min/max delays, false-path exceptions, or max skew assignments found ;
; ncs        ; No input delay, min/max delays, false-path exceptions, or max skew assignments found ;
; syncin     ; No input delay, min/max delays, false-path exceptions, or max skew assignments found ;
; top        ; No input delay, min/max delays, false-path exceptions, or max skew assignments found ;
+------------+--------------------------------------------------------------------------------------+


+-----------------------------------------------------------------------------------------------------+
; Unconstrained Output Ports                                                                          ;
+-------------+---------------------------------------------------------------------------------------+
; Output Port ; Comment                                                                               ;
+-------------+---------------------------------------------------------------------------------------+
; blue        ; No output delay, min/max delays, false-path exceptions, or max skew assignments found ;
; green       ; No output delay, min/max delays, false-path exceptions, or max skew assignments found ;
; red         ; No output delay, min/max delays, false-path exceptions, or max skew assignments found ;
; syncout     ; No output delay, min/max delays, false-path exceptions, or max skew assignments found ;
; t[0]        ; No output delay, min/max delays, false-path exceptions, or max skew assignments found ;
; t[1]        ; No output delay, min/max delays, false-path exceptions, or max skew assignments found ;
; t[2]        ; No output delay, min/max delays, false-path exceptions, or max skew assignments found ;
; t[3]        ; No output delay, min/max delays, false-path exceptions, or max skew assignments found ;
; t[4]        ; No output delay, min/max delays, false-path exceptions, or max skew assignments found ;
; t[5]        ; No output delay, min/max delays, false-path exceptions, or max skew assignments found ;
; t[6]        ; No output delay, min/max delays, false-path exceptions, or max skew assignments found ;
; t[7]        ; No output delay, min/max delays, false-path exceptions, or max skew assignments found ;
; t[8]        ; No output delay, min/max delays, false-path exceptions, or max skew assignments found ;
; t[9]        ; No output delay, min/max delays, false-path exceptions, or max skew assignments found ;
; t[10]       ; No output delay, min/max delays, false-path exceptions, or max skew assignments found ;
; t[11]       ; No output delay, min/max delays, false-path exceptions, or max skew assignments found ;
; t[12]       ; No output delay, min/max delays, false-path exceptions, or max skew assignments found ;
; t[13]       ; No output delay, min/max delays, false-path exceptions, or max skew assignments found ;
; t[14]       ; No output delay, min/max delays, false-path exceptions, or max skew assignments found ;
; t[15]       ; No output delay, min/max delays, false-path exceptions, or max skew assignments found ;
; t[16]       ; No output delay, min/max delays, false-path exceptions, or max skew assignments found ;
; t[17]       ; No output delay, min/max delays, false-path exceptions, or max skew assignments found ;
; t[18]       ; No output delay, min/max delays, false-path exceptions, or max skew assignments found ;
; t[19]       ; No output delay, min/max delays, false-path exceptions, or max skew assignments found ;
; t[20]       ; No output delay, min/max delays, false-path exceptions, or max skew assignments found ;
; t[21]       ; No output delay, min/max delays, false-path exceptions, or max skew assignments found ;
; t[22]       ; No output delay, min/max delays, false-path exceptions, or max skew assignments found ;
; t[23]       ; No output delay, min/max delays, false-path exceptions, or max skew assignments found ;
; t[24]       ; No output delay, min/max delays, false-path exceptions, or max skew assignments found ;
; t[25]       ; No output delay, min/max delays, false-path exceptions, or max skew assignments found ;
; t[26]       ; No output delay, min/max delays, false-path exceptions, or max skew assignments found ;
; t[27]       ; No output delay, min/max delays, false-path exceptions, or max skew assignments found ;
; t[28]       ; No output delay, min/max delays, false-path exceptions, or max skew assignments found ;
; t[29]       ; No output delay, min/max delays, false-path exceptions, or max skew assignments found ;
; t[30]       ; No output delay, min/max delays, false-path exceptions, or max skew assignments found ;
; t[31]       ; No output delay, min/max delays, false-path exceptions, or max skew assignments found ;
; t[32]       ; No output delay, min/max delays, false-path exceptions, or max skew assignments found ;
; t[33]       ; No output delay, min/max delays, false-path exceptions, or max skew assignments found ;
; t[34]       ; No output delay, min/max delays, false-path exceptions, or max skew assignments found ;
; t[35]       ; No output delay, min/max delays, false-path exceptions, or max skew assignments found ;
; t[36]       ; No output delay, min/max delays, false-path exceptions, or max skew assignments found ;
; t[37]       ; No output delay, min/max delays, false-path exceptions, or max skew assignments found ;
; t[38]       ; No output delay, min/max delays, false-path exceptions, or max skew assignments found ;
; t[39]       ; No output delay, min/max delays, false-path exceptions, or max skew assignments found ;
; t[40]       ; No output delay, min/max delays, false-path exceptions, or max skew assignments found ;
; t[41]       ; No output delay, min/max delays, false-path exceptions, or max skew assignments found ;
; t[42]       ; No output delay, min/max delays, false-path exceptions, or max skew assignments found ;
; t[43]       ; No output delay, min/max delays, false-path exceptions, or max skew assignments found ;
; t[44]       ; No output delay, min/max delays, false-path exceptions, or max skew assignments found ;
; t[45]       ; No output delay, min/max delays, false-path exceptions, or max skew assignments found ;
; t[46]       ; No output delay, min/max delays, false-path exceptions, or max skew assignments found ;
; t[47]       ; No output delay, min/max delays, false-path exceptions, or max skew assignments found ;
; t[48]       ; No output delay, min/max delays, false-path exceptions, or max skew assignments found ;
; t[49]       ; No output delay, min/max delays, false-path exceptions, or max skew assignments found ;
+-------------+---------------------------------------------------------------------------------------+


+---------------------------------------------------------------------------------------------------+
; Unconstrained Input Ports                                                                         ;
+------------+--------------------------------------------------------------------------------------+
; Input Port ; Comment                                                                              ;
+------------+--------------------------------------------------------------------------------------+
; left       ; No input delay, min/max delays, false-path exceptions, or max skew assignments found ;
; mosi       ; No input delay, min/max delays, false-path exceptions, or max skew assignments found ;
; ncs        ; No input delay, min/max delays, false-path exceptions, or max skew assignments found ;
; syncin     ; No input delay, min/max delays, false-path exceptions, or max skew assignments found ;
; top        ; No input delay, min/max delays, false-path exceptions, or max skew assignments found ;
+------------+--------------------------------------------------------------------------------------+


+-----------------------------------------------------------------------------------------------------+
; Unconstrained Output Ports                                                                          ;
+-------------+---------------------------------------------------------------------------------------+
; Output Port ; Comment                                                                               ;
+-------------+---------------------------------------------------------------------------------------+
; blue        ; No output delay, min/max delays, false-path exceptions, or max skew assignments found ;
; green       ; No output delay, min/max delays, false-path exceptions, or max skew assignments found ;
; red         ; No output delay, min/max delays, false-path exceptions, or max skew assignments found ;
; syncout     ; No output delay, min/max delays, false-path exceptions, or max skew assignments found ;
; t[0]        ; No output delay, min/max delays, false-path exceptions, or max skew assignments found ;
; t[1]        ; No output delay, min/max delays, false-path exceptions, or max skew assignments found ;
; t[2]        ; No output delay, min/max delays, false-path exceptions, or max skew assignments found ;
; t[3]        ; No output delay, min/max delays, false-path exceptions, or max skew assignments found ;
; t[4]        ; No output delay, min/max delays, false-path exceptions, or max skew assignments found ;
; t[5]        ; No output delay, min/max delays, false-path exceptions, or max skew assignments found ;
; t[6]        ; No output delay, min/max delays, false-path exceptions, or max skew assignments found ;
; t[7]        ; No output delay, min/max delays, false-path exceptions, or max skew assignments found ;
; t[8]        ; No output delay, min/max delays, false-path exceptions, or max skew assignments found ;
; t[9]        ; No output delay, min/max delays, false-path exceptions, or max skew assignments found ;
; t[10]       ; No output delay, min/max delays, false-path exceptions, or max skew assignments found ;
; t[11]       ; No output delay, min/max delays, false-path exceptions, or max skew assignments found ;
; t[12]       ; No output delay, min/max delays, false-path exceptions, or max skew assignments found ;
; t[13]       ; No output delay, min/max delays, false-path exceptions, or max skew assignments found ;
; t[14]       ; No output delay, min/max delays, false-path exceptions, or max skew assignments found ;
; t[15]       ; No output delay, min/max delays, false-path exceptions, or max skew assignments found ;
; t[16]       ; No output delay, min/max delays, false-path exceptions, or max skew assignments found ;
; t[17]       ; No output delay, min/max delays, false-path exceptions, or max skew assignments found ;
; t[18]       ; No output delay, min/max delays, false-path exceptions, or max skew assignments found ;
; t[19]       ; No output delay, min/max delays, false-path exceptions, or max skew assignments found ;
; t[20]       ; No output delay, min/max delays, false-path exceptions, or max skew assignments found ;
; t[21]       ; No output delay, min/max delays, false-path exceptions, or max skew assignments found ;
; t[22]       ; No output delay, min/max delays, false-path exceptions, or max skew assignments found ;
; t[23]       ; No output delay, min/max delays, false-path exceptions, or max skew assignments found ;
; t[24]       ; No output delay, min/max delays, false-path exceptions, or max skew assignments found ;
; t[25]       ; No output delay, min/max delays, false-path exceptions, or max skew assignments found ;
; t[26]       ; No output delay, min/max delays, false-path exceptions, or max skew assignments found ;
; t[27]       ; No output delay, min/max delays, false-path exceptions, or max skew assignments found ;
; t[28]       ; No output delay, min/max delays, false-path exceptions, or max skew assignments found ;
; t[29]       ; No output delay, min/max delays, false-path exceptions, or max skew assignments found ;
; t[30]       ; No output delay, min/max delays, false-path exceptions, or max skew assignments found ;
; t[31]       ; No output delay, min/max delays, false-path exceptions, or max skew assignments found ;
; t[32]       ; No output delay, min/max delays, false-path exceptions, or max skew assignments found ;
; t[33]       ; No output delay, min/max delays, false-path exceptions, or max skew assignments found ;
; t[34]       ; No output delay, min/max delays, false-path exceptions, or max skew assignments found ;
; t[35]       ; No output delay, min/max delays, false-path exceptions, or max skew assignments found ;
; t[36]       ; No output delay, min/max delays, false-path exceptions, or max skew assignments found ;
; t[37]       ; No output delay, min/max delays, false-path exceptions, or max skew assignments found ;
; t[38]       ; No output delay, min/max delays, false-path exceptions, or max skew assignments found ;
; t[39]       ; No output delay, min/max delays, false-path exceptions, or max skew assignments found ;
; t[40]       ; No output delay, min/max delays, false-path exceptions, or max skew assignments found ;
; t[41]       ; No output delay, min/max delays, false-path exceptions, or max skew assignments found ;
; t[42]       ; No output delay, min/max delays, false-path exceptions, or max skew assignments found ;
; t[43]       ; No output delay, min/max delays, false-path exceptions, or max skew assignments found ;
; t[44]       ; No output delay, min/max delays, false-path exceptions, or max skew assignments found ;
; t[45]       ; No output delay, min/max delays, false-path exceptions, or max skew assignments found ;
; t[46]       ; No output delay, min/max delays, false-path exceptions, or max skew assignments found ;
; t[47]       ; No output delay, min/max delays, false-path exceptions, or max skew assignments found ;
; t[48]       ; No output delay, min/max delays, false-path exceptions, or max skew assignments found ;
; t[49]       ; No output delay, min/max delays, false-path exceptions, or max skew assignments found ;
+-------------+---------------------------------------------------------------------------------------+


+--------------------------+
; Timing Analyzer Messages ;
+--------------------------+
Info: *******************************************************************
Info: Running Quartus Prime Timing Analyzer
    Info: Version 18.1.0 Build 625 09/12/2018 SJ Lite Edition
    Info: Processing started: Fri May 22 10:38:17 2026
Info: Command: quartus_sta holo1 -c holo1
Info: qsta_default_script.tcl version: #1
Warning (18236): Number of processors has not been specified which may cause overloading on shared machines.  Set the global assignment NUM_PARALLEL_PROCESSORS in your QSF to an appropriate value for best performance.
Info (20030): Parallel compilation is enabled and will use 4 of the 4 processors detected
Info (21077): Low junction temperature is 0 degrees C
Info (21077): High junction temperature is 85 degrees C
Critical Warning (332012): Synopsys Design Constraints File file not found: 'holo1.sdc'. A Synopsys Design Constraints File is required by the Timing Analyzer to get proper timing constraints. Without it, the Compiler will not properly optimize the design.
Info (332142): No user constrained generated clocks found in the design. Calling "derive_pll_clocks -create_base_clocks"
Info (332110): Deriving PLL clocks
    Info (332110): create_clock -period 40.690 -waveform {0.000 20.345} -name CLK_24M576 CLK_24M576
    Info (332110): create_generated_clock -source {pll|altpll_component|auto_generated|pll1|inclk[0]} -divide_by 6 -multiply_by 5 -duty_cycle 50.00 -name {pll|altpll_component|auto_generated|pll1|clk[0]} {pll|altpll_component|auto_generated|pll1|clk[0]}
Info (332142): No user constrained base clocks found in the design. Calling "derive_clocks -period 1.0"
Info (332105): Deriving Clocks
    Info (332105): create_clock -period 1.000 -name sck sck
Info (332143): No user constrained clock uncertainty found in the design. Calling "derive_clock_uncertainty"
Info (332123): Deriving Clock Uncertainty. Please refer to report_sdc in the Timing Analyzer to see clock uncertainties.
Info: Found TIMING_ANALYZER_REPORT_SCRIPT_INCLUDE_DEFAULT_ANALYSIS = ON
Info: Analyzing Slow 1200mV 85C Model
Critical Warning (332148): Timing requirements not met
    Info (11105): For recommendations on closing timing, run Report Timing Closure Recommendations in the Timing Analyzer.
Info (332146): Worst-case setup slack is -11.814
    Info (332119):     Slack       End Point TNS Clock 
    Info (332119): ========= =================== =====================
    Info (332119):   -11.814            -891.868 pll|altpll_component|auto_generated|pll1|clk[0] 
    Info (332119):    -1.358             -12.552 sck 
Info (332146): Worst-case hold slack is 0.415
    Info (332119):     Slack       End Point TNS Clock 
    Info (332119): ========= =================== =====================
    Info (332119):     0.415               0.000 pll|altpll_component|auto_generated|pll1|clk[0] 
    Info (332119):     0.453               0.000 sck 
Info (332140): No Recovery paths to report
Info (332140): No Removal paths to report
Info (332146): Worst-case minimum pulse width slack is -3.000
    Info (332119):     Slack       End Point TNS Clock 
    Info (332119): ========= =================== =====================
    Info (332119):    -3.000             -31.253 sck 
    Info (332119):    20.217               0.000 CLK_24M576 
    Info (332119):    23.918               0.000 pll|altpll_component|auto_generated|pll1|clk[0] 
Info (332114): Report Metastability: Found 57 synchronizer chains.
    Info (332114): The design MTBF is not calculated because there are no specified synchronizers in the design.
    Info (332114): Number of Synchronizer Chains Found: 57
    Info (332114): Shortest Synchronizer Chain: 2 Registers
    Info (332114): Fraction of Chains for which MTBFs Could Not be Calculated: 1.000
    Info (332114): Worst Case Available Settling Time: 85.476 ns
    Info (332114): 
Info: Analyzing Slow 1200mV 0C Model
Info (334003): Started post-fitting delay annotation
Info (334004): Delay annotation completed successfully
Info (332123): Deriving Clock Uncertainty. Please refer to report_sdc in the Timing Analyzer to see clock uncertainties.
Critical Warning (332148): Timing requirements not met
    Info (11105): For recommendations on closing timing, run Report Timing Closure Recommendations in the Timing Analyzer.
Info (332146): Worst-case setup slack is -6.434
    Info (332119):     Slack       End Point TNS Clock 
    Info (332119): ========= =================== =====================
    Info (332119):    -6.434            -748.505 pll|altpll_component|auto_generated|pll1|clk[0] 
    Info (332119):    -1.209             -10.856 sck 
Info (332146): Worst-case hold slack is 0.401
    Info (332119):     Slack       End Point TNS Clock 
    Info (332119): ========= =================== =====================
    Info (332119):     0.401               0.000 pll|altpll_component|auto_generated|pll1|clk[0] 
    Info (332119):     0.403               0.000 sck 
Info (332140): No Recovery paths to report
Info (332140): No Removal paths to report
Info (332146): Worst-case minimum pulse width slack is -3.000
    Info (332119):     Slack       End Point TNS Clock 
    Info (332119): ========= =================== =====================
    Info (332119):    -3.000             -31.253 sck 
    Info (332119):    20.215               0.000 CLK_24M576 
    Info (332119):    23.945               0.000 pll|altpll_component|auto_generated|pll1|clk[0] 
Info (332114): Report Metastability: Found 57 synchronizer chains.
    Info (332114): The design MTBF is not calculated because there are no specified synchronizers in the design.
    Info (332114): Number of Synchronizer Chains Found: 57
    Info (332114): Shortest Synchronizer Chain: 2 Registers
    Info (332114): Fraction of Chains for which MTBFs Could Not be Calculated: 1.000
    Info (332114): Worst Case Available Settling Time: 86.045 ns
    Info (332114): 
Info: Analyzing Fast 1200mV 0C Model
Info (332123): Deriving Clock Uncertainty. Please refer to report_sdc in the Timing Analyzer to see clock uncertainties.
Critical Warning (332148): Timing requirements not met
    Info (11105): For recommendations on closing timing, run Report Timing Closure Recommendations in the Timing Analyzer.
Info (332146): Worst-case setup slack is -2.578
    Info (332119):     Slack       End Point TNS Clock 
    Info (332119): ========= =================== =====================
    Info (332119):    -2.578            -377.581 pll|altpll_component|auto_generated|pll1|clk[0] 
    Info (332119):    -0.010              -0.080 sck 
Info (332146): Worst-case hold slack is 0.137
    Info (332119):     Slack       End Point TNS Clock 
    Info (332119): ========= =================== =====================
    Info (332119):     0.137               0.000 pll|altpll_component|auto_generated|pll1|clk[0] 
    Info (332119):     0.187               0.000 sck 
Info (332140): No Recovery paths to report
Info (332140): No Removal paths to report
Info (332146): Worst-case minimum pulse width slack is -3.000
    Info (332119):     Slack       End Point TNS Clock 
    Info (332119): ========= =================== =====================
    Info (332119):    -3.000             -25.777 sck 
    Info (332119):    19.828               0.000 CLK_24M576 
    Info (332119):    24.119               0.000 pll|altpll_component|auto_generated|pll1|clk[0] 
Info (332114): Report Metastability: Found 57 synchronizer chains.
    Info (332114): The design MTBF is not calculated because there are no specified synchronizers in the design.
    Info (332114): Number of Synchronizer Chains Found: 57
    Info (332114): Shortest Synchronizer Chain: 2 Registers
    Info (332114): Fraction of Chains for which MTBFs Could Not be Calculated: 1.000
    Info (332114): Worst Case Available Settling Time: 92.231 ns
    Info (332114): 
Info (332102): Design is not fully constrained for setup requirements
Info (332102): Design is not fully constrained for hold requirements
Info: Quartus Prime Timing Analyzer was successful. 0 errors, 5 warnings
    Info: Peak virtual memory: 4837 megabytes
    Info: Processing ended: Fri May 22 10:38:21 2026
    Info: Elapsed time: 00:00:04
    Info: Total CPU time (on all processors): 00:00:05


