Fitter report for holo1
Fri May 22 10:38:12 2026
Quartus Prime Version 18.1.0 Build 625 09/12/2018 SJ Lite Edition


---------------------
; Table of Contents ;
---------------------
  1. Legal Notice
  2. Fitter Summary
  3. Fitter Settings
  4. Parallel Compilation
  5. Fitter Netlist Optimizations
  6. Ignored Assignments
  7. Incremental Compilation Preservation Summary
  8. Incremental Compilation Partition Settings
  9. Incremental Compilation Placement Preservation
 10. Pin-Out File
 11. Fitter Resource Usage Summary
 12. Fitter Partition Statistics
 13. Input Pins
 14. Output Pins
 15. Dual Purpose and Dedicated Pins
 16. I/O Bank Usage
 17. All Package Pins
 18. PLL Summary
 19. PLL Usage
 20. I/O Assignment Warnings
 21. Fitter Resource Utilization by Entity
 22. Delay Chain Summary
 23. Pad To Core Delay Chain Fanout
 24. Control Signals
 25. Global & Other Fast Signals
 26. Fitter RAM Summary
 27. Fitter DSP Block Usage Summary
 28. DSP Block Details
 29. Routing Usage Summary
 30. LAB Logic Elements
 31. LAB-wide Signals
 32. LAB Signals Sourced
 33. LAB Signals Sourced Out
 34. LAB Distinct Inputs
 35. I/O Rules Summary
 36. I/O Rules Details
 37. I/O Rules Matrix
 38. Fitter Device Options
 39. Operating Settings and Conditions
 40. Estimated Delay Added for Hold Timing Summary
 41. Estimated Delay Added for Hold Timing Details
 42. Fitter Messages
 43. Fitter Suppressed Messages



----------------
; Legal Notice ;
----------------
Copyright (C) 2018  Intel Corporation. All rights reserved.
Your use of Intel Corporation's design tools, logic functions 
and other software and tools, and its AMPP partner logic 
functions, and any output files from any of the foregoing 
(including device programming or simulation files), and any 
associated documentation or information are expressly subject 
to the terms and conditions of the Intel Program License 
Subscription Agreement, the Intel Quartus Prime License Agreement,
the Intel FPGA IP License Agreement, or other applicable license
agreement, including, without limitation, that your use is for
the sole purpose of programming logic devices manufactured by
Intel and sold by Intel or its authorized distributors.  Please
refer to the applicable agreement for further details.



+----------------------------------------------------------------------------------+
; Fitter Summary                                                                   ;
+------------------------------------+---------------------------------------------+
; Fitter Status                      ; Successful - Fri May 22 10:38:12 2026       ;
; Quartus Prime Version              ; 18.1.0 Build 625 09/12/2018 SJ Lite Edition ;
; Revision Name                      ; holo1                                       ;
; Top-level Entity Name              ; HoloTop                                     ;
; Family                             ; Cyclone 10 LP                               ;
; Device                             ; 10CL010YE144C8G                             ;
; Timing Models                      ; Final                                       ;
; Total logic elements               ; 6,198 / 10,320 ( 60 % )                     ;
;     Total combinational functions  ; 4,460 / 10,320 ( 43 % )                     ;
;     Dedicated logic registers      ; 4,187 / 10,320 ( 41 % )                     ;
; Total registers                    ; 4187                                        ;
; Total pins                         ; 65 / 89 ( 73 % )                            ;
; Total virtual pins                 ; 0                                           ;
; Total memory bits                  ; 376,832 / 423,936 ( 89 % )                  ;
; Embedded Multiplier 9-bit elements ; 32 / 46 ( 70 % )                            ;
; Total PLLs                         ; 1 / 2 ( 50 % )                              ;
+------------------------------------+---------------------------------------------+


+----------------------------------------------------------------------------------------------------------------------------------------------------+
; Fitter Settings                                                                                                                                    ;
+--------------------------------------------------------------------+---------------------------------------+---------------------------------------+
; Option                                                             ; Setting                               ; Default Value                         ;
+--------------------------------------------------------------------+---------------------------------------+---------------------------------------+
; Device                                                             ; 10CL010YE144C8G                       ;                                       ;
; Use smart compilation                                              ; On                                    ; Off                                   ;
; Nominal Core Supply Voltage                                        ; 1.2V                                  ;                                       ;
; Minimum Core Junction Temperature                                  ; 0                                     ;                                       ;
; Maximum Core Junction Temperature                                  ; 85                                    ;                                       ;
; Router Timing Optimization Level                                   ; MAXIMUM                               ; Normal                                ;
; Placement Effort Multiplier                                        ; 4.0                                   ; 1.0                                   ;
; Fit Attempts to Skip                                               ; 0                                     ; 0.0                                   ;
; Device I/O Standard                                                ; 3.0-V LVTTL                           ;                                       ;
; Perform Physical Synthesis for Combinational Logic for Performance ; On                                    ; Off                                   ;
; Perform Register Retiming for Performance                          ; On                                    ; Off                                   ;
; Fitter Effort                                                      ; Standard Fit                          ; Auto Fit                              ;
; Enable parallel Assembler and Timing Analyzer during compilation   ; On                                    ; On                                    ;
; Enable compact report table                                        ; Off                                   ; Off                                   ;
; Auto Merge PLLs                                                    ; On                                    ; On                                    ;
; Perform Clocking Topology Analysis During Routing                  ; Off                                   ; Off                                   ;
; Router Effort Multiplier                                           ; 1.0                                   ; 1.0                                   ;
; Optimize Hold Timing                                               ; All Paths                             ; All Paths                             ;
; Optimize Multi-Corner Timing                                       ; On                                    ; On                                    ;
; Power Optimization During Fitting                                  ; Normal compilation                    ; Normal compilation                    ;
; SSN Optimization                                                   ; Off                                   ; Off                                   ;
; Optimize Timing                                                    ; Normal compilation                    ; Normal compilation                    ;
; Optimize Timing for ECOs                                           ; Off                                   ; Off                                   ;
; Regenerate Full Fit Report During ECO Compiles                     ; Off                                   ; Off                                   ;
; Optimize IOC Register Placement for Timing                         ; Normal                                ; Normal                                ;
; Limit to One Fitting Attempt                                       ; Off                                   ; Off                                   ;
; Final Placement Optimizations                                      ; Automatically                         ; Automatically                         ;
; Fitter Aggressive Routability Optimizations                        ; Automatically                         ; Automatically                         ;
; Fitter Initial Placement Seed                                      ; 1                                     ; 1                                     ;
; Periphery to Core Placement and Routing Optimization               ; Off                                   ; Off                                   ;
; PCI I/O                                                            ; Off                                   ; Off                                   ;
; Weak Pull-Up Resistor                                              ; Off                                   ; Off                                   ;
; Enable Bus-Hold Circuitry                                          ; Off                                   ; Off                                   ;
; Auto Packed Registers                                              ; Auto                                  ; Auto                                  ;
; Auto Delay Chains                                                  ; On                                    ; On                                    ;
; Auto Delay Chains for High Fanout Input Pins                       ; Off                                   ; Off                                   ;
; Allow Single-ended Buffer for Differential-XSTL Input              ; Off                                   ; Off                                   ;
; Treat Bidirectional Pin as Output Pin                              ; Off                                   ; Off                                   ;
; Perform Physical Synthesis for Combinational Logic for Fitting     ; Off                                   ; Off                                   ;
; Perform Register Duplication for Performance                       ; Off                                   ; Off                                   ;
; Perform Logic to Memory Mapping for Fitting                        ; Off                                   ; Off                                   ;
; Perform Asynchronous Signal Pipelining                             ; Off                                   ; Off                                   ;
; Physical Synthesis Effort Level                                    ; Normal                                ; Normal                                ;
; Logic Cell Insertion - Logic Duplication                           ; Auto                                  ; Auto                                  ;
; Auto Register Duplication                                          ; Auto                                  ; Auto                                  ;
; Auto Global Clock                                                  ; On                                    ; On                                    ;
; Auto Global Register Control Signals                               ; On                                    ; On                                    ;
; Reserve all unused pins                                            ; As input tri-stated with weak pull-up ; As input tri-stated with weak pull-up ;
; Synchronizer Identification                                        ; Auto                                  ; Auto                                  ;
; Enable Beneficial Skew Optimization                                ; On                                    ; On                                    ;
; Optimize Design for Metastability                                  ; On                                    ; On                                    ;
; Force Fitter to Avoid Periphery Placement Warnings                 ; Off                                   ; Off                                   ;
; Enable input tri-state on active configuration pins in user mode   ; Off                                   ; Off                                   ;
+--------------------------------------------------------------------+---------------------------------------+---------------------------------------+


+------------------------------------------+
; Parallel Compilation                     ;
+----------------------------+-------------+
; Processors                 ; Number      ;
+----------------------------+-------------+
; Number detected on machine ; 8           ;
; Maximum allowed            ; 4           ;
;                            ;             ;
; Average used               ; 1.27        ;
; Maximum used               ; 4           ;
;                            ;             ;
; Usage by Processor         ; % Time Used ;
;     Processor 1            ; 100.0%      ;
;     Processor 2            ;   9.1%      ;
;     Processor 3            ;   8.9%      ;
;     Processor 4            ;   8.5%      ;
+----------------------------+-------------+


+----------------------------------------------------------------------------------------------------------------------------------------------------------------------------------------------------------------------------------------------------------------------------------------------------------------------------------------------------------------------------------------------------------------------------------+
; Fitter Netlist Optimizations                                                                                                                                                                                                                                                                                                                                                                                                     ;
+--------------------------------------------------------------------------------------------------------------------------------+-----------------+------------------+---------------------+-----------+----------------+--------------------------------------------------------------------------------------------------------------------------------------------------------------+------------------+-----------------------+
; Node                                                                                                                           ; Action          ; Operation        ; Reason              ; Node Port ; Node Port Name ; Destination Node                                                                                                                                             ; Destination Port ; Destination Port Name ;
+--------------------------------------------------------------------------------------------------------------------------------+-----------------+------------------+---------------------+-----------+----------------+--------------------------------------------------------------------------------------------------------------------------------------------------------------+------------------+-----------------------+
; Holo:holo|CalcPhase:calcPhase|MultK:multKop|MultK_altfp_mult_mrn:MultK_altfp_mult_mrn_component|man_result_ff[0]               ; Packed Register ; Register Packing ; Timing optimization ; Q         ;                ; Holo:holo|CalcPhase:calcPhase|MultK:scaleOp|MultK_altfp_mult_mrn:MultK_altfp_mult_mrn_component|lpm_mult:man_product2_mult|mult_ujs:auto_generated|mac_mult3 ; DATAA            ;                       ;
; Holo:holo|CalcPhase:calcPhase|MultK:multKop|MultK_altfp_mult_mrn:MultK_altfp_mult_mrn_component|man_result_ff[0]               ; Duplicated      ; Register Packing ; Timing optimization ; Q         ;                ; Holo:holo|CalcPhase:calcPhase|MultK:multKop|MultK_altfp_mult_mrn:MultK_altfp_mult_mrn_component|man_result_ff[0]~_Duplicate_1                                ; Q                ;                       ;
; Holo:holo|CalcPhase:calcPhase|MultK:multKop|MultK_altfp_mult_mrn:MultK_altfp_mult_mrn_component|man_result_ff[0]~_Duplicate_1  ; Packed Register ; Register Packing ; Timing optimization ; Q         ;                ; Holo:holo|CalcPhase:calcPhase|MultK:scaleOp|MultK_altfp_mult_mrn:MultK_altfp_mult_mrn_component|lpm_mult:man_product2_mult|mult_ujs:auto_generated|mac_mult1 ; DATAA            ;                       ;
; Holo:holo|CalcPhase:calcPhase|MultK:multKop|MultK_altfp_mult_mrn:MultK_altfp_mult_mrn_component|man_result_ff[0]~_Duplicate_1  ; Duplicated      ; Register Packing ; Timing optimization ; Q         ;                ; Holo:holo|CalcPhase:calcPhase|MultK:multKop|MultK_altfp_mult_mrn:MultK_altfp_mult_mrn_component|man_result_ff[0]~_Duplicate_2                                ; Q                ;                       ;
; Holo:holo|CalcPhase:calcPhase|MultK:multKop|MultK_altfp_mult_mrn:MultK_altfp_mult_mrn_component|man_result_ff[1]               ; Packed Register ; Register Packing ; Timing optimization ; Q         ;                ; Holo:holo|CalcPhase:calcPhase|MultK:scaleOp|MultK_altfp_mult_mrn:MultK_altfp_mult_mrn_component|lpm_mult:man_product2_mult|mult_ujs:auto_generated|mac_mult3 ; DATAA            ;                       ;
; Holo:holo|CalcPhase:calcPhase|MultK:multKop|MultK_altfp_mult_mrn:MultK_altfp_mult_mrn_component|man_result_ff[1]               ; Duplicated      ; Register Packing ; Timing optimization ; Q         ;                ; Holo:holo|CalcPhase:calcPhase|MultK:multKop|MultK_altfp_mult_mrn:MultK_altfp_mult_mrn_component|man_result_ff[1]~_Duplicate_1                                ; Q                ;                       ;
; Holo:holo|CalcPhase:calcPhase|MultK:multKop|MultK_altfp_mult_mrn:MultK_altfp_mult_mrn_component|man_result_ff[1]~_Duplicate_1  ; Packed Register ; Register Packing ; Timing optimization ; Q         ;                ; Holo:holo|CalcPhase:calcPhase|MultK:scaleOp|MultK_altfp_mult_mrn:MultK_altfp_mult_mrn_component|lpm_mult:man_product2_mult|mult_ujs:auto_generated|mac_mult1 ; DATAA            ;                       ;
; Holo:holo|CalcPhase:calcPhase|MultK:multKop|MultK_altfp_mult_mrn:MultK_altfp_mult_mrn_component|man_result_ff[1]~_Duplicate_1  ; Duplicated      ; Register Packing ; Timing optimization ; Q         ;                ; Holo:holo|CalcPhase:calcPhase|MultK:multKop|MultK_altfp_mult_mrn:MultK_altfp_mult_mrn_component|man_result_ff[1]~_Duplicate_2                                ; Q                ;                       ;
; Holo:holo|CalcPhase:calcPhase|MultK:multKop|MultK_altfp_mult_mrn:MultK_altfp_mult_mrn_component|man_result_ff[2]               ; Packed Register ; Register Packing ; Timing optimization ; Q         ;                ; Holo:holo|CalcPhase:calcPhase|MultK:scaleOp|MultK_altfp_mult_mrn:MultK_altfp_mult_mrn_component|lpm_mult:man_product2_mult|mult_ujs:auto_generated|mac_mult3 ; DATAA            ;                       ;
; Holo:holo|CalcPhase:calcPhase|MultK:multKop|MultK_altfp_mult_mrn:MultK_altfp_mult_mrn_component|man_result_ff[2]               ; Duplicated      ; Register Packing ; Timing optimization ; Q         ;                ; Holo:holo|CalcPhase:calcPhase|MultK:multKop|MultK_altfp_mult_mrn:MultK_altfp_mult_mrn_component|man_result_ff[2]~_Duplicate_1                                ; Q                ;                       ;
; Holo:holo|CalcPhase:calcPhase|MultK:multKop|MultK_altfp_mult_mrn:MultK_altfp_mult_mrn_component|man_result_ff[2]~_Duplicate_1  ; Packed Register ; Register Packing ; Timing optimization ; Q         ;                ; Holo:holo|CalcPhase:calcPhase|MultK:scaleOp|MultK_altfp_mult_mrn:MultK_altfp_mult_mrn_component|lpm_mult:man_product2_mult|mult_ujs:auto_generated|mac_mult1 ; DATAA            ;                       ;
; Holo:holo|CalcPhase:calcPhase|MultK:multKop|MultK_altfp_mult_mrn:MultK_altfp_mult_mrn_component|man_result_ff[2]~_Duplicate_1  ; Duplicated      ; Register Packing ; Timing optimization ; Q         ;                ; Holo:holo|CalcPhase:calcPhase|MultK:multKop|MultK_altfp_mult_mrn:MultK_altfp_mult_mrn_component|man_result_ff[2]~_Duplicate_2                                ; Q                ;                       ;
; Holo:holo|CalcPhase:calcPhase|MultK:multKop|MultK_altfp_mult_mrn:MultK_altfp_mult_mrn_component|man_result_ff[3]               ; Packed Register ; Register Packing ; Timing optimization ; Q         ;                ; Holo:holo|CalcPhase:calcPhase|MultK:scaleOp|MultK_altfp_mult_mrn:MultK_altfp_mult_mrn_component|lpm_mult:man_product2_mult|mult_ujs:auto_generated|mac_mult3 ; DATAA            ;                       ;
; Holo:holo|CalcPhase:calcPhase|MultK:multKop|MultK_altfp_mult_mrn:MultK_altfp_mult_mrn_component|man_result_ff[3]               ; Duplicated      ; Register Packing ; Timing optimization ; Q         ;                ; Holo:holo|CalcPhase:calcPhase|MultK:multKop|MultK_altfp_mult_mrn:MultK_altfp_mult_mrn_component|man_result_ff[3]~_Duplicate_1                                ; Q                ;                       ;
; Holo:holo|CalcPhase:calcPhase|MultK:multKop|MultK_altfp_mult_mrn:MultK_altfp_mult_mrn_component|man_result_ff[3]~_Duplicate_1  ; Packed Register ; Register Packing ; Timing optimization ; Q         ;                ; Holo:holo|CalcPhase:calcPhase|MultK:scaleOp|MultK_altfp_mult_mrn:MultK_altfp_mult_mrn_component|lpm_mult:man_product2_mult|mult_ujs:auto_generated|mac_mult1 ; DATAA            ;                       ;
; Holo:holo|CalcPhase:calcPhase|MultK:multKop|MultK_altfp_mult_mrn:MultK_altfp_mult_mrn_component|man_result_ff[3]~_Duplicate_1  ; Duplicated      ; Register Packing ; Timing optimization ; Q         ;                ; Holo:holo|CalcPhase:calcPhase|MultK:multKop|MultK_altfp_mult_mrn:MultK_altfp_mult_mrn_component|man_result_ff[3]~_Duplicate_2                                ; Q                ;                       ;
; Holo:holo|CalcPhase:calcPhase|MultK:multKop|MultK_altfp_mult_mrn:MultK_altfp_mult_mrn_component|man_result_ff[4]               ; Packed Register ; Register Packing ; Timing optimization ; Q         ;                ; Holo:holo|CalcPhase:calcPhase|MultK:scaleOp|MultK_altfp_mult_mrn:MultK_altfp_mult_mrn_component|lpm_mult:man_product2_mult|mult_ujs:auto_generated|mac_mult3 ; DATAA            ;                       ;
; Holo:holo|CalcPhase:calcPhase|MultK:multKop|MultK_altfp_mult_mrn:MultK_altfp_mult_mrn_component|man_result_ff[4]               ; Duplicated      ; Register Packing ; Timing optimization ; Q         ;                ; Holo:holo|CalcPhase:calcPhase|MultK:multKop|MultK_altfp_mult_mrn:MultK_altfp_mult_mrn_component|man_result_ff[4]~_Duplicate_1                                ; Q                ;                       ;
; Holo:holo|CalcPhase:calcPhase|MultK:multKop|MultK_altfp_mult_mrn:MultK_altfp_mult_mrn_component|man_result_ff[4]~_Duplicate_1  ; Packed Register ; Register Packing ; Timing optimization ; Q         ;                ; Holo:holo|CalcPhase:calcPhase|MultK:scaleOp|MultK_altfp_mult_mrn:MultK_altfp_mult_mrn_component|lpm_mult:man_product2_mult|mult_ujs:auto_generated|mac_mult1 ; DATAA            ;                       ;
; Holo:holo|CalcPhase:calcPhase|MultK:multKop|MultK_altfp_mult_mrn:MultK_altfp_mult_mrn_component|man_result_ff[4]~_Duplicate_1  ; Duplicated      ; Register Packing ; Timing optimization ; Q         ;                ; Holo:holo|CalcPhase:calcPhase|MultK:multKop|MultK_altfp_mult_mrn:MultK_altfp_mult_mrn_component|man_result_ff[4]~_Duplicate_2                                ; Q                ;                       ;
; Holo:holo|CalcPhase:calcPhase|MultK:multKop|MultK_altfp_mult_mrn:MultK_altfp_mult_mrn_component|man_result_ff[5]               ; Packed Register ; Register Packing ; Timing optimization ; Q         ;                ; Holo:holo|CalcPhase:calcPhase|MultK:scaleOp|MultK_altfp_mult_mrn:MultK_altfp_mult_mrn_component|lpm_mult:man_product2_mult|mult_ujs:auto_generated|mac_mult3 ; DATAA            ;                       ;
; Holo:holo|CalcPhase:calcPhase|MultK:multKop|MultK_altfp_mult_mrn:MultK_altfp_mult_mrn_component|man_result_ff[5]               ; Duplicated      ; Register Packing ; Timing optimization ; Q         ;                ; Holo:holo|CalcPhase:calcPhase|MultK:multKop|MultK_altfp_mult_mrn:MultK_altfp_mult_mrn_component|man_result_ff[5]~_Duplicate_1                                ; Q                ;                       ;
; Holo:holo|CalcPhase:calcPhase|MultK:multKop|MultK_altfp_mult_mrn:MultK_altfp_mult_mrn_component|man_result_ff[5]~_Duplicate_1  ; Packed Register ; Register Packing ; Timing optimization ; Q         ;                ; Holo:holo|CalcPhase:calcPhase|MultK:scaleOp|MultK_altfp_mult_mrn:MultK_altfp_mult_mrn_component|lpm_mult:man_product2_mult|mult_ujs:auto_generated|mac_mult1 ; DATAA            ;                       ;
; Holo:holo|CalcPhase:calcPhase|MultK:multKop|MultK_altfp_mult_mrn:MultK_altfp_mult_mrn_component|man_result_ff[5]~_Duplicate_1  ; Duplicated      ; Register Packing ; Timing optimization ; Q         ;                ; Holo:holo|CalcPhase:calcPhase|MultK:multKop|MultK_altfp_mult_mrn:MultK_altfp_mult_mrn_component|man_result_ff[5]~_Duplicate_2                                ; Q                ;                       ;
; Holo:holo|CalcPhase:calcPhase|MultK:multKop|MultK_altfp_mult_mrn:MultK_altfp_mult_mrn_component|man_result_ff[6]               ; Packed Register ; Register Packing ; Timing optimization ; Q         ;                ; Holo:holo|CalcPhase:calcPhase|MultK:scaleOp|MultK_altfp_mult_mrn:MultK_altfp_mult_mrn_component|lpm_mult:man_product2_mult|mult_ujs:auto_generated|mac_mult3 ; DATAA            ;                       ;
; Holo:holo|CalcPhase:calcPhase|MultK:multKop|MultK_altfp_mult_mrn:MultK_altfp_mult_mrn_component|man_result_ff[6]               ; Duplicated      ; Register Packing ; Timing optimization ; Q         ;                ; Holo:holo|CalcPhase:calcPhase|MultK:multKop|MultK_altfp_mult_mrn:MultK_altfp_mult_mrn_component|man_result_ff[6]~_Duplicate_1                                ; Q                ;                       ;
; Holo:holo|CalcPhase:calcPhase|MultK:multKop|MultK_altfp_mult_mrn:MultK_altfp_mult_mrn_component|man_result_ff[6]~_Duplicate_1  ; Packed Register ; Register Packing ; Timing optimization ; Q         ;                ; Holo:holo|CalcPhase:calcPhase|MultK:scaleOp|MultK_altfp_mult_mrn:MultK_altfp_mult_mrn_component|lpm_mult:man_product2_mult|mult_ujs:auto_generated|mac_mult1 ; DATAA            ;                       ;
; Holo:holo|CalcPhase:calcPhase|MultK:multKop|MultK_altfp_mult_mrn:MultK_altfp_mult_mrn_component|man_result_ff[6]~_Duplicate_1  ; Duplicated      ; Register Packing ; Timing optimization ; Q         ;                ; Holo:holo|CalcPhase:calcPhase|MultK:multKop|MultK_altfp_mult_mrn:MultK_altfp_mult_mrn_component|man_result_ff[6]~_Duplicate_2                                ; Q                ;                       ;
; Holo:holo|CalcPhase:calcPhase|MultK:multKop|MultK_altfp_mult_mrn:MultK_altfp_mult_mrn_component|man_result_ff[7]               ; Packed Register ; Register Packing ; Timing optimization ; Q         ;                ; Holo:holo|CalcPhase:calcPhase|MultK:scaleOp|MultK_altfp_mult_mrn:MultK_altfp_mult_mrn_component|lpm_mult:man_product2_mult|mult_ujs:auto_generated|mac_mult3 ; DATAA            ;                       ;
; Holo:holo|CalcPhase:calcPhase|MultK:multKop|MultK_altfp_mult_mrn:MultK_altfp_mult_mrn_component|man_result_ff[7]               ; Duplicated      ; Register Packing ; Timing optimization ; Q         ;                ; Holo:holo|CalcPhase:calcPhase|MultK:multKop|MultK_altfp_mult_mrn:MultK_altfp_mult_mrn_component|man_result_ff[7]~_Duplicate_1                                ; Q                ;                       ;
; Holo:holo|CalcPhase:calcPhase|MultK:multKop|MultK_altfp_mult_mrn:MultK_altfp_mult_mrn_component|man_result_ff[7]~_Duplicate_1  ; Packed Register ; Register Packing ; Timing optimization ; Q         ;                ; Holo:holo|CalcPhase:calcPhase|MultK:scaleOp|MultK_altfp_mult_mrn:MultK_altfp_mult_mrn_component|lpm_mult:man_product2_mult|mult_ujs:auto_generated|mac_mult1 ; DATAA            ;                       ;
; Holo:holo|CalcPhase:calcPhase|MultK:multKop|MultK_altfp_mult_mrn:MultK_altfp_mult_mrn_component|man_result_ff[7]~_Duplicate_1  ; Duplicated      ; Register Packing ; Timing optimization ; Q         ;                ; Holo:holo|CalcPhase:calcPhase|MultK:multKop|MultK_altfp_mult_mrn:MultK_altfp_mult_mrn_component|man_result_ff[7]~_Duplicate_2                                ; Q                ;                       ;
; Holo:holo|CalcPhase:calcPhase|MultK:multKop|MultK_altfp_mult_mrn:MultK_altfp_mult_mrn_component|man_result_ff[8]               ; Packed Register ; Register Packing ; Timing optimization ; Q         ;                ; Holo:holo|CalcPhase:calcPhase|MultK:scaleOp|MultK_altfp_mult_mrn:MultK_altfp_mult_mrn_component|lpm_mult:man_product2_mult|mult_ujs:auto_generated|mac_mult3 ; DATAA            ;                       ;
; Holo:holo|CalcPhase:calcPhase|MultK:multKop|MultK_altfp_mult_mrn:MultK_altfp_mult_mrn_component|man_result_ff[8]               ; Duplicated      ; Register Packing ; Timing optimization ; Q         ;                ; Holo:holo|CalcPhase:calcPhase|MultK:multKop|MultK_altfp_mult_mrn:MultK_altfp_mult_mrn_component|man_result_ff[8]~_Duplicate_1                                ; Q                ;                       ;
; Holo:holo|CalcPhase:calcPhase|MultK:multKop|MultK_altfp_mult_mrn:MultK_altfp_mult_mrn_component|man_result_ff[8]~_Duplicate_1  ; Packed Register ; Register Packing ; Timing optimization ; Q         ;                ; Holo:holo|CalcPhase:calcPhase|MultK:scaleOp|MultK_altfp_mult_mrn:MultK_altfp_mult_mrn_component|lpm_mult:man_product2_mult|mult_ujs:auto_generated|mac_mult1 ; DATAA            ;                       ;
; Holo:holo|CalcPhase:calcPhase|MultK:multKop|MultK_altfp_mult_mrn:MultK_altfp_mult_mrn_component|man_result_ff[8]~_Duplicate_1  ; Duplicated      ; Register Packing ; Timing optimization ; Q         ;                ; Holo:holo|CalcPhase:calcPhase|MultK:multKop|MultK_altfp_mult_mrn:MultK_altfp_mult_mrn_component|man_result_ff[8]~_Duplicate_2                                ; Q                ;                       ;
; Holo:holo|CalcPhase:calcPhase|MultK:multKop|MultK_altfp_mult_mrn:MultK_altfp_mult_mrn_component|man_result_ff[9]               ; Packed Register ; Register Packing ; Timing optimization ; Q         ;                ; Holo:holo|CalcPhase:calcPhase|MultK:scaleOp|MultK_altfp_mult_mrn:MultK_altfp_mult_mrn_component|lpm_mult:man_product2_mult|mult_ujs:auto_generated|mac_mult3 ; DATAA            ;                       ;
; Holo:holo|CalcPhase:calcPhase|MultK:multKop|MultK_altfp_mult_mrn:MultK_altfp_mult_mrn_component|man_result_ff[9]               ; Duplicated      ; Register Packing ; Timing optimization ; Q         ;                ; Holo:holo|CalcPhase:calcPhase|MultK:multKop|MultK_altfp_mult_mrn:MultK_altfp_mult_mrn_component|man_result_ff[9]~_Duplicate_1                                ; Q                ;                       ;
; Holo:holo|CalcPhase:calcPhase|MultK:multKop|MultK_altfp_mult_mrn:MultK_altfp_mult_mrn_component|man_result_ff[9]~_Duplicate_1  ; Packed Register ; Register Packing ; Timing optimization ; Q         ;                ; Holo:holo|CalcPhase:calcPhase|MultK:scaleOp|MultK_altfp_mult_mrn:MultK_altfp_mult_mrn_component|lpm_mult:man_product2_mult|mult_ujs:auto_generated|mac_mult1 ; DATAA            ;                       ;
; Holo:holo|CalcPhase:calcPhase|MultK:multKop|MultK_altfp_mult_mrn:MultK_altfp_mult_mrn_component|man_result_ff[9]~_Duplicate_1  ; Duplicated      ; Register Packing ; Timing optimization ; Q         ;                ; Holo:holo|CalcPhase:calcPhase|MultK:multKop|MultK_altfp_mult_mrn:MultK_altfp_mult_mrn_component|man_result_ff[9]~_Duplicate_2                                ; Q                ;                       ;
; Holo:holo|CalcPhase:calcPhase|MultK:multKop|MultK_altfp_mult_mrn:MultK_altfp_mult_mrn_component|man_result_ff[10]              ; Packed Register ; Register Packing ; Timing optimization ; Q         ;                ; Holo:holo|CalcPhase:calcPhase|MultK:scaleOp|MultK_altfp_mult_mrn:MultK_altfp_mult_mrn_component|lpm_mult:man_product2_mult|mult_ujs:auto_generated|mac_mult3 ; DATAA            ;                       ;
; Holo:holo|CalcPhase:calcPhase|MultK:multKop|MultK_altfp_mult_mrn:MultK_altfp_mult_mrn_component|man_result_ff[10]              ; Duplicated      ; Register Packing ; Timing optimization ; Q         ;                ; Holo:holo|CalcPhase:calcPhase|MultK:multKop|MultK_altfp_mult_mrn:MultK_altfp_mult_mrn_component|man_result_ff[10]~_Duplicate_1                               ; Q                ;                       ;
; Holo:holo|CalcPhase:calcPhase|MultK:multKop|MultK_altfp_mult_mrn:MultK_altfp_mult_mrn_component|man_result_ff[10]~_Duplicate_1 ; Packed Register ; Register Packing ; Timing optimization ; Q         ;                ; Holo:holo|CalcPhase:calcPhase|MultK:scaleOp|MultK_altfp_mult_mrn:MultK_altfp_mult_mrn_component|lpm_mult:man_product2_mult|mult_ujs:auto_generated|mac_mult1 ; DATAA            ;                       ;
; Holo:holo|CalcPhase:calcPhase|MultK:multKop|MultK_altfp_mult_mrn:MultK_altfp_mult_mrn_component|man_result_ff[10]~_Duplicate_1 ; Duplicated      ; Register Packing ; Timing optimization ; Q         ;                ; Holo:holo|CalcPhase:calcPhase|MultK:multKop|MultK_altfp_mult_mrn:MultK_altfp_mult_mrn_component|man_result_ff[10]~_Duplicate_2                               ; Q                ;                       ;
; Holo:holo|CalcPhase:calcPhase|MultK:multKop|MultK_altfp_mult_mrn:MultK_altfp_mult_mrn_component|man_result_ff[11]              ; Packed Register ; Register Packing ; Timing optimization ; Q         ;                ; Holo:holo|CalcPhase:calcPhase|MultK:scaleOp|MultK_altfp_mult_mrn:MultK_altfp_mult_mrn_component|lpm_mult:man_product2_mult|mult_ujs:auto_generated|mac_mult3 ; DATAA            ;                       ;
; Holo:holo|CalcPhase:calcPhase|MultK:multKop|MultK_altfp_mult_mrn:MultK_altfp_mult_mrn_component|man_result_ff[11]              ; Duplicated      ; Register Packing ; Timing optimization ; Q         ;                ; Holo:holo|CalcPhase:calcPhase|MultK:multKop|MultK_altfp_mult_mrn:MultK_altfp_mult_mrn_component|man_result_ff[11]~_Duplicate_1                               ; Q                ;                       ;
; Holo:holo|CalcPhase:calcPhase|MultK:multKop|MultK_altfp_mult_mrn:MultK_altfp_mult_mrn_component|man_result_ff[11]~_Duplicate_1 ; Packed Register ; Register Packing ; Timing optimization ; Q         ;                ; Holo:holo|CalcPhase:calcPhase|MultK:scaleOp|MultK_altfp_mult_mrn:MultK_altfp_mult_mrn_component|lpm_mult:man_product2_mult|mult_ujs:auto_generated|mac_mult1 ; DATAA            ;                       ;
; Holo:holo|CalcPhase:calcPhase|MultK:multKop|MultK_altfp_mult_mrn:MultK_altfp_mult_mrn_component|man_result_ff[11]~_Duplicate_1 ; Duplicated      ; Register Packing ; Timing optimization ; Q         ;                ; Holo:holo|CalcPhase:calcPhase|MultK:multKop|MultK_altfp_mult_mrn:MultK_altfp_mult_mrn_component|man_result_ff[11]~_Duplicate_2                               ; Q                ;                       ;
; Holo:holo|CalcPhase:calcPhase|MultK:multKop|MultK_altfp_mult_mrn:MultK_altfp_mult_mrn_component|man_result_ff[12]              ; Packed Register ; Register Packing ; Timing optimization ; Q         ;                ; Holo:holo|CalcPhase:calcPhase|MultK:scaleOp|MultK_altfp_mult_mrn:MultK_altfp_mult_mrn_component|lpm_mult:man_product2_mult|mult_ujs:auto_generated|mac_mult3 ; DATAA            ;                       ;
; Holo:holo|CalcPhase:calcPhase|MultK:multKop|MultK_altfp_mult_mrn:MultK_altfp_mult_mrn_component|man_result_ff[12]              ; Duplicated      ; Register Packing ; Timing optimization ; Q         ;                ; Holo:holo|CalcPhase:calcPhase|MultK:multKop|MultK_altfp_mult_mrn:MultK_altfp_mult_mrn_component|man_result_ff[12]~_Duplicate_1                               ; Q                ;                       ;
; Holo:holo|CalcPhase:calcPhase|MultK:multKop|MultK_altfp_mult_mrn:MultK_altfp_mult_mrn_component|man_result_ff[12]~_Duplicate_1 ; Packed Register ; Register Packing ; Timing optimization ; Q         ;                ; Holo:holo|CalcPhase:calcPhase|MultK:scaleOp|MultK_altfp_mult_mrn:MultK_altfp_mult_mrn_component|lpm_mult:man_product2_mult|mult_ujs:auto_generated|mac_mult1 ; DATAA            ;                       ;
; Holo:holo|CalcPhase:calcPhase|MultK:multKop|MultK_altfp_mult_mrn:MultK_altfp_mult_mrn_component|man_result_ff[12]~_Duplicate_1 ; Duplicated      ; Register Packing ; Timing optimization ; Q         ;                ; Holo:holo|CalcPhase:calcPhase|MultK:multKop|MultK_altfp_mult_mrn:MultK_altfp_mult_mrn_component|man_result_ff[12]~_Duplicate_2                               ; Q                ;                       ;
; Holo:holo|CalcPhase:calcPhase|MultK:multKop|MultK_altfp_mult_mrn:MultK_altfp_mult_mrn_component|man_result_ff[13]              ; Packed Register ; Register Packing ; Timing optimization ; Q         ;                ; Holo:holo|CalcPhase:calcPhase|MultK:scaleOp|MultK_altfp_mult_mrn:MultK_altfp_mult_mrn_component|lpm_mult:man_product2_mult|mult_ujs:auto_generated|mac_mult3 ; DATAA            ;                       ;
; Holo:holo|CalcPhase:calcPhase|MultK:multKop|MultK_altfp_mult_mrn:MultK_altfp_mult_mrn_component|man_result_ff[13]              ; Duplicated      ; Register Packing ; Timing optimization ; Q         ;                ; Holo:holo|CalcPhase:calcPhase|MultK:multKop|MultK_altfp_mult_mrn:MultK_altfp_mult_mrn_component|man_result_ff[13]~_Duplicate_1                               ; Q                ;                       ;
; Holo:holo|CalcPhase:calcPhase|MultK:multKop|MultK_altfp_mult_mrn:MultK_altfp_mult_mrn_component|man_result_ff[13]~_Duplicate_1 ; Packed Register ; Register Packing ; Timing optimization ; Q         ;                ; Holo:holo|CalcPhase:calcPhase|MultK:scaleOp|MultK_altfp_mult_mrn:MultK_altfp_mult_mrn_component|lpm_mult:man_product2_mult|mult_ujs:auto_generated|mac_mult1 ; DATAA            ;                       ;
; Holo:holo|CalcPhase:calcPhase|MultK:multKop|MultK_altfp_mult_mrn:MultK_altfp_mult_mrn_component|man_result_ff[13]~_Duplicate_1 ; Duplicated      ; Register Packing ; Timing optimization ; Q         ;                ; Holo:holo|CalcPhase:calcPhase|MultK:multKop|MultK_altfp_mult_mrn:MultK_altfp_mult_mrn_component|man_result_ff[13]~_Duplicate_2                               ; Q                ;                       ;
; Holo:holo|CalcPhase:calcPhase|MultK:multKop|MultK_altfp_mult_mrn:MultK_altfp_mult_mrn_component|man_result_ff[14]              ; Packed Register ; Register Packing ; Timing optimization ; Q         ;                ; Holo:holo|CalcPhase:calcPhase|MultK:scaleOp|MultK_altfp_mult_mrn:MultK_altfp_mult_mrn_component|lpm_mult:man_product2_mult|mult_ujs:auto_generated|mac_mult3 ; DATAA            ;                       ;
; Holo:holo|CalcPhase:calcPhase|MultK:multKop|MultK_altfp_mult_mrn:MultK_altfp_mult_mrn_component|man_result_ff[14]              ; Duplicated      ; Register Packing ; Timing optimization ; Q         ;                ; Holo:holo|CalcPhase:calcPhase|MultK:multKop|MultK_altfp_mult_mrn:MultK_altfp_mult_mrn_component|man_result_ff[14]~_Duplicate_1                               ; Q                ;                       ;
; Holo:holo|CalcPhase:calcPhase|MultK:multKop|MultK_altfp_mult_mrn:MultK_altfp_mult_mrn_component|man_result_ff[14]~_Duplicate_1 ; Packed Register ; Register Packing ; Timing optimization ; Q         ;                ; Holo:holo|CalcPhase:calcPhase|MultK:scaleOp|MultK_altfp_mult_mrn:MultK_altfp_mult_mrn_component|lpm_mult:man_product2_mult|mult_ujs:auto_generated|mac_mult1 ; DATAA            ;                       ;
; Holo:holo|CalcPhase:calcPhase|MultK:multKop|MultK_altfp_mult_mrn:MultK_altfp_mult_mrn_component|man_result_ff[14]~_Duplicate_1 ; Duplicated      ; Register Packing ; Timing optimization ; Q         ;                ; Holo:holo|CalcPhase:calcPhase|MultK:multKop|MultK_altfp_mult_mrn:MultK_altfp_mult_mrn_component|man_result_ff[14]~_Duplicate_2                               ; Q                ;                       ;
; Holo:holo|CalcPhase:calcPhase|MultK:multKop|MultK_altfp_mult_mrn:MultK_altfp_mult_mrn_component|man_result_ff[15]              ; Packed Register ; Register Packing ; Timing optimization ; Q         ;                ; Holo:holo|CalcPhase:calcPhase|MultK:scaleOp|MultK_altfp_mult_mrn:MultK_altfp_mult_mrn_component|lpm_mult:man_product2_mult|mult_ujs:auto_generated|mac_mult3 ; DATAA            ;                       ;
; Holo:holo|CalcPhase:calcPhase|MultK:multKop|MultK_altfp_mult_mrn:MultK_altfp_mult_mrn_component|man_result_ff[15]              ; Duplicated      ; Register Packing ; Timing optimization ; Q         ;                ; Holo:holo|CalcPhase:calcPhase|MultK:multKop|MultK_altfp_mult_mrn:MultK_altfp_mult_mrn_component|man_result_ff[15]~_Duplicate_1                               ; Q                ;                       ;
; Holo:holo|CalcPhase:calcPhase|MultK:multKop|MultK_altfp_mult_mrn:MultK_altfp_mult_mrn_component|man_result_ff[15]~_Duplicate_1 ; Packed Register ; Register Packing ; Timing optimization ; Q         ;                ; Holo:holo|CalcPhase:calcPhase|MultK:scaleOp|MultK_altfp_mult_mrn:MultK_altfp_mult_mrn_component|lpm_mult:man_product2_mult|mult_ujs:auto_generated|mac_mult1 ; DATAA            ;                       ;
; Holo:holo|CalcPhase:calcPhase|MultK:multKop|MultK_altfp_mult_mrn:MultK_altfp_mult_mrn_component|man_result_ff[15]~_Duplicate_1 ; Duplicated      ; Register Packing ; Timing optimization ; Q         ;                ; Holo:holo|CalcPhase:calcPhase|MultK:multKop|MultK_altfp_mult_mrn:MultK_altfp_mult_mrn_component|man_result_ff[15]~_Duplicate_2                               ; Q                ;                       ;
; Holo:holo|CalcPhase:calcPhase|MultK:multKop|MultK_altfp_mult_mrn:MultK_altfp_mult_mrn_component|man_result_ff[16]              ; Packed Register ; Register Packing ; Timing optimization ; Q         ;                ; Holo:holo|CalcPhase:calcPhase|MultK:scaleOp|MultK_altfp_mult_mrn:MultK_altfp_mult_mrn_component|lpm_mult:man_product2_mult|mult_ujs:auto_generated|mac_mult3 ; DATAA            ;                       ;
; Holo:holo|CalcPhase:calcPhase|MultK:multKop|MultK_altfp_mult_mrn:MultK_altfp_mult_mrn_component|man_result_ff[16]              ; Duplicated      ; Register Packing ; Timing optimization ; Q         ;                ; Holo:holo|CalcPhase:calcPhase|MultK:multKop|MultK_altfp_mult_mrn:MultK_altfp_mult_mrn_component|man_result_ff[16]~_Duplicate_1                               ; Q                ;                       ;
; Holo:holo|CalcPhase:calcPhase|MultK:multKop|MultK_altfp_mult_mrn:MultK_altfp_mult_mrn_component|man_result_ff[16]~_Duplicate_1 ; Packed Register ; Register Packing ; Timing optimization ; Q         ;                ; Holo:holo|CalcPhase:calcPhase|MultK:scaleOp|MultK_altfp_mult_mrn:MultK_altfp_mult_mrn_component|lpm_mult:man_product2_mult|mult_ujs:auto_generated|mac_mult1 ; DATAA            ;                       ;
; Holo:holo|CalcPhase:calcPhase|MultK:multKop|MultK_altfp_mult_mrn:MultK_altfp_mult_mrn_component|man_result_ff[16]~_Duplicate_1 ; Duplicated      ; Register Packing ; Timing optimization ; Q         ;                ; Holo:holo|CalcPhase:calcPhase|MultK:multKop|MultK_altfp_mult_mrn:MultK_altfp_mult_mrn_component|man_result_ff[16]~_Duplicate_2                               ; Q                ;                       ;
; Holo:holo|CalcPhase:calcPhase|MultK:multKop|MultK_altfp_mult_mrn:MultK_altfp_mult_mrn_component|man_result_ff[17]              ; Packed Register ; Register Packing ; Timing optimization ; Q         ;                ; Holo:holo|CalcPhase:calcPhase|MultK:scaleOp|MultK_altfp_mult_mrn:MultK_altfp_mult_mrn_component|lpm_mult:man_product2_mult|mult_ujs:auto_generated|mac_mult3 ; DATAA            ;                       ;
; Holo:holo|CalcPhase:calcPhase|MultK:multKop|MultK_altfp_mult_mrn:MultK_altfp_mult_mrn_component|man_result_ff[17]              ; Duplicated      ; Register Packing ; Timing optimization ; Q         ;                ; Holo:holo|CalcPhase:calcPhase|MultK:multKop|MultK_altfp_mult_mrn:MultK_altfp_mult_mrn_component|man_result_ff[17]~_Duplicate_1                               ; Q                ;                       ;
; Holo:holo|CalcPhase:calcPhase|MultK:multKop|MultK_altfp_mult_mrn:MultK_altfp_mult_mrn_component|man_result_ff[17]~_Duplicate_1 ; Packed Register ; Register Packing ; Timing optimization ; Q         ;                ; Holo:holo|CalcPhase:calcPhase|MultK:scaleOp|MultK_altfp_mult_mrn:MultK_altfp_mult_mrn_component|lpm_mult:man_product2_mult|mult_ujs:auto_generated|mac_mult1 ; DATAA            ;                       ;
; Holo:holo|CalcPhase:calcPhase|MultK:multKop|MultK_altfp_mult_mrn:MultK_altfp_mult_mrn_component|man_result_ff[17]~_Duplicate_1 ; Duplicated      ; Register Packing ; Timing optimization ; Q         ;                ; Holo:holo|CalcPhase:calcPhase|MultK:multKop|MultK_altfp_mult_mrn:MultK_altfp_mult_mrn_component|man_result_ff[17]~_Duplicate_2                               ; Q                ;                       ;
; Holo:holo|CalcPhase:calcPhase|Sqrtf:sqrtfOp|Sqrtf_altfp_sqrt_8qc:Sqrtf_altfp_sqrt_8qc_component|man_result_ff[0]               ; Packed Register ; Register Packing ; Timing optimization ; Q         ;                ; Holo:holo|CalcPhase:calcPhase|MultK:multKop|MultK_altfp_mult_mrn:MultK_altfp_mult_mrn_component|lpm_mult:man_product2_mult|mult_ujs:auto_generated|mac_mult3 ; DATAA            ;                       ;
; Holo:holo|CalcPhase:calcPhase|Sqrtf:sqrtfOp|Sqrtf_altfp_sqrt_8qc:Sqrtf_altfp_sqrt_8qc_component|man_result_ff[0]               ; Duplicated      ; Register Packing ; Timing optimization ; Q         ;                ; Holo:holo|CalcPhase:calcPhase|Sqrtf:sqrtfOp|Sqrtf_altfp_sqrt_8qc:Sqrtf_altfp_sqrt_8qc_component|man_result_ff[0]~_Duplicate_1                                ; Q                ;                       ;
; Holo:holo|CalcPhase:calcPhase|Sqrtf:sqrtfOp|Sqrtf_altfp_sqrt_8qc:Sqrtf_altfp_sqrt_8qc_component|man_result_ff[0]~_Duplicate_1  ; Packed Register ; Register Packing ; Timing optimization ; Q         ;                ; Holo:holo|CalcPhase:calcPhase|MultK:multKop|MultK_altfp_mult_mrn:MultK_altfp_mult_mrn_component|lpm_mult:man_product2_mult|mult_ujs:auto_generated|mac_mult1 ; DATAA            ;                       ;
; Holo:holo|CalcPhase:calcPhase|Sqrtf:sqrtfOp|Sqrtf_altfp_sqrt_8qc:Sqrtf_altfp_sqrt_8qc_component|man_result_ff[0]~_Duplicate_1  ; Duplicated      ; Register Packing ; Timing optimization ; Q         ;                ; Holo:holo|CalcPhase:calcPhase|Sqrtf:sqrtfOp|Sqrtf_altfp_sqrt_8qc:Sqrtf_altfp_sqrt_8qc_component|man_result_ff[0]~_Duplicate_2                                ; Q                ;                       ;
; Holo:holo|CalcPhase:calcPhase|Sqrtf:sqrtfOp|Sqrtf_altfp_sqrt_8qc:Sqrtf_altfp_sqrt_8qc_component|man_result_ff[1]               ; Packed Register ; Register Packing ; Timing optimization ; Q         ;                ; Holo:holo|CalcPhase:calcPhase|MultK:multKop|MultK_altfp_mult_mrn:MultK_altfp_mult_mrn_component|lpm_mult:man_product2_mult|mult_ujs:auto_generated|mac_mult3 ; DATAA            ;                       ;
; Holo:holo|CalcPhase:calcPhase|Sqrtf:sqrtfOp|Sqrtf_altfp_sqrt_8qc:Sqrtf_altfp_sqrt_8qc_component|man_result_ff[1]               ; Duplicated      ; Register Packing ; Timing optimization ; Q         ;                ; Holo:holo|CalcPhase:calcPhase|Sqrtf:sqrtfOp|Sqrtf_altfp_sqrt_8qc:Sqrtf_altfp_sqrt_8qc_component|man_result_ff[1]~_Duplicate_1                                ; Q                ;                       ;
; Holo:holo|CalcPhase:calcPhase|Sqrtf:sqrtfOp|Sqrtf_altfp_sqrt_8qc:Sqrtf_altfp_sqrt_8qc_component|man_result_ff[1]~_Duplicate_1  ; Packed Register ; Register Packing ; Timing optimization ; Q         ;                ; Holo:holo|CalcPhase:calcPhase|MultK:multKop|MultK_altfp_mult_mrn:MultK_altfp_mult_mrn_component|lpm_mult:man_product2_mult|mult_ujs:auto_generated|mac_mult1 ; DATAA            ;                       ;
; Holo:holo|CalcPhase:calcPhase|Sqrtf:sqrtfOp|Sqrtf_altfp_sqrt_8qc:Sqrtf_altfp_sqrt_8qc_component|man_result_ff[1]~_Duplicate_1  ; Duplicated      ; Register Packing ; Timing optimization ; Q         ;                ; Holo:holo|CalcPhase:calcPhase|Sqrtf:sqrtfOp|Sqrtf_altfp_sqrt_8qc:Sqrtf_altfp_sqrt_8qc_component|man_result_ff[1]~_Duplicate_2                                ; Q                ;                       ;
; Holo:holo|CalcPhase:calcPhase|Sqrtf:sqrtfOp|Sqrtf_altfp_sqrt_8qc:Sqrtf_altfp_sqrt_8qc_component|man_result_ff[2]               ; Packed Register ; Register Packing ; Timing optimization ; Q         ;                ; Holo:holo|CalcPhase:calcPhase|MultK:multKop|MultK_altfp_mult_mrn:MultK_altfp_mult_mrn_component|lpm_mult:man_product2_mult|mult_ujs:auto_generated|mac_mult3 ; DATAA            ;                       ;
; Holo:holo|CalcPhase:calcPhase|Sqrtf:sqrtfOp|Sqrtf_altfp_sqrt_8qc:Sqrtf_altfp_sqrt_8qc_component|man_result_ff[2]               ; Duplicated      ; Register Packing ; Timing optimization ; Q         ;                ; Holo:holo|CalcPhase:calcPhase|Sqrtf:sqrtfOp|Sqrtf_altfp_sqrt_8qc:Sqrtf_altfp_sqrt_8qc_component|man_result_ff[2]~_Duplicate_1                                ; Q                ;                       ;
; Holo:holo|CalcPhase:calcPhase|Sqrtf:sqrtfOp|Sqrtf_altfp_sqrt_8qc:Sqrtf_altfp_sqrt_8qc_component|man_result_ff[2]~_Duplicate_1  ; Packed Register ; Register Packing ; Timing optimization ; Q         ;                ; Holo:holo|CalcPhase:calcPhase|MultK:multKop|MultK_altfp_mult_mrn:MultK_altfp_mult_mrn_component|lpm_mult:man_product2_mult|mult_ujs:auto_generated|mac_mult1 ; DATAA            ;                       ;
; Holo:holo|CalcPhase:calcPhase|Sqrtf:sqrtfOp|Sqrtf_altfp_sqrt_8qc:Sqrtf_altfp_sqrt_8qc_component|man_result_ff[2]~_Duplicate_1  ; Duplicated      ; Register Packing ; Timing optimization ; Q         ;                ; Holo:holo|CalcPhase:calcPhase|Sqrtf:sqrtfOp|Sqrtf_altfp_sqrt_8qc:Sqrtf_altfp_sqrt_8qc_component|man_result_ff[2]~_Duplicate_2                                ; Q                ;                       ;
; Holo:holo|CalcPhase:calcPhase|Sqrtf:sqrtfOp|Sqrtf_altfp_sqrt_8qc:Sqrtf_altfp_sqrt_8qc_component|man_result_ff[3]               ; Packed Register ; Register Packing ; Timing optimization ; Q         ;                ; Holo:holo|CalcPhase:calcPhase|MultK:multKop|MultK_altfp_mult_mrn:MultK_altfp_mult_mrn_component|lpm_mult:man_product2_mult|mult_ujs:auto_generated|mac_mult3 ; DATAA            ;                       ;
; Holo:holo|CalcPhase:calcPhase|Sqrtf:sqrtfOp|Sqrtf_altfp_sqrt_8qc:Sqrtf_altfp_sqrt_8qc_component|man_result_ff[3]               ; Duplicated      ; Register Packing ; Timing optimization ; Q         ;                ; Holo:holo|CalcPhase:calcPhase|Sqrtf:sqrtfOp|Sqrtf_altfp_sqrt_8qc:Sqrtf_altfp_sqrt_8qc_component|man_result_ff[3]~_Duplicate_1                                ; Q                ;                       ;
; Holo:holo|CalcPhase:calcPhase|Sqrtf:sqrtfOp|Sqrtf_altfp_sqrt_8qc:Sqrtf_altfp_sqrt_8qc_component|man_result_ff[3]~_Duplicate_1  ; Packed Register ; Register Packing ; Timing optimization ; Q         ;                ; Holo:holo|CalcPhase:calcPhase|MultK:multKop|MultK_altfp_mult_mrn:MultK_altfp_mult_mrn_component|lpm_mult:man_product2_mult|mult_ujs:auto_generated|mac_mult1 ; DATAA            ;                       ;
; Holo:holo|CalcPhase:calcPhase|Sqrtf:sqrtfOp|Sqrtf_altfp_sqrt_8qc:Sqrtf_altfp_sqrt_8qc_component|man_result_ff[3]~_Duplicate_1  ; Duplicated      ; Register Packing ; Timing optimization ; Q         ;                ; Holo:holo|CalcPhase:calcPhase|Sqrtf:sqrtfOp|Sqrtf_altfp_sqrt_8qc:Sqrtf_altfp_sqrt_8qc_component|man_result_ff[3]~_Duplicate_2                                ; Q                ;                       ;
; Holo:holo|CalcPhase:calcPhase|Sqrtf:sqrtfOp|Sqrtf_altfp_sqrt_8qc:Sqrtf_altfp_sqrt_8qc_component|man_result_ff[4]               ; Packed Register ; Register Packing ; Timing optimization ; Q         ;                ; Holo:holo|CalcPhase:calcPhase|MultK:multKop|MultK_altfp_mult_mrn:MultK_altfp_mult_mrn_component|lpm_mult:man_product2_mult|mult_ujs:auto_generated|mac_mult3 ; DATAA            ;                       ;
; Holo:holo|CalcPhase:calcPhase|Sqrtf:sqrtfOp|Sqrtf_altfp_sqrt_8qc:Sqrtf_altfp_sqrt_8qc_component|man_result_ff[4]               ; Duplicated      ; Register Packing ; Timing optimization ; Q         ;                ; Holo:holo|CalcPhase:calcPhase|Sqrtf:sqrtfOp|Sqrtf_altfp_sqrt_8qc:Sqrtf_altfp_sqrt_8qc_component|man_result_ff[4]~_Duplicate_1                                ; Q                ;                       ;
; Holo:holo|CalcPhase:calcPhase|Sqrtf:sqrtfOp|Sqrtf_altfp_sqrt_8qc:Sqrtf_altfp_sqrt_8qc_component|man_result_ff[4]~_Duplicate_1  ; Packed Register ; Register Packing ; Timing optimization ; Q         ;                ; Holo:holo|CalcPhase:calcPhase|MultK:multKop|MultK_altfp_mult_mrn:MultK_altfp_mult_mrn_component|lpm_mult:man_product2_mult|mult_ujs:auto_generated|mac_mult1 ; DATAA            ;                       ;
; Holo:holo|CalcPhase:calcPhase|Sqrtf:sqrtfOp|Sqrtf_altfp_sqrt_8qc:Sqrtf_altfp_sqrt_8qc_component|man_result_ff[4]~_Duplicate_1  ; Duplicated      ; Register Packing ; Timing optimization ; Q         ;                ; Holo:holo|CalcPhase:calcPhase|Sqrtf:sqrtfOp|Sqrtf_altfp_sqrt_8qc:Sqrtf_altfp_sqrt_8qc_component|man_result_ff[4]~_Duplicate_2                                ; Q                ;                       ;
; Holo:holo|CalcPhase:calcPhase|Sqrtf:sqrtfOp|Sqrtf_altfp_sqrt_8qc:Sqrtf_altfp_sqrt_8qc_component|man_result_ff[5]               ; Packed Register ; Register Packing ; Timing optimization ; Q         ;                ; Holo:holo|CalcPhase:calcPhase|MultK:multKop|MultK_altfp_mult_mrn:MultK_altfp_mult_mrn_component|lpm_mult:man_product2_mult|mult_ujs:auto_generated|mac_mult3 ; DATAA            ;                       ;
; Holo:holo|CalcPhase:calcPhase|Sqrtf:sqrtfOp|Sqrtf_altfp_sqrt_8qc:Sqrtf_altfp_sqrt_8qc_component|man_result_ff[5]               ; Duplicated      ; Register Packing ; Timing optimization ; Q         ;                ; Holo:holo|CalcPhase:calcPhase|Sqrtf:sqrtfOp|Sqrtf_altfp_sqrt_8qc:Sqrtf_altfp_sqrt_8qc_component|man_result_ff[5]~_Duplicate_1                                ; Q                ;                       ;
; Holo:holo|CalcPhase:calcPhase|Sqrtf:sqrtfOp|Sqrtf_altfp_sqrt_8qc:Sqrtf_altfp_sqrt_8qc_component|man_result_ff[5]~_Duplicate_1  ; Packed Register ; Register Packing ; Timing optimization ; Q         ;                ; Holo:holo|CalcPhase:calcPhase|MultK:multKop|MultK_altfp_mult_mrn:MultK_altfp_mult_mrn_component|lpm_mult:man_product2_mult|mult_ujs:auto_generated|mac_mult1 ; DATAA            ;                       ;
; Holo:holo|CalcPhase:calcPhase|Sqrtf:sqrtfOp|Sqrtf_altfp_sqrt_8qc:Sqrtf_altfp_sqrt_8qc_component|man_result_ff[5]~_Duplicate_1  ; Duplicated      ; Register Packing ; Timing optimization ; Q         ;                ; Holo:holo|CalcPhase:calcPhase|Sqrtf:sqrtfOp|Sqrtf_altfp_sqrt_8qc:Sqrtf_altfp_sqrt_8qc_component|man_result_ff[5]~_Duplicate_2                                ; Q                ;                       ;
; Holo:holo|CalcPhase:calcPhase|Sqrtf:sqrtfOp|Sqrtf_altfp_sqrt_8qc:Sqrtf_altfp_sqrt_8qc_component|man_result_ff[6]               ; Packed Register ; Register Packing ; Timing optimization ; Q         ;                ; Holo:holo|CalcPhase:calcPhase|MultK:multKop|MultK_altfp_mult_mrn:MultK_altfp_mult_mrn_component|lpm_mult:man_product2_mult|mult_ujs:auto_generated|mac_mult3 ; DATAA            ;                       ;
; Holo:holo|CalcPhase:calcPhase|Sqrtf:sqrtfOp|Sqrtf_altfp_sqrt_8qc:Sqrtf_altfp_sqrt_8qc_component|man_result_ff[6]               ; Duplicated      ; Register Packing ; Timing optimization ; Q         ;                ; Holo:holo|CalcPhase:calcPhase|Sqrtf:sqrtfOp|Sqrtf_altfp_sqrt_8qc:Sqrtf_altfp_sqrt_8qc_component|man_result_ff[6]~_Duplicate_1                                ; Q                ;                       ;
; Holo:holo|CalcPhase:calcPhase|Sqrtf:sqrtfOp|Sqrtf_altfp_sqrt_8qc:Sqrtf_altfp_sqrt_8qc_component|man_result_ff[6]~_Duplicate_1  ; Packed Register ; Register Packing ; Timing optimization ; Q         ;                ; Holo:holo|CalcPhase:calcPhase|MultK:multKop|MultK_altfp_mult_mrn:MultK_altfp_mult_mrn_component|lpm_mult:man_product2_mult|mult_ujs:auto_generated|mac_mult1 ; DATAA            ;                       ;
; Holo:holo|CalcPhase:calcPhase|Sqrtf:sqrtfOp|Sqrtf_altfp_sqrt_8qc:Sqrtf_altfp_sqrt_8qc_component|man_result_ff[6]~_Duplicate_1  ; Duplicated      ; Register Packing ; Timing optimization ; Q         ;                ; Holo:holo|CalcPhase:calcPhase|Sqrtf:sqrtfOp|Sqrtf_altfp_sqrt_8qc:Sqrtf_altfp_sqrt_8qc_component|man_result_ff[6]~_Duplicate_2                                ; Q                ;                       ;
; Holo:holo|CalcPhase:calcPhase|Sqrtf:sqrtfOp|Sqrtf_altfp_sqrt_8qc:Sqrtf_altfp_sqrt_8qc_component|man_result_ff[7]               ; Packed Register ; Register Packing ; Timing optimization ; Q         ;                ; Holo:holo|CalcPhase:calcPhase|MultK:multKop|MultK_altfp_mult_mrn:MultK_altfp_mult_mrn_component|lpm_mult:man_product2_mult|mult_ujs:auto_generated|mac_mult3 ; DATAA            ;                       ;
; Holo:holo|CalcPhase:calcPhase|Sqrtf:sqrtfOp|Sqrtf_altfp_sqrt_8qc:Sqrtf_altfp_sqrt_8qc_component|man_result_ff[7]               ; Duplicated      ; Register Packing ; Timing optimization ; Q         ;                ; Holo:holo|CalcPhase:calcPhase|Sqrtf:sqrtfOp|Sqrtf_altfp_sqrt_8qc:Sqrtf_altfp_sqrt_8qc_component|man_result_ff[7]~_Duplicate_1                                ; Q                ;                       ;
; Holo:holo|CalcPhase:calcPhase|Sqrtf:sqrtfOp|Sqrtf_altfp_sqrt_8qc:Sqrtf_altfp_sqrt_8qc_component|man_result_ff[7]~_Duplicate_1  ; Packed Register ; Register Packing ; Timing optimization ; Q         ;                ; Holo:holo|CalcPhase:calcPhase|MultK:multKop|MultK_altfp_mult_mrn:MultK_altfp_mult_mrn_component|lpm_mult:man_product2_mult|mult_ujs:auto_generated|mac_mult1 ; DATAA            ;                       ;
; Holo:holo|CalcPhase:calcPhase|Sqrtf:sqrtfOp|Sqrtf_altfp_sqrt_8qc:Sqrtf_altfp_sqrt_8qc_component|man_result_ff[7]~_Duplicate_1  ; Duplicated      ; Register Packing ; Timing optimization ; Q         ;                ; Holo:holo|CalcPhase:calcPhase|Sqrtf:sqrtfOp|Sqrtf_altfp_sqrt_8qc:Sqrtf_altfp_sqrt_8qc_component|man_result_ff[7]~_Duplicate_2                                ; Q                ;                       ;
; Holo:holo|CalcPhase:calcPhase|Sqrtf:sqrtfOp|Sqrtf_altfp_sqrt_8qc:Sqrtf_altfp_sqrt_8qc_component|man_result_ff[8]               ; Packed Register ; Register Packing ; Timing optimization ; Q         ;                ; Holo:holo|CalcPhase:calcPhase|MultK:multKop|MultK_altfp_mult_mrn:MultK_altfp_mult_mrn_component|lpm_mult:man_product2_mult|mult_ujs:auto_generated|mac_mult3 ; DATAA            ;                       ;
; Holo:holo|CalcPhase:calcPhase|Sqrtf:sqrtfOp|Sqrtf_altfp_sqrt_8qc:Sqrtf_altfp_sqrt_8qc_component|man_result_ff[8]               ; Duplicated      ; Register Packing ; Timing optimization ; Q         ;                ; Holo:holo|CalcPhase:calcPhase|Sqrtf:sqrtfOp|Sqrtf_altfp_sqrt_8qc:Sqrtf_altfp_sqrt_8qc_component|man_result_ff[8]~_Duplicate_1                                ; Q                ;                       ;
; Holo:holo|CalcPhase:calcPhase|Sqrtf:sqrtfOp|Sqrtf_altfp_sqrt_8qc:Sqrtf_altfp_sqrt_8qc_component|man_result_ff[8]~_Duplicate_1  ; Packed Register ; Register Packing ; Timing optimization ; Q         ;                ; Holo:holo|CalcPhase:calcPhase|MultK:multKop|MultK_altfp_mult_mrn:MultK_altfp_mult_mrn_component|lpm_mult:man_product2_mult|mult_ujs:auto_generated|mac_mult1 ; DATAA            ;                       ;
; Holo:holo|CalcPhase:calcPhase|Sqrtf:sqrtfOp|Sqrtf_altfp_sqrt_8qc:Sqrtf_altfp_sqrt_8qc_component|man_result_ff[8]~_Duplicate_1  ; Duplicated      ; Register Packing ; Timing optimization ; Q         ;                ; Holo:holo|CalcPhase:calcPhase|Sqrtf:sqrtfOp|Sqrtf_altfp_sqrt_8qc:Sqrtf_altfp_sqrt_8qc_component|man_result_ff[8]~_Duplicate_2                                ; Q                ;                       ;
; Holo:holo|CalcPhase:calcPhase|Sqrtf:sqrtfOp|Sqrtf_altfp_sqrt_8qc:Sqrtf_altfp_sqrt_8qc_component|man_result_ff[9]               ; Packed Register ; Register Packing ; Timing optimization ; Q         ;                ; Holo:holo|CalcPhase:calcPhase|MultK:multKop|MultK_altfp_mult_mrn:MultK_altfp_mult_mrn_component|lpm_mult:man_product2_mult|mult_ujs:auto_generated|mac_mult3 ; DATAA            ;                       ;
; Holo:holo|CalcPhase:calcPhase|Sqrtf:sqrtfOp|Sqrtf_altfp_sqrt_8qc:Sqrtf_altfp_sqrt_8qc_component|man_result_ff[9]               ; Duplicated      ; Register Packing ; Timing optimization ; Q         ;                ; Holo:holo|CalcPhase:calcPhase|Sqrtf:sqrtfOp|Sqrtf_altfp_sqrt_8qc:Sqrtf_altfp_sqrt_8qc_component|man_result_ff[9]~_Duplicate_1                                ; Q                ;                       ;
; Holo:holo|CalcPhase:calcPhase|Sqrtf:sqrtfOp|Sqrtf_altfp_sqrt_8qc:Sqrtf_altfp_sqrt_8qc_component|man_result_ff[9]~_Duplicate_1  ; Packed Register ; Register Packing ; Timing optimization ; Q         ;                ; Holo:holo|CalcPhase:calcPhase|MultK:multKop|MultK_altfp_mult_mrn:MultK_altfp_mult_mrn_component|lpm_mult:man_product2_mult|mult_ujs:auto_generated|mac_mult1 ; DATAA            ;                       ;
; Holo:holo|CalcPhase:calcPhase|Sqrtf:sqrtfOp|Sqrtf_altfp_sqrt_8qc:Sqrtf_altfp_sqrt_8qc_component|man_result_ff[9]~_Duplicate_1  ; Duplicated      ; Register Packing ; Timing optimization ; Q         ;                ; Holo:holo|CalcPhase:calcPhase|Sqrtf:sqrtfOp|Sqrtf_altfp_sqrt_8qc:Sqrtf_altfp_sqrt_8qc_component|man_result_ff[9]~_Duplicate_2                                ; Q                ;                       ;
; Holo:holo|CalcPhase:calcPhase|Sqrtf:sqrtfOp|Sqrtf_altfp_sqrt_8qc:Sqrtf_altfp_sqrt_8qc_component|man_result_ff[10]              ; Packed Register ; Register Packing ; Timing optimization ; Q         ;                ; Holo:holo|CalcPhase:calcPhase|MultK:multKop|MultK_altfp_mult_mrn:MultK_altfp_mult_mrn_component|lpm_mult:man_product2_mult|mult_ujs:auto_generated|mac_mult3 ; DATAA            ;                       ;
; Holo:holo|CalcPhase:calcPhase|Sqrtf:sqrtfOp|Sqrtf_altfp_sqrt_8qc:Sqrtf_altfp_sqrt_8qc_component|man_result_ff[10]              ; Duplicated      ; Register Packing ; Timing optimization ; Q         ;                ; Holo:holo|CalcPhase:calcPhase|Sqrtf:sqrtfOp|Sqrtf_altfp_sqrt_8qc:Sqrtf_altfp_sqrt_8qc_component|man_result_ff[10]~_Duplicate_1                               ; Q                ;                       ;
; Holo:holo|CalcPhase:calcPhase|Sqrtf:sqrtfOp|Sqrtf_altfp_sqrt_8qc:Sqrtf_altfp_sqrt_8qc_component|man_result_ff[10]~_Duplicate_1 ; Packed Register ; Register Packing ; Timing optimization ; Q         ;                ; Holo:holo|CalcPhase:calcPhase|MultK:multKop|MultK_altfp_mult_mrn:MultK_altfp_mult_mrn_component|lpm_mult:man_product2_mult|mult_ujs:auto_generated|mac_mult1 ; DATAA            ;                       ;
; Holo:holo|CalcPhase:calcPhase|Sqrtf:sqrtfOp|Sqrtf_altfp_sqrt_8qc:Sqrtf_altfp_sqrt_8qc_component|man_result_ff[10]~_Duplicate_1 ; Duplicated      ; Register Packing ; Timing optimization ; Q         ;                ; Holo:holo|CalcPhase:calcPhase|Sqrtf:sqrtfOp|Sqrtf_altfp_sqrt_8qc:Sqrtf_altfp_sqrt_8qc_component|man_result_ff[10]~_Duplicate_2                               ; Q                ;                       ;
; Holo:holo|CalcPhase:calcPhase|Sqrtf:sqrtfOp|Sqrtf_altfp_sqrt_8qc:Sqrtf_altfp_sqrt_8qc_component|man_result_ff[11]              ; Packed Register ; Register Packing ; Timing optimization ; Q         ;                ; Holo:holo|CalcPhase:calcPhase|MultK:multKop|MultK_altfp_mult_mrn:MultK_altfp_mult_mrn_component|lpm_mult:man_product2_mult|mult_ujs:auto_generated|mac_mult3 ; DATAA            ;                       ;
; Holo:holo|CalcPhase:calcPhase|Sqrtf:sqrtfOp|Sqrtf_altfp_sqrt_8qc:Sqrtf_altfp_sqrt_8qc_component|man_result_ff[11]              ; Duplicated      ; Register Packing ; Timing optimization ; Q         ;                ; Holo:holo|CalcPhase:calcPhase|Sqrtf:sqrtfOp|Sqrtf_altfp_sqrt_8qc:Sqrtf_altfp_sqrt_8qc_component|man_result_ff[11]~_Duplicate_1                               ; Q                ;                       ;
; Holo:holo|CalcPhase:calcPhase|Sqrtf:sqrtfOp|Sqrtf_altfp_sqrt_8qc:Sqrtf_altfp_sqrt_8qc_component|man_result_ff[11]~_Duplicate_1 ; Packed Register ; Register Packing ; Timing optimization ; Q         ;                ; Holo:holo|CalcPhase:calcPhase|MultK:multKop|MultK_altfp_mult_mrn:MultK_altfp_mult_mrn_component|lpm_mult:man_product2_mult|mult_ujs:auto_generated|mac_mult1 ; DATAA            ;                       ;
; Holo:holo|CalcPhase:calcPhase|Sqrtf:sqrtfOp|Sqrtf_altfp_sqrt_8qc:Sqrtf_altfp_sqrt_8qc_component|man_result_ff[11]~_Duplicate_1 ; Duplicated      ; Register Packing ; Timing optimization ; Q         ;                ; Holo:holo|CalcPhase:calcPhase|Sqrtf:sqrtfOp|Sqrtf_altfp_sqrt_8qc:Sqrtf_altfp_sqrt_8qc_component|man_result_ff[11]~_Duplicate_2                               ; Q                ;                       ;
; Holo:holo|CalcPhase:calcPhase|Sqrtf:sqrtfOp|Sqrtf_altfp_sqrt_8qc:Sqrtf_altfp_sqrt_8qc_component|man_result_ff[12]              ; Packed Register ; Register Packing ; Timing optimization ; Q         ;                ; Holo:holo|CalcPhase:calcPhase|MultK:multKop|MultK_altfp_mult_mrn:MultK_altfp_mult_mrn_component|lpm_mult:man_product2_mult|mult_ujs:auto_generated|mac_mult3 ; DATAA            ;                       ;
; Holo:holo|CalcPhase:calcPhase|Sqrtf:sqrtfOp|Sqrtf_altfp_sqrt_8qc:Sqrtf_altfp_sqrt_8qc_component|man_result_ff[12]              ; Duplicated      ; Register Packing ; Timing optimization ; Q         ;                ; Holo:holo|CalcPhase:calcPhase|Sqrtf:sqrtfOp|Sqrtf_altfp_sqrt_8qc:Sqrtf_altfp_sqrt_8qc_component|man_result_ff[12]~_Duplicate_1                               ; Q                ;                       ;
; Holo:holo|CalcPhase:calcPhase|Sqrtf:sqrtfOp|Sqrtf_altfp_sqrt_8qc:Sqrtf_altfp_sqrt_8qc_component|man_result_ff[12]~_Duplicate_1 ; Packed Register ; Register Packing ; Timing optimization ; Q         ;                ; Holo:holo|CalcPhase:calcPhase|MultK:multKop|MultK_altfp_mult_mrn:MultK_altfp_mult_mrn_component|lpm_mult:man_product2_mult|mult_ujs:auto_generated|mac_mult1 ; DATAA            ;                       ;
; Holo:holo|CalcPhase:calcPhase|Sqrtf:sqrtfOp|Sqrtf_altfp_sqrt_8qc:Sqrtf_altfp_sqrt_8qc_component|man_result_ff[12]~_Duplicate_1 ; Duplicated      ; Register Packing ; Timing optimization ; Q         ;                ; Holo:holo|CalcPhase:calcPhase|Sqrtf:sqrtfOp|Sqrtf_altfp_sqrt_8qc:Sqrtf_altfp_sqrt_8qc_component|man_result_ff[12]~_Duplicate_2                               ; Q                ;                       ;
; Holo:holo|CalcPhase:calcPhase|Sqrtf:sqrtfOp|Sqrtf_altfp_sqrt_8qc:Sqrtf_altfp_sqrt_8qc_component|man_result_ff[13]              ; Packed Register ; Register Packing ; Timing optimization ; Q         ;                ; Holo:holo|CalcPhase:calcPhase|MultK:multKop|MultK_altfp_mult_mrn:MultK_altfp_mult_mrn_component|lpm_mult:man_product2_mult|mult_ujs:auto_generated|mac_mult3 ; DATAA            ;                       ;
; Holo:holo|CalcPhase:calcPhase|Sqrtf:sqrtfOp|Sqrtf_altfp_sqrt_8qc:Sqrtf_altfp_sqrt_8qc_component|man_result_ff[13]              ; Duplicated      ; Register Packing ; Timing optimization ; Q         ;                ; Holo:holo|CalcPhase:calcPhase|Sqrtf:sqrtfOp|Sqrtf_altfp_sqrt_8qc:Sqrtf_altfp_sqrt_8qc_component|man_result_ff[13]~_Duplicate_1                               ; Q                ;                       ;
; Holo:holo|CalcPhase:calcPhase|Sqrtf:sqrtfOp|Sqrtf_altfp_sqrt_8qc:Sqrtf_altfp_sqrt_8qc_component|man_result_ff[13]~_Duplicate_1 ; Packed Register ; Register Packing ; Timing optimization ; Q         ;                ; Holo:holo|CalcPhase:calcPhase|MultK:multKop|MultK_altfp_mult_mrn:MultK_altfp_mult_mrn_component|lpm_mult:man_product2_mult|mult_ujs:auto_generated|mac_mult1 ; DATAA            ;                       ;
; Holo:holo|CalcPhase:calcPhase|Sqrtf:sqrtfOp|Sqrtf_altfp_sqrt_8qc:Sqrtf_altfp_sqrt_8qc_component|man_result_ff[13]~_Duplicate_1 ; Duplicated      ; Register Packing ; Timing optimization ; Q         ;                ; Holo:holo|CalcPhase:calcPhase|Sqrtf:sqrtfOp|Sqrtf_altfp_sqrt_8qc:Sqrtf_altfp_sqrt_8qc_component|man_result_ff[13]~_Duplicate_2                               ; Q                ;                       ;
; Holo:holo|CalcPhase:calcPhase|Sqrtf:sqrtfOp|Sqrtf_altfp_sqrt_8qc:Sqrtf_altfp_sqrt_8qc_component|man_result_ff[14]              ; Packed Register ; Register Packing ; Timing optimization ; Q         ;                ; Holo:holo|CalcPhase:calcPhase|MultK:multKop|MultK_altfp_mult_mrn:MultK_altfp_mult_mrn_component|lpm_mult:man_product2_mult|mult_ujs:auto_generated|mac_mult3 ; DATAA            ;                       ;
; Holo:holo|CalcPhase:calcPhase|Sqrtf:sqrtfOp|Sqrtf_altfp_sqrt_8qc:Sqrtf_altfp_sqrt_8qc_component|man_result_ff[14]              ; Duplicated      ; Register Packing ; Timing optimization ; Q         ;                ; Holo:holo|CalcPhase:calcPhase|Sqrtf:sqrtfOp|Sqrtf_altfp_sqrt_8qc:Sqrtf_altfp_sqrt_8qc_component|man_result_ff[14]~_Duplicate_1                               ; Q                ;                       ;
; Holo:holo|CalcPhase:calcPhase|Sqrtf:sqrtfOp|Sqrtf_altfp_sqrt_8qc:Sqrtf_altfp_sqrt_8qc_component|man_result_ff[14]~_Duplicate_1 ; Packed Register ; Register Packing ; Timing optimization ; Q         ;                ; Holo:holo|CalcPhase:calcPhase|MultK:multKop|MultK_altfp_mult_mrn:MultK_altfp_mult_mrn_component|lpm_mult:man_product2_mult|mult_ujs:auto_generated|mac_mult1 ; DATAA            ;                       ;
; Holo:holo|CalcPhase:calcPhase|Sqrtf:sqrtfOp|Sqrtf_altfp_sqrt_8qc:Sqrtf_altfp_sqrt_8qc_component|man_result_ff[14]~_Duplicate_1 ; Duplicated      ; Register Packing ; Timing optimization ; Q         ;                ; Holo:holo|CalcPhase:calcPhase|Sqrtf:sqrtfOp|Sqrtf_altfp_sqrt_8qc:Sqrtf_altfp_sqrt_8qc_component|man_result_ff[14]~_Duplicate_2                               ; Q                ;                       ;
; Holo:holo|CalcPhase:calcPhase|Sqrtf:sqrtfOp|Sqrtf_altfp_sqrt_8qc:Sqrtf_altfp_sqrt_8qc_component|man_result_ff[15]              ; Packed Register ; Register Packing ; Timing optimization ; Q         ;                ; Holo:holo|CalcPhase:calcPhase|MultK:multKop|MultK_altfp_mult_mrn:MultK_altfp_mult_mrn_component|lpm_mult:man_product2_mult|mult_ujs:auto_generated|mac_mult3 ; DATAA            ;                       ;
; Holo:holo|CalcPhase:calcPhase|Sqrtf:sqrtfOp|Sqrtf_altfp_sqrt_8qc:Sqrtf_altfp_sqrt_8qc_component|man_result_ff[15]              ; Duplicated      ; Register Packing ; Timing optimization ; Q         ;                ; Holo:holo|CalcPhase:calcPhase|Sqrtf:sqrtfOp|Sqrtf_altfp_sqrt_8qc:Sqrtf_altfp_sqrt_8qc_component|man_result_ff[15]~_Duplicate_1                               ; Q                ;                       ;
; Holo:holo|CalcPhase:calcPhase|Sqrtf:sqrtfOp|Sqrtf_altfp_sqrt_8qc:Sqrtf_altfp_sqrt_8qc_component|man_result_ff[15]~_Duplicate_1 ; Packed Register ; Register Packing ; Timing optimization ; Q         ;                ; Holo:holo|CalcPhase:calcPhase|MultK:multKop|MultK_altfp_mult_mrn:MultK_altfp_mult_mrn_component|lpm_mult:man_product2_mult|mult_ujs:auto_generated|mac_mult1 ; DATAA            ;                       ;
; Holo:holo|CalcPhase:calcPhase|Sqrtf:sqrtfOp|Sqrtf_altfp_sqrt_8qc:Sqrtf_altfp_sqrt_8qc_component|man_result_ff[15]~_Duplicate_1 ; Duplicated      ; Register Packing ; Timing optimization ; Q         ;                ; Holo:holo|CalcPhase:calcPhase|Sqrtf:sqrtfOp|Sqrtf_altfp_sqrt_8qc:Sqrtf_altfp_sqrt_8qc_component|man_result_ff[15]~_Duplicate_2                               ; Q                ;                       ;
; Holo:holo|CalcPhase:calcPhase|Sqrtf:sqrtfOp|Sqrtf_altfp_sqrt_8qc:Sqrtf_altfp_sqrt_8qc_component|man_result_ff[16]              ; Packed Register ; Register Packing ; Timing optimization ; Q         ;                ; Holo:holo|CalcPhase:calcPhase|MultK:multKop|MultK_altfp_mult_mrn:MultK_altfp_mult_mrn_component|lpm_mult:man_product2_mult|mult_ujs:auto_generated|mac_mult3 ; DATAA            ;                       ;
; Holo:holo|CalcPhase:calcPhase|Sqrtf:sqrtfOp|Sqrtf_altfp_sqrt_8qc:Sqrtf_altfp_sqrt_8qc_component|man_result_ff[16]              ; Duplicated      ; Register Packing ; Timing optimization ; Q         ;                ; Holo:holo|CalcPhase:calcPhase|Sqrtf:sqrtfOp|Sqrtf_altfp_sqrt_8qc:Sqrtf_altfp_sqrt_8qc_component|man_result_ff[16]~_Duplicate_1                               ; Q                ;                       ;
; Holo:holo|CalcPhase:calcPhase|Sqrtf:sqrtfOp|Sqrtf_altfp_sqrt_8qc:Sqrtf_altfp_sqrt_8qc_component|man_result_ff[16]~_Duplicate_1 ; Packed Register ; Register Packing ; Timing optimization ; Q         ;                ; Holo:holo|CalcPhase:calcPhase|MultK:multKop|MultK_altfp_mult_mrn:MultK_altfp_mult_mrn_component|lpm_mult:man_product2_mult|mult_ujs:auto_generated|mac_mult1 ; DATAA            ;                       ;
; Holo:holo|CalcPhase:calcPhase|Sqrtf:sqrtfOp|Sqrtf_altfp_sqrt_8qc:Sqrtf_altfp_sqrt_8qc_component|man_result_ff[16]~_Duplicate_1 ; Duplicated      ; Register Packing ; Timing optimization ; Q         ;                ; Holo:holo|CalcPhase:calcPhase|Sqrtf:sqrtfOp|Sqrtf_altfp_sqrt_8qc:Sqrtf_altfp_sqrt_8qc_component|man_result_ff[16]~_Duplicate_2                               ; Q                ;                       ;
; Holo:holo|CalcPhase:calcPhase|Sqrtf:sqrtfOp|Sqrtf_altfp_sqrt_8qc:Sqrtf_altfp_sqrt_8qc_component|man_result_ff[17]              ; Packed Register ; Register Packing ; Timing optimization ; Q         ;                ; Holo:holo|CalcPhase:calcPhase|MultK:multKop|MultK_altfp_mult_mrn:MultK_altfp_mult_mrn_component|lpm_mult:man_product2_mult|mult_ujs:auto_generated|mac_mult3 ; DATAA            ;                       ;
; Holo:holo|CalcPhase:calcPhase|Sqrtf:sqrtfOp|Sqrtf_altfp_sqrt_8qc:Sqrtf_altfp_sqrt_8qc_component|man_result_ff[17]              ; Duplicated      ; Register Packing ; Timing optimization ; Q         ;                ; Holo:holo|CalcPhase:calcPhase|Sqrtf:sqrtfOp|Sqrtf_altfp_sqrt_8qc:Sqrtf_altfp_sqrt_8qc_component|man_result_ff[17]~_Duplicate_1                               ; Q                ;                       ;
; Holo:holo|CalcPhase:calcPhase|Sqrtf:sqrtfOp|Sqrtf_altfp_sqrt_8qc:Sqrtf_altfp_sqrt_8qc_component|man_result_ff[17]~_Duplicate_1 ; Packed Register ; Register Packing ; Timing optimization ; Q         ;                ; Holo:holo|CalcPhase:calcPhase|MultK:multKop|MultK_altfp_mult_mrn:MultK_altfp_mult_mrn_component|lpm_mult:man_product2_mult|mult_ujs:auto_generated|mac_mult1 ; DATAA            ;                       ;
; Holo:holo|CalcPhase:calcPhase|Sqrtf:sqrtfOp|Sqrtf_altfp_sqrt_8qc:Sqrtf_altfp_sqrt_8qc_component|man_result_ff[17]~_Duplicate_1 ; Duplicated      ; Register Packing ; Timing optimization ; Q         ;                ; Holo:holo|CalcPhase:calcPhase|Sqrtf:sqrtfOp|Sqrtf_altfp_sqrt_8qc:Sqrtf_altfp_sqrt_8qc_component|man_result_ff[17]~_Duplicate_2                               ; Q                ;                       ;
+--------------------------------------------------------------------------------------------------------------------------------+-----------------+------------------+---------------------+-----------+----------------+--------------------------------------------------------------------------------------------------------------------------------------------------------------+------------------+-----------------------+


+----------------------------------------------------------------------------------------------------------------------+
; Ignored Assignments                                                                                                  ;
+--------------+----------------+--------------+------------+-----------------------------------------+----------------+
; Name         ; Ignored Entity ; Ignored From ; Ignored To ; Ignored Value                           ; Ignored Source ;
+--------------+----------------+--------------+------------+-----------------------------------------+----------------+
; Reserve Pin  ;                ;              ; CLK_24M576 ; AS_INPUT_TRI_STATED                     ; QSF Assignment ;
; Reserve Pin  ;                ;              ; blue       ; AS_OUTPUT_DRIVING_AN_UNSPECIFIED_SIGNAL ; QSF Assignment ;
; Reserve Pin  ;                ;              ; green      ; AS_OUTPUT_DRIVING_AN_UNSPECIFIED_SIGNAL ; QSF Assignment ;
; Reserve Pin  ;                ;              ; left       ; AS_INPUT_TRI_STATED                     ; QSF Assignment ;
; Reserve Pin  ;                ;              ; mosi       ; AS_INPUT_TRI_STATED                     ; QSF Assignment ;
; Reserve Pin  ;                ;              ; ncs        ; AS_INPUT_TRI_STATED                     ; QSF Assignment ;
; Reserve Pin  ;                ;              ; red        ; AS_OUTPUT_DRIVING_AN_UNSPECIFIED_SIGNAL ; QSF Assignment ;
; Reserve Pin  ;                ;              ; sck        ; AS_INPUT_TRI_STATED                     ; QSF Assignment ;
; Reserve Pin  ;                ;              ; syncin     ; AS_INPUT_TRI_STATED                     ; QSF Assignment ;
; Reserve Pin  ;                ;              ; syncout    ; AS_OUTPUT_DRIVING_AN_UNSPECIFIED_SIGNAL ; QSF Assignment ;
; Reserve Pin  ;                ;              ; top        ; AS_INPUT_TRI_STATED                     ; QSF Assignment ;
; Location     ;                ;              ; as_data0   ; PIN_13                                  ; QSF Assignment ;
; Location     ;                ;              ; as_dclk    ; PIN_12                                  ; QSF Assignment ;
; Location     ;                ;              ; as_ncs     ; PIN_8                                   ; QSF Assignment ;
; Location     ;                ;              ; asdo       ; PIN_6                                   ; QSF Assignment ;
; Location     ;                ;              ; f_io0      ; PIN_43                                  ; QSF Assignment ;
; Location     ;                ;              ; f_io1      ; PIN_50                                  ; QSF Assignment ;
; Location     ;                ;              ; f_io3      ; PIN_51                                  ; QSF Assignment ;
; Location     ;                ;              ; f_sck      ; PIN_44                                  ; QSF Assignment ;
; I/O Standard ; HoloTop        ;              ; as_data0   ; 3.0-V LVTTL                             ; QSF Assignment ;
; I/O Standard ; HoloTop        ;              ; as_dclk    ; 3.0-V LVTTL                             ; QSF Assignment ;
; I/O Standard ; HoloTop        ;              ; as_ncs     ; 3.0-V LVTTL                             ; QSF Assignment ;
; I/O Standard ; HoloTop        ;              ; asdo       ; 3.0-V LVTTL                             ; QSF Assignment ;
; I/O Standard ; HoloTop        ;              ; f_io0      ; 3.0-V LVTTL                             ; QSF Assignment ;
; I/O Standard ; HoloTop        ;              ; f_io1      ; 3.0-V LVTTL                             ; QSF Assignment ;
; I/O Standard ; HoloTop        ;              ; f_io3      ; 3.0-V LVTTL                             ; QSF Assignment ;
; I/O Standard ; HoloTop        ;              ; f_sck      ; 3.0-V LVTTL                             ; QSF Assignment ;
+--------------+----------------+--------------+------------+-----------------------------------------+----------------+


+---------------------------------------------------------------------------------------------------+
; Incremental Compilation Preservation Summary                                                      ;
+---------------------+---------------------+----------------------------+--------------------------+
; Type                ; Total [A + B]       ; From Design Partitions [A] ; From Rapid Recompile [B] ;
+---------------------+---------------------+----------------------------+--------------------------+
; Placement (by node) ;                     ;                            ;                          ;
;     -- Requested    ; 0.00 % ( 0 / 8868 ) ; 0.00 % ( 0 / 8868 )        ; 0.00 % ( 0 / 8868 )      ;
;     -- Achieved     ; 0.00 % ( 0 / 8868 ) ; 0.00 % ( 0 / 8868 )        ; 0.00 % ( 0 / 8868 )      ;
;                     ;                     ;                            ;                          ;
; Routing (by net)    ;                     ;                            ;                          ;
;     -- Requested    ; 0.00 % ( 0 / 0 )    ; 0.00 % ( 0 / 0 )           ; 0.00 % ( 0 / 0 )         ;
;     -- Achieved     ; 0.00 % ( 0 / 0 )    ; 0.00 % ( 0 / 0 )           ; 0.00 % ( 0 / 0 )         ;
+---------------------+---------------------+----------------------------+--------------------------+


+----------------------------------------------------------------------------------------------------------------------------------------------------------------------------------------+
; Incremental Compilation Partition Settings                                                                                                                                             ;
+--------------------------------+----------------+-------------------+-------------------------+------------------------+------------------------------+--------------------------------+
; Partition Name                 ; Partition Type ; Netlist Type Used ; Preservation Level Used ; Netlist Type Requested ; Preservation Level Requested ; Contents                       ;
+--------------------------------+----------------+-------------------+-------------------------+------------------------+------------------------------+--------------------------------+
; Top                            ; User-created   ; Source File       ; N/A                     ; Source File            ; N/A                          ;                                ;
; hard_block:auto_generated_inst ; Auto-generated ; Source File       ; N/A                     ; Source File            ; N/A                          ; hard_block:auto_generated_inst ;
+--------------------------------+----------------+-------------------+-------------------------+------------------------+------------------------------+--------------------------------+


+------------------------------------------------------------------------------------------------------------------------------------+
; Incremental Compilation Placement Preservation                                                                                     ;
+--------------------------------+-----------------------+-------------------------+-------------------+---------------------+-------+
; Partition Name                 ; Preservation Achieved ; Preservation Level Used ; Netlist Type Used ; Preservation Method ; Notes ;
+--------------------------------+-----------------------+-------------------------+-------------------+---------------------+-------+
; Top                            ; 0.00 % ( 0 / 8850 )   ; N/A                     ; Source File       ; N/A                 ;       ;
; hard_block:auto_generated_inst ; 0.00 % ( 0 / 18 )     ; N/A                     ; Source File       ; N/A                 ;       ;
+--------------------------------+-----------------------+-------------------------+-------------------+---------------------+-------+


+--------------+
; Pin-Out File ;
+--------------+
The pin-out file can be found in C:/Users/Bored/OneDrive/Documents/GitHub/vdatp/fpga/output_files/holo1.pin.


+---------------------------------------------------------------------------+
; Fitter Resource Usage Summary                                             ;
+---------------------------------------------+-----------------------------+
; Resource                                    ; Usage                       ;
+---------------------------------------------+-----------------------------+
; Total logic elements                        ; 6,198 / 10,320 ( 60 % )     ;
;     -- Combinational with no register       ; 2011                        ;
;     -- Register only                        ; 1738                        ;
;     -- Combinational with a register        ; 2449                        ;
;                                             ;                             ;
; Logic element usage by number of LUT inputs ;                             ;
;     -- 4 input functions                    ; 1262                        ;
;     -- 3 input functions                    ; 1910                        ;
;     -- <=2 input functions                  ; 1288                        ;
;     -- Register only                        ; 1738                        ;
;                                             ;                             ;
; Logic elements by mode                      ;                             ;
;     -- normal mode                          ; 2954                        ;
;     -- arithmetic mode                      ; 1506                        ;
;                                             ;                             ;
; Total registers*                            ; 4,187 / 10,714 ( 39 % )     ;
;     -- Dedicated logic registers            ; 4,187 / 10,320 ( 41 % )     ;
;     -- I/O registers                        ; 0 / 394 ( 0 % )             ;
;                                             ;                             ;
; Total LABs:  partially or completely used   ; 477 / 645 ( 74 % )          ;
; Virtual pins                                ; 0                           ;
; I/O pins                                    ; 65 / 89 ( 73 % )            ;
;     -- Clock pins                           ; 2 / 4 ( 50 % )              ;
;     -- Dedicated input pins                 ; 0 / 9 ( 0 % )               ;
;                                             ;                             ;
; M9Ks                                        ; 46 / 46 ( 100 % )           ;
; Total block memory bits                     ; 376,832 / 423,936 ( 89 % )  ;
; Total block memory implementation bits      ; 423,936 / 423,936 ( 100 % ) ;
; Embedded Multiplier 9-bit elements          ; 32 / 46 ( 70 % )            ;
; PLLs                                        ; 1 / 2 ( 50 % )              ;
; Global signals                              ; 3                           ;
;     -- Global clocks                        ; 3 / 10 ( 30 % )             ;
; JTAGs                                       ; 0 / 1 ( 0 % )               ;
; CRC blocks                                  ; 0 / 1 ( 0 % )               ;
; ASMI blocks                                 ; 0 / 1 ( 0 % )               ;
; Oscillator blocks                           ; 0 / 1 ( 0 % )               ;
; Impedance control blocks                    ; 0 / 4 ( 0 % )               ;
; Average interconnect usage (total/H/V)      ; 15.6% / 14.8% / 16.8%       ;
; Peak interconnect usage (total/H/V)         ; 21.4% / 21.4% / 23.5%       ;
; Maximum fan-out                             ; 4281                        ;
; Highest non-global fan-out                  ; 450                         ;
; Total fan-out                               ; 27077                       ;
; Average fan-out                             ; 2.69                        ;
+---------------------------------------------+-----------------------------+
*  Register count does not include registers inside RAM blocks or DSP blocks.



+------------------------------------------------------------------------------------------------------+
; Fitter Partition Statistics                                                                          ;
+---------------------------------------------+-----------------------+--------------------------------+
; Statistic                                   ; Top                   ; hard_block:auto_generated_inst ;
+---------------------------------------------+-----------------------+--------------------------------+
; Difficulty Clustering Region                ; Low                   ; Low                            ;
;                                             ;                       ;                                ;
; Total logic elements                        ; 6198 / 10320 ( 60 % ) ; 0 / 10320 ( 0 % )              ;
;     -- Combinational with no register       ; 2011                  ; 0                              ;
;     -- Register only                        ; 1738                  ; 0                              ;
;     -- Combinational with a register        ; 2449                  ; 0                              ;
;                                             ;                       ;                                ;
; Logic element usage by number of LUT inputs ;                       ;                                ;
;     -- 4 input functions                    ; 1262                  ; 0                              ;
;     -- 3 input functions                    ; 1910                  ; 0                              ;
;     -- <=2 input functions                  ; 1288                  ; 0                              ;
;     -- Register only                        ; 1738                  ; 0                              ;
;                                             ;                       ;                                ;
; Logic elements by mode                      ;                       ;                                ;
;     -- normal mode                          ; 2954                  ; 0                              ;
;     -- arithmetic mode                      ; 1506                  ; 0                              ;
;                                             ;                       ;                                ;
; Total registers                             ; 4187                  ; 0                              ;
;     -- Dedicated logic registers            ; 4187 / 10320 ( 41 % ) ; 0 / 10320 ( 0 % )              ;
;     -- I/O registers                        ; 0                     ; 0                              ;
;                                             ;                       ;                                ;
; Total LABs:  partially or completely used   ; 477 / 645 ( 74 % )    ; 0 / 645 ( 0 % )                ;
;                                             ;                       ;                                ;
; Virtual pins                                ; 0                     ; 0                              ;
; I/O pins                                    ; 61                    ; 4                              ;
; Embedded Multiplier 9-bit elements          ; 32 / 46 ( 70 % )      ; 0 / 46 ( 0 % )                 ;
; Total memory bits                           ; 376832                ; 0                              ;
; Total RAM block bits                        ; 423936                ; 0                              ;
; PLL                                         ; 0 / 2 ( 0 % )         ; 1 / 2 ( 50 % )                 ;
; M9K                                         ; 46 / 46 ( 100 % )     ; 0 / 46 ( 0 % )                 ;
; Clock control block                         ; 2 / 12 ( 16 % )       ; 1 / 12 ( 8 % )                 ;
;                                             ;                       ;                                ;
; Connections                                 ;                       ;                                ;
;     -- Input Connections                    ; 4281                  ; 1                              ;
;     -- Registered Input Connections         ; 4277                  ; 0                              ;
;     -- Output Connections                   ; 1                     ; 4281                           ;
;     -- Registered Output Connections        ; 0                     ; 0                              ;
;                                             ;                       ;                                ;
; Internal Connections                        ;                       ;                                ;
;     -- Total Connections                    ; 27718                 ; 4292                           ;
;     -- Registered Connections               ; 15908                 ; 0                              ;
;                                             ;                       ;                                ;
; External Connections                        ;                       ;                                ;
;     -- Top                                  ; 0                     ; 4282                           ;
;     -- hard_block:auto_generated_inst       ; 4282                  ; 0                              ;
;                                             ;                       ;                                ;
; Partition Interface                         ;                       ;                                ;
;     -- Input Ports                          ; 7                     ; 1                              ;
;     -- Output Ports                         ; 54                    ; 1                              ;
;     -- Bidir Ports                          ; 0                     ; 0                              ;
;                                             ;                       ;                                ;
; Registered Ports                            ;                       ;                                ;
;     -- Registered Input Ports               ; 0                     ; 0                              ;
;     -- Registered Output Ports              ; 0                     ; 0                              ;
;                                             ;                       ;                                ;
; Port Connectivity                           ;                       ;                                ;
;     -- Input Ports driven by GND            ; 0                     ; 0                              ;
;     -- Output Ports driven by GND           ; 0                     ; 0                              ;
;     -- Input Ports driven by VCC            ; 0                     ; 0                              ;
;     -- Output Ports driven by VCC           ; 0                     ; 0                              ;
;     -- Input Ports with no Source           ; 0                     ; 0                              ;
;     -- Output Ports with no Source          ; 0                     ; 0                              ;
;     -- Input Ports with no Fanout           ; 0                     ; 0                              ;
;     -- Output Ports with no Fanout          ; 0                     ; 0                              ;
+---------------------------------------------+-----------------------+--------------------------------+


+---------------------------------------------------------------------------------------------------------------------------------------------------------------------------------------------------------------------------------------------------------------------------------------------+
; Input Pins                                                                                                                                                                                                                                                                                  ;
+------------+-------+----------+--------------+--------------+--------------+-----------------------+--------------------+--------+----------------+---------------+-----------------+----------+--------------+--------------+---------------------------+----------------------+-----------+
; Name       ; Pin # ; I/O Bank ; X coordinate ; Y coordinate ; Z coordinate ; Combinational Fan-Out ; Registered Fan-Out ; Global ; Input Register ; Power Up High ; PCI I/O Enabled ; Bus Hold ; Weak Pull Up ; I/O Standard ; Termination Control Block ; Location assigned by ; Slew Rate ;
+------------+-------+----------+--------------+--------------+--------------+-----------------------+--------------------+--------+----------------+---------------+-----------------+----------+--------------+--------------+---------------------------+----------------------+-----------+
; CLK_24M576 ; 22    ; 1        ; 0            ; 11           ; 0            ; 1                     ; 0                  ; no     ; no             ; no            ; yes             ; no       ; Off          ; 3.0-V LVTTL  ; --                        ; User                 ; no        ;
; left       ; 2     ; 1        ; 0            ; 23           ; 7            ; 33                    ; 0                  ; no     ; no             ; no            ; yes             ; no       ; On           ; 3.0-V LVTTL  ; --                        ; User                 ; no        ;
; misc0      ; 3     ; 1        ; 0            ; 23           ; 14           ; 0                     ; 0                  ; no     ; no             ; no            ; yes             ; no       ; On           ; 3.0-V LVTTL  ; --                        ; User                 ; no        ;
; misc1      ; 141   ; 8        ; 5            ; 24           ; 7            ; 0                     ; 0                  ; no     ; no             ; no            ; yes             ; no       ; On           ; 3.0-V LVTTL  ; --                        ; User                 ; no        ;
; miso       ; 32    ; 2        ; 0            ; 6            ; 14           ; 0                     ; 0                  ; no     ; no             ; no            ; yes             ; no       ; Off          ; 3.0-V LVTTL  ; --                        ; User                 ; no        ;
; mosi       ; 28    ; 2        ; 0            ; 9            ; 7            ; 2                     ; 0                  ; no     ; no             ; no            ; yes             ; no       ; Off          ; 3.0-V LVTTL  ; --                        ; User                 ; no        ;
; ncs        ; 25    ; 2        ; 0            ; 11           ; 21           ; 13                    ; 0                  ; yes    ; no             ; no            ; yes             ; no       ; Off          ; 3.0-V LVTTL  ; --                        ; User                 ; no        ;
; sck        ; 24    ; 2        ; 0            ; 11           ; 14           ; 19                    ; 0                  ; yes    ; no             ; no            ; yes             ; no       ; Off          ; 3.0-V LVTTL  ; --                        ; User                 ; no        ;
; syncin     ; 23    ; 1        ; 0            ; 11           ; 7            ; 1                     ; 0                  ; no     ; no             ; no            ; yes             ; no       ; Off          ; 3.0-V LVTTL  ; --                        ; User                 ; no        ;
; top        ; 1     ; 1        ; 0            ; 23           ; 0            ; 57                    ; 0                  ; no     ; no             ; no            ; yes             ; no       ; On           ; 3.0-V LVTTL  ; --                        ; User                 ; no        ;
+------------+-------+----------+--------------+--------------+--------------+-----------------------+--------------------+--------+----------------+---------------+-----------------+----------+--------------+--------------+---------------------------+----------------------+-----------+


+----------------------------------------------------------------------------------------------------------------------------------------------------------------------------------------------------------------------------------------------------------------------------------------------------------------------------------------------------------------------------------------------------------------------------------------------------------+
; Output Pins                                                                                                                                                                                                                                                                                                                                                                                                                                              ;
+---------+-------+----------+--------------+--------------+--------------+-----------------+------------------------+---------------+-----------+-----------------+------------+---------------+----------+--------------+--------------+------------------+-----------------------------------+---------------------------+----------------------------+-----------------------------+----------------------+----------------------+---------------------+
; Name    ; Pin # ; I/O Bank ; X coordinate ; Y coordinate ; Z coordinate ; Output Register ; Output Enable Register ; Power Up High ; Slew Rate ; PCI I/O Enabled ; Open Drain ; TRI Primitive ; Bus Hold ; Weak Pull Up ; I/O Standard ; Current Strength ; Termination                       ; Termination Control Block ; Output Buffer Pre-emphasis ; Voltage Output Differential ; Location assigned by ; Output Enable Source ; Output Enable Group ;
+---------+-------+----------+--------------+--------------+--------------+-----------------+------------------------+---------------+-----------+-----------------+------------+---------------+----------+--------------+--------------+------------------+-----------------------------------+---------------------------+----------------------------+-----------------------------+----------------------+----------------------+---------------------+
; blue    ; 142   ; 8        ; 3            ; 24           ; 21           ; no              ; no                     ; no            ; 2         ; no              ; no         ; no            ; no       ; Off          ; 3.0-V LVTTL  ; Default          ; Series 50 Ohm without Calibration ; --                        ; no                         ; no                          ; User                 ; -                    ; -                   ;
; f_ncs   ; 49    ; 3        ; 13           ; 0            ; 14           ; no              ; no                     ; no            ; 2         ; no              ; no         ; no            ; no       ; Off          ; 3.0-V LVTTL  ; Default          ; Series 50 Ohm without Calibration ; --                        ; no                         ; no                          ; User                 ; -                    ; -                   ;
; green   ; 143   ; 8        ; 1            ; 24           ; 0            ; no              ; no                     ; no            ; 2         ; no              ; no         ; no            ; no       ; Off          ; 3.0-V LVTTL  ; Default          ; Series 50 Ohm without Calibration ; --                        ; no                         ; no                          ; User                 ; -                    ; -                   ;
; red     ; 144   ; 8        ; 1            ; 24           ; 7            ; no              ; no                     ; no            ; 2         ; no              ; no         ; no            ; no       ; Off          ; 3.0-V LVTTL  ; Default          ; Series 50 Ohm without Calibration ; --                        ; no                         ; no                          ; User                 ; -                    ; -                   ;
; syncout ; 31    ; 2        ; 0            ; 7            ; 0            ; no              ; no                     ; no            ; 2         ; no              ; no         ; no            ; no       ; Off          ; 3.0-V LVTTL  ; Default          ; Series 50 Ohm without Calibration ; --                        ; no                         ; no                          ; User                 ; -                    ; -                   ;
; t[0]    ; 52    ; 3        ; 16           ; 0            ; 7            ; no              ; no                     ; no            ; 2         ; no              ; no         ; no            ; no       ; Off          ; 3.0-V LVTTL  ; Default          ; Series 50 Ohm without Calibration ; --                        ; no                         ; no                          ; User                 ; -                    ; -                   ;
; t[10]   ; 68    ; 4        ; 30           ; 0            ; 7            ; no              ; no                     ; no            ; 2         ; no              ; no         ; no            ; no       ; Off          ; 3.0-V LVTTL  ; Default          ; Series 50 Ohm without Calibration ; --                        ; no                         ; no                          ; User                 ; -                    ; -                   ;
; t[11]   ; 69    ; 4        ; 30           ; 0            ; 0            ; no              ; no                     ; no            ; 2         ; no              ; no         ; no            ; no       ; Off          ; 3.0-V LVTTL  ; Default          ; Series 50 Ohm without Calibration ; --                        ; no                         ; no                          ; User                 ; -                    ; -                   ;
; t[12]   ; 70    ; 4        ; 32           ; 0            ; 21           ; no              ; no                     ; no            ; 2         ; no              ; no         ; no            ; no       ; Off          ; 3.0-V LVTTL  ; Default          ; Series 50 Ohm without Calibration ; --                        ; no                         ; no                          ; User                 ; -                    ; -                   ;
; t[13]   ; 71    ; 4        ; 32           ; 0            ; 14           ; no              ; no                     ; no            ; 2         ; no              ; no         ; no            ; no       ; Off          ; 3.0-V LVTTL  ; Default          ; Series 50 Ohm without Calibration ; --                        ; no                         ; no                          ; User                 ; -                    ; -                   ;
; t[14]   ; 72    ; 4        ; 32           ; 0            ; 7            ; no              ; no                     ; no            ; 2         ; no              ; no         ; no            ; no       ; Off          ; 3.0-V LVTTL  ; Default          ; Series 50 Ohm without Calibration ; --                        ; no                         ; no                          ; User                 ; -                    ; -                   ;
; t[15]   ; 73    ; 5        ; 34           ; 2            ; 21           ; no              ; no                     ; no            ; 2         ; no              ; no         ; no            ; no       ; Off          ; 3.0-V LVTTL  ; Default          ; Series 50 Ohm without Calibration ; --                        ; no                         ; no                          ; User                 ; -                    ; -                   ;
; t[16]   ; 74    ; 5        ; 34           ; 2            ; 14           ; no              ; no                     ; no            ; 2         ; no              ; no         ; no            ; no       ; Off          ; 3.0-V LVTTL  ; Default          ; Series 50 Ohm without Calibration ; --                        ; no                         ; no                          ; User                 ; -                    ; -                   ;
; t[17]   ; 75    ; 5        ; 34           ; 3            ; 21           ; no              ; no                     ; no            ; 2         ; no              ; no         ; no            ; no       ; Off          ; 3.0-V LVTTL  ; Default          ; Series 50 Ohm without Calibration ; --                        ; no                         ; no                          ; User                 ; -                    ; -                   ;
; t[18]   ; 76    ; 5        ; 34           ; 4            ; 21           ; no              ; no                     ; no            ; 2         ; no              ; no         ; no            ; no       ; Off          ; 3.0-V LVTTL  ; Default          ; Series 50 Ohm without Calibration ; --                        ; no                         ; no                          ; User                 ; -                    ; -                   ;
; t[19]   ; 77    ; 5        ; 34           ; 4            ; 14           ; no              ; no                     ; no            ; 2         ; no              ; no         ; no            ; no       ; Off          ; 3.0-V LVTTL  ; Default          ; Series 50 Ohm without Calibration ; --                        ; no                         ; no                          ; User                 ; -                    ; -                   ;
; t[1]    ; 53    ; 3        ; 16           ; 0            ; 0            ; no              ; no                     ; no            ; 2         ; no              ; no         ; no            ; no       ; Off          ; 3.0-V LVTTL  ; Default          ; Series 50 Ohm without Calibration ; --                        ; no                         ; no                          ; User                 ; -                    ; -                   ;
; t[20]   ; 80    ; 5        ; 34           ; 7            ; 7            ; no              ; no                     ; no            ; 2         ; no              ; no         ; no            ; no       ; Off          ; 3.0-V LVTTL  ; Default          ; Series 50 Ohm without Calibration ; --                        ; no                         ; no                          ; User                 ; -                    ; -                   ;
; t[21]   ; 83    ; 5        ; 34           ; 9            ; 21           ; no              ; no                     ; no            ; 2         ; no              ; no         ; no            ; no       ; Off          ; 3.0-V LVTTL  ; Default          ; Series 50 Ohm without Calibration ; --                        ; no                         ; no                          ; User                 ; -                    ; -                   ;
; t[22]   ; 84    ; 5        ; 34           ; 9            ; 14           ; no              ; no                     ; no            ; 2         ; no              ; no         ; no            ; no       ; Off          ; 3.0-V LVTTL  ; Default          ; Series 50 Ohm without Calibration ; --                        ; no                         ; no                          ; User                 ; -                    ; -                   ;
; t[23]   ; 85    ; 5        ; 34           ; 9            ; 7            ; no              ; no                     ; no            ; 2         ; no              ; no         ; no            ; no       ; Off          ; 3.0-V LVTTL  ; Default          ; Series 50 Ohm without Calibration ; --                        ; no                         ; no                          ; User                 ; -                    ; -                   ;
; t[24]   ; 87    ; 5        ; 34           ; 10           ; 7            ; no              ; no                     ; no            ; 2         ; no              ; no         ; no            ; no       ; Off          ; 3.0-V LVTTL  ; Default          ; Series 50 Ohm without Calibration ; --                        ; no                         ; no                          ; User                 ; -                    ; -                   ;
; t[25]   ; 98    ; 6        ; 34           ; 17           ; 21           ; no              ; no                     ; no            ; 2         ; no              ; no         ; no            ; no       ; Off          ; 3.0-V LVTTL  ; Default          ; Series 50 Ohm without Calibration ; --                        ; no                         ; no                          ; User                 ; -                    ; -                   ;
; t[26]   ; 99    ; 6        ; 34           ; 17           ; 14           ; no              ; no                     ; no            ; 2         ; no              ; no         ; no            ; no       ; Off          ; 3.0-V LVTTL  ; Default          ; Series 50 Ohm without Calibration ; --                        ; no                         ; no                          ; User                 ; -                    ; -                   ;
; t[27]   ; 100   ; 6        ; 34           ; 17           ; 0            ; no              ; no                     ; no            ; 2         ; no              ; no         ; no            ; no       ; Off          ; 3.0-V LVTTL  ; Default          ; Series 50 Ohm without Calibration ; --                        ; no                         ; no                          ; User                 ; -                    ; -                   ;
; t[28]   ; 101   ; 6        ; 34           ; 18           ; 21           ; no              ; no                     ; no            ; 2         ; no              ; no         ; no            ; no       ; Off          ; 3.0-V LVTTL  ; Default          ; Series 50 Ohm without Calibration ; --                        ; no                         ; no                          ; User                 ; -                    ; -                   ;
; t[29]   ; 103   ; 6        ; 34           ; 18           ; 14           ; no              ; no                     ; no            ; 2         ; no              ; no         ; no            ; no       ; Off          ; 3.0-V LVTTL  ; Default          ; Series 50 Ohm without Calibration ; --                        ; no                         ; no                          ; User                 ; -                    ; -                   ;
; t[2]    ; 54    ; 4        ; 18           ; 0            ; 21           ; no              ; no                     ; no            ; 2         ; no              ; no         ; no            ; no       ; Off          ; 3.0-V LVTTL  ; Default          ; Series 50 Ohm without Calibration ; --                        ; no                         ; no                          ; User                 ; -                    ; -                   ;
; t[30]   ; 105   ; 6        ; 34           ; 19           ; 14           ; no              ; no                     ; no            ; 2         ; no              ; no         ; no            ; no       ; Off          ; 3.0-V LVTTL  ; Default          ; Series 50 Ohm without Calibration ; --                        ; no                         ; no                          ; User                 ; -                    ; -                   ;
; t[31]   ; 106   ; 6        ; 34           ; 20           ; 7            ; no              ; no                     ; no            ; 2         ; no              ; no         ; no            ; no       ; Off          ; 3.0-V LVTTL  ; Default          ; Series 50 Ohm without Calibration ; --                        ; no                         ; no                          ; User                 ; -                    ; -                   ;
; t[32]   ; 111   ; 7        ; 30           ; 24           ; 21           ; no              ; no                     ; no            ; 2         ; no              ; no         ; no            ; no       ; Off          ; 3.0-V LVTTL  ; Default          ; Series 50 Ohm without Calibration ; --                        ; no                         ; no                          ; User                 ; -                    ; -                   ;
; t[33]   ; 112   ; 7        ; 28           ; 24           ; 0            ; no              ; no                     ; no            ; 2         ; no              ; no         ; no            ; no       ; Off          ; 3.0-V LVTTL  ; Default          ; Series 50 Ohm without Calibration ; --                        ; no                         ; no                          ; User                 ; -                    ; -                   ;
; t[34]   ; 113   ; 7        ; 28           ; 24           ; 7            ; no              ; no                     ; no            ; 2         ; no              ; no         ; no            ; no       ; Off          ; 3.0-V LVTTL  ; Default          ; Series 50 Ohm without Calibration ; --                        ; no                         ; no                          ; User                 ; -                    ; -                   ;
; t[35]   ; 114   ; 7        ; 28           ; 24           ; 14           ; no              ; no                     ; no            ; 2         ; no              ; no         ; no            ; no       ; Off          ; 3.0-V LVTTL  ; Default          ; Series 50 Ohm without Calibration ; --                        ; no                         ; no                          ; User                 ; -                    ; -                   ;
; t[36]   ; 115   ; 7        ; 28           ; 24           ; 21           ; no              ; no                     ; no            ; 2         ; no              ; no         ; no            ; no       ; Off          ; 3.0-V LVTTL  ; Default          ; Series 50 Ohm without Calibration ; --                        ; no                         ; no                          ; User                 ; -                    ; -                   ;
; t[37]   ; 119   ; 7        ; 23           ; 24           ; 0            ; no              ; no                     ; no            ; 2         ; no              ; no         ; no            ; no       ; Off          ; 3.0-V LVTTL  ; Default          ; Series 50 Ohm without Calibration ; --                        ; no                         ; no                          ; User                 ; -                    ; -                   ;
; t[38]   ; 120   ; 7        ; 23           ; 24           ; 7            ; no              ; no                     ; no            ; 2         ; no              ; no         ; no            ; no       ; Off          ; 3.0-V LVTTL  ; Default          ; Series 50 Ohm without Calibration ; --                        ; no                         ; no                          ; User                 ; -                    ; -                   ;
; t[39]   ; 121   ; 7        ; 23           ; 24           ; 14           ; no              ; no                     ; no            ; 2         ; no              ; no         ; no            ; no       ; Off          ; 3.0-V LVTTL  ; Default          ; Series 50 Ohm without Calibration ; --                        ; no                         ; no                          ; User                 ; -                    ; -                   ;
; t[3]    ; 55    ; 4        ; 18           ; 0            ; 14           ; no              ; no                     ; no            ; 2         ; no              ; no         ; no            ; no       ; Off          ; 3.0-V LVTTL  ; Default          ; Series 50 Ohm without Calibration ; --                        ; no                         ; no                          ; User                 ; -                    ; -                   ;
; t[40]   ; 124   ; 7        ; 18           ; 24           ; 14           ; no              ; no                     ; no            ; 2         ; no              ; no         ; no            ; no       ; Off          ; 3.0-V LVTTL  ; Default          ; Series 50 Ohm without Calibration ; --                        ; no                         ; no                          ; User                 ; -                    ; -                   ;
; t[41]   ; 125   ; 7        ; 18           ; 24           ; 21           ; no              ; no                     ; no            ; 2         ; no              ; no         ; no            ; no       ; Off          ; 3.0-V LVTTL  ; Default          ; Series 50 Ohm without Calibration ; --                        ; no                         ; no                          ; User                 ; -                    ; -                   ;
; t[42]   ; 126   ; 7        ; 16           ; 24           ; 0            ; no              ; no                     ; no            ; 2         ; no              ; no         ; no            ; no       ; Off          ; 3.0-V LVTTL  ; Default          ; Series 50 Ohm without Calibration ; --                        ; no                         ; no                          ; User                 ; -                    ; -                   ;
; t[43]   ; 127   ; 7        ; 16           ; 24           ; 7            ; no              ; no                     ; no            ; 2         ; no              ; no         ; no            ; no       ; Off          ; 3.0-V LVTTL  ; Default          ; Series 50 Ohm without Calibration ; --                        ; no                         ; no                          ; User                 ; -                    ; -                   ;
; t[44]   ; 128   ; 8        ; 16           ; 24           ; 14           ; no              ; no                     ; no            ; 2         ; no              ; no         ; no            ; no       ; Off          ; 3.0-V LVTTL  ; Default          ; Series 50 Ohm without Calibration ; --                        ; no                         ; no                          ; User                 ; -                    ; -                   ;
; t[45]   ; 129   ; 8        ; 16           ; 24           ; 21           ; no              ; no                     ; no            ; 2         ; no              ; no         ; no            ; no       ; Off          ; 3.0-V LVTTL  ; Default          ; Series 50 Ohm without Calibration ; --                        ; no                         ; no                          ; User                 ; -                    ; -                   ;
; t[46]   ; 132   ; 8        ; 13           ; 24           ; 14           ; no              ; no                     ; no            ; 2         ; no              ; no         ; no            ; no       ; Off          ; 3.0-V LVTTL  ; Default          ; Series 50 Ohm without Calibration ; --                        ; no                         ; no                          ; User                 ; -                    ; -                   ;
; t[47]   ; 133   ; 8        ; 13           ; 24           ; 21           ; no              ; no                     ; no            ; 2         ; no              ; no         ; no            ; no       ; Off          ; 3.0-V LVTTL  ; Default          ; Series 50 Ohm without Calibration ; --                        ; no                         ; no                          ; User                 ; -                    ; -                   ;
; t[48]   ; 135   ; 8        ; 11           ; 24           ; 14           ; no              ; no                     ; no            ; 2         ; no              ; no         ; no            ; no       ; Off          ; 3.0-V LVTTL  ; Default          ; Series 50 Ohm without Calibration ; --                        ; no                         ; no                          ; User                 ; -                    ; -                   ;
; t[49]   ; 136   ; 8        ; 9            ; 24           ; 7            ; no              ; no                     ; no            ; 2         ; no              ; no         ; no            ; no       ; Off          ; 3.0-V LVTTL  ; Default          ; Series 50 Ohm without Calibration ; --                        ; no                         ; no                          ; User                 ; -                    ; -                   ;
; t[4]    ; 58    ; 4        ; 21           ; 0            ; 7            ; no              ; no                     ; no            ; 2         ; no              ; no         ; no            ; no       ; Off          ; 3.0-V LVTTL  ; Default          ; Series 50 Ohm without Calibration ; --                        ; no                         ; no                          ; User                 ; -                    ; -                   ;
; t[5]    ; 59    ; 4        ; 23           ; 0            ; 14           ; no              ; no                     ; no            ; 2         ; no              ; no         ; no            ; no       ; Off          ; 3.0-V LVTTL  ; Default          ; Series 50 Ohm without Calibration ; --                        ; no                         ; no                          ; User                 ; -                    ; -                   ;
; t[6]    ; 60    ; 4        ; 23           ; 0            ; 7            ; no              ; no                     ; no            ; 2         ; no              ; no         ; no            ; no       ; Off          ; 3.0-V LVTTL  ; Default          ; Series 50 Ohm without Calibration ; --                        ; no                         ; no                          ; User                 ; -                    ; -                   ;
; t[7]    ; 65    ; 4        ; 28           ; 0            ; 21           ; no              ; no                     ; no            ; 2         ; no              ; no         ; no            ; no       ; Off          ; 3.0-V LVTTL  ; Default          ; Series 50 Ohm without Calibration ; --                        ; no                         ; no                          ; User                 ; -                    ; -                   ;
; t[8]    ; 66    ; 4        ; 28           ; 0            ; 0            ; no              ; no                     ; no            ; 2         ; no              ; no         ; no            ; no       ; Off          ; 3.0-V LVTTL  ; Default          ; Series 50 Ohm without Calibration ; --                        ; no                         ; no                          ; User                 ; -                    ; -                   ;
; t[9]    ; 67    ; 4        ; 30           ; 0            ; 21           ; no              ; no                     ; no            ; 2         ; no              ; no         ; no            ; no       ; Off          ; 3.0-V LVTTL  ; Default          ; Series 50 Ohm without Calibration ; --                        ; no                         ; no                          ; User                 ; -                    ; -                   ;
+---------+-------+----------+--------------+--------------+--------------+-----------------+------------------------+---------------+-----------+-----------------+------------+---------------+----------+--------------+--------------+------------------+-----------------------------------+---------------------------+----------------------------+-----------------------------+----------------------+----------------------+---------------------+


+-------------------------------------------------------------------------------------------------------------------------+
; Dual Purpose and Dedicated Pins                                                                                         ;
+----------+-----------------------------+--------------------------+-------------------------+---------------------------+
; Location ; Pin Name                    ; Reserved As              ; User Signal Name        ; Pin Type                  ;
+----------+-----------------------------+--------------------------+-------------------------+---------------------------+
; 6        ; DIFFIO_L1n, DATA1, ASDO     ; As input tri-stated      ; ~ALTERA_ASDO_DATA1~     ; Dual Purpose Pin          ;
; 8        ; DIFFIO_L2p, FLASH_nCE, nCSO ; As input tri-stated      ; ~ALTERA_FLASH_nCE_nCSO~ ; Dual Purpose Pin          ;
; 9        ; nSTATUS                     ; -                        ; -                       ; Dedicated Programming Pin ;
; 12       ; DCLK                        ; As output driving ground ; ~ALTERA_DCLK~           ; Dual Purpose Pin          ;
; 13       ; DATA0                       ; As input tri-stated      ; ~ALTERA_DATA0~          ; Dual Purpose Pin          ;
; 14       ; nCONFIG                     ; -                        ; -                       ; Dedicated Programming Pin ;
; 21       ; nCE                         ; -                        ; -                       ; Dedicated Programming Pin ;
; 87       ; DIFFIO_R7p, DEV_CLRn        ; Use as regular IO        ; t[24]                   ; Dual Purpose Pin          ;
; 92       ; CONF_DONE                   ; -                        ; -                       ; Dedicated Programming Pin ;
; 94       ; MSEL0                       ; -                        ; -                       ; Dedicated Programming Pin ;
; 96       ; MSEL1                       ; -                        ; -                       ; Dedicated Programming Pin ;
; 97       ; MSEL2                       ; -                        ; -                       ; Dedicated Programming Pin ;
; 97       ; MSEL3                       ; -                        ; -                       ; Dedicated Programming Pin ;
; 98       ; DIFFIO_R4n, INIT_DONE       ; Use as regular IO        ; t[25]                   ; Dual Purpose Pin          ;
; 99       ; DIFFIO_R4p, CRC_ERROR       ; Use as regular IO        ; t[26]                   ; Dual Purpose Pin          ;
; 101      ; DIFFIO_R3n, nCEO            ; Use as programming pin   ; t[28]                   ; Dual Purpose Pin          ;
; 103      ; DIFFIO_R3p, CLKUSR          ; Use as regular IO        ; t[29]                   ; Dual Purpose Pin          ;
; 132      ; DIFFIO_T10n, DATA2          ; Use as regular IO        ; t[46]                   ; Dual Purpose Pin          ;
; 133      ; DIFFIO_T10p, DATA3          ; Use as regular IO        ; t[47]                   ; Dual Purpose Pin          ;
+----------+-----------------------------+--------------------------+-------------------------+---------------------------+


+-------------------------------------------------------------+
; I/O Bank Usage                                              ;
+----------+-------------------+---------------+--------------+
; I/O Bank ; Usage             ; VCCIO Voltage ; VREF Voltage ;
+----------+-------------------+---------------+--------------+
; 1        ; 9 / 12 ( 75 % )   ; 3.0V          ; --           ;
; 2        ; 5 / 7 ( 71 % )    ; 3.0V          ; --           ;
; 3        ; 3 / 11 ( 27 % )   ; 3.0V          ; --           ;
; 4        ; 13 / 13 ( 100 % ) ; 3.0V          ; --           ;
; 5        ; 10 / 13 ( 77 % )  ; 3.0V          ; --           ;
; 6        ; 7 / 9 ( 78 % )    ; 3.0V          ; --           ;
; 7        ; 12 / 12 ( 100 % ) ; 3.0V          ; --           ;
; 8        ; 10 / 12 ( 83 % )  ; 3.0V          ; --           ;
+----------+-------------------+---------------+--------------+


+-----------------------------------------------------------------------------------------------------------------------------------------------------------------------------------------+
; All Package Pins                                                                                                                                                                        ;
+----------+------------+----------+-----------------------------------------------------------+--------+--------------+---------+------------+-----------------+----------+--------------+
; Location ; Pad Number ; I/O Bank ; Pin Name/Usage                                            ; Dir.   ; I/O Standard ; Voltage ; I/O Type   ; User Assignment ; Bus Hold ; Weak Pull Up ;
+----------+------------+----------+-----------------------------------------------------------+--------+--------------+---------+------------+-----------------+----------+--------------+
; 1        ; 0          ; 1        ; top                                                       ; input  ; 3.0-V LVTTL  ;         ; Row I/O    ; Y               ; no       ; On           ;
; 2        ; 1          ; 1        ; left                                                      ; input  ; 3.0-V LVTTL  ;         ; Row I/O    ; Y               ; no       ; On           ;
; 3        ; 2          ; 1        ; misc0                                                     ; input  ; 3.0-V LVTTL  ;         ; Row I/O    ; Y               ; no       ; On           ;
; 4        ;            ;          ; GND                                                       ; gnd    ;              ;         ; --         ;                 ; --       ; --           ;
; 5        ;            ;          ; VCCINT                                                    ; power  ;              ; 1.2V    ; --         ;                 ; --       ; --           ;
; 6        ; 5          ; 1        ; ~ALTERA_ASDO_DATA1~ / RESERVED_INPUT_WITH_WEAK_PULLUP     ; input  ; 3.0-V LVTTL  ;         ; Row I/O    ; N               ; no       ; On           ;
; 7        ; 6          ; 1        ; RESERVED_INPUT_WITH_WEAK_PULLUP                           ;        ;              ;         ; Row I/O    ;                 ; --       ; --           ;
; 8        ; 7          ; 1        ; ~ALTERA_FLASH_nCE_nCSO~ / RESERVED_INPUT_WITH_WEAK_PULLUP ; input  ; 3.0-V LVTTL  ;         ; Row I/O    ; N               ; no       ; On           ;
; 9        ; 9          ; 1        ; ^nSTATUS                                                  ;        ;              ;         ; --         ;                 ; --       ; --           ;
; 10       ; 13         ; 1        ; RESERVED_INPUT_WITH_WEAK_PULLUP                           ;        ;              ;         ; Row I/O    ;                 ; no       ; On           ;
; 11       ; 14         ; 1        ; RESERVED_INPUT_WITH_WEAK_PULLUP                           ;        ;              ;         ; Row I/O    ;                 ; no       ; On           ;
; 12       ; 15         ; 1        ; ~ALTERA_DCLK~                                             ; output ; 3.0-V LVTTL  ;         ; Row I/O    ; N               ; no       ; On           ;
; 13       ; 16         ; 1        ; ~ALTERA_DATA0~ / RESERVED_INPUT_WITH_WEAK_PULLUP          ; input  ; 3.0-V LVTTL  ;         ; Row I/O    ; N               ; no       ; On           ;
; 14       ; 17         ; 1        ; ^nCONFIG                                                  ;        ;              ;         ; --         ;                 ; --       ; --           ;
; 15       ; 18         ; 1        ; #TDI                                                      ; input  ;              ;         ; --         ;                 ; --       ; --           ;
; 16       ; 19         ; 1        ; #TCK                                                      ; input  ;              ;         ; --         ;                 ; --       ; --           ;
; 17       ;            ; 1        ; VCCIO1                                                    ; power  ;              ; 3.0V    ; --         ;                 ; --       ; --           ;
; 18       ; 20         ; 1        ; #TMS                                                      ; input  ;              ;         ; --         ;                 ; --       ; --           ;
; 19       ;            ;          ; GND                                                       ; gnd    ;              ;         ; --         ;                 ; --       ; --           ;
; 20       ; 21         ; 1        ; #TDO                                                      ; output ;              ;         ; --         ;                 ; --       ; --           ;
; 21       ; 22         ; 1        ; ^nCE                                                      ;        ;              ;         ; --         ;                 ; --       ; --           ;
; 22       ; 23         ; 1        ; CLK_24M576                                                ; input  ; 3.0-V LVTTL  ;         ; Row I/O    ; Y               ; no       ; Off          ;
; 23       ; 24         ; 1        ; syncin                                                    ; input  ; 3.0-V LVTTL  ;         ; Row I/O    ; Y               ; no       ; Off          ;
; 24       ; 25         ; 2        ; sck                                                       ; input  ; 3.0-V LVTTL  ;         ; Row I/O    ; Y               ; no       ; Off          ;
; 25       ; 26         ; 2        ; ncs                                                       ; input  ; 3.0-V LVTTL  ;         ; Row I/O    ; Y               ; no       ; Off          ;
; 26       ;            ; 2        ; VCCIO2                                                    ; power  ;              ; 3.0V    ; --         ;                 ; --       ; --           ;
; 27       ;            ;          ; GND                                                       ; gnd    ;              ;         ; --         ;                 ; --       ; --           ;
; 28       ; 31         ; 2        ; mosi                                                      ; input  ; 3.0-V LVTTL  ;         ; Row I/O    ; Y               ; no       ; Off          ;
; 29       ;            ;          ; VCCINT                                                    ; power  ;              ; 1.2V    ; --         ;                 ; --       ; --           ;
; 30       ;            ;          ; GND                                                       ; gnd    ;              ;         ; --         ;                 ; --       ; --           ;
; 31       ; 36         ; 2        ; syncout                                                   ; output ; 3.0-V LVTTL  ;         ; Row I/O    ; Y               ; no       ; Off          ;
; 32       ; 39         ; 2        ; miso                                                      ; input  ; 3.0-V LVTTL  ;         ; Row I/O    ; Y               ; no       ; Off          ;
; 33       ; 40         ; 2        ; RESERVED_INPUT_WITH_WEAK_PULLUP                           ;        ;              ;         ; Row I/O    ;                 ; no       ; On           ;
; 34       ; 41         ; 2        ; RESERVED_INPUT_WITH_WEAK_PULLUP                           ;        ;              ;         ; Row I/O    ;                 ; no       ; On           ;
; 35       ;            ; --       ; VCCA1                                                     ; power  ;              ; 2.5V    ; --         ;                 ; --       ; --           ;
; 36       ;            ;          ; GNDA1                                                     ; gnd    ;              ;         ; --         ;                 ; --       ; --           ;
; 37       ;            ;          ; VCCD_PLL1                                                 ; power  ;              ; 1.2V    ; --         ;                 ; --       ; --           ;
; 38       ; 45         ; 3        ; RESERVED_INPUT_WITH_WEAK_PULLUP                           ;        ;              ;         ; Column I/O ;                 ; no       ; On           ;
; 39       ; 46         ; 3        ; RESERVED_INPUT_WITH_WEAK_PULLUP                           ;        ;              ;         ; Column I/O ;                 ; no       ; On           ;
; 40       ;            ; 3        ; VCCIO3                                                    ; power  ;              ; 3.0V    ; --         ;                 ; --       ; --           ;
; 41       ;            ;          ; GND                                                       ; gnd    ;              ;         ; --         ;                 ; --       ; --           ;
; 42       ; 52         ; 3        ; RESERVED_INPUT_WITH_WEAK_PULLUP                           ;        ;              ;         ; Column I/O ;                 ; no       ; On           ;
; 43       ; 53         ; 3        ; RESERVED_INPUT_WITH_WEAK_PULLUP                           ;        ;              ;         ; Column I/O ;                 ; no       ; On           ;
; 44       ; 54         ; 3        ; RESERVED_INPUT_WITH_WEAK_PULLUP                           ;        ;              ;         ; Column I/O ;                 ; no       ; On           ;
; 45       ;            ;          ; VCCINT                                                    ; power  ;              ; 1.2V    ; --         ;                 ; --       ; --           ;
; 46       ; 58         ; 3        ; RESERVED_INPUT_WITH_WEAK_PULLUP                           ;        ;              ;         ; Column I/O ;                 ; --       ; --           ;
; 47       ;            ; 3        ; VCCIO3                                                    ; power  ;              ; 3.0V    ; --         ;                 ; --       ; --           ;
; 48       ;            ;          ; GND                                                       ; gnd    ;              ;         ; --         ;                 ; --       ; --           ;
; 49       ; 68         ; 3        ; f_ncs                                                     ; output ; 3.0-V LVTTL  ;         ; Column I/O ; Y               ; no       ; Off          ;
; 50       ; 69         ; 3        ; RESERVED_INPUT_WITH_WEAK_PULLUP                           ;        ;              ;         ; Column I/O ;                 ; no       ; On           ;
; 51       ; 70         ; 3        ; RESERVED_INPUT_WITH_WEAK_PULLUP                           ;        ;              ;         ; Column I/O ;                 ; no       ; On           ;
; 52       ; 72         ; 3        ; t[0]                                                      ; output ; 3.0-V LVTTL  ;         ; Column I/O ; Y               ; no       ; Off          ;
; 53       ; 73         ; 3        ; t[1]                                                      ; output ; 3.0-V LVTTL  ;         ; Column I/O ; Y               ; no       ; Off          ;
; 54       ; 74         ; 4        ; t[2]                                                      ; output ; 3.0-V LVTTL  ;         ; Column I/O ; Y               ; no       ; Off          ;
; 55       ; 75         ; 4        ; t[3]                                                      ; output ; 3.0-V LVTTL  ;         ; Column I/O ; Y               ; no       ; Off          ;
; 56       ;            ; 4        ; VCCIO4                                                    ; power  ;              ; 3.0V    ; --         ;                 ; --       ; --           ;
; 57       ;            ;          ; GND                                                       ; gnd    ;              ;         ; --         ;                 ; --       ; --           ;
; 58       ; 80         ; 4        ; t[4]                                                      ; output ; 3.0-V LVTTL  ;         ; Column I/O ; Y               ; no       ; Off          ;
; 59       ; 83         ; 4        ; t[5]                                                      ; output ; 3.0-V LVTTL  ;         ; Column I/O ; Y               ; no       ; Off          ;
; 60       ; 84         ; 4        ; t[6]                                                      ; output ; 3.0-V LVTTL  ;         ; Column I/O ; Y               ; no       ; Off          ;
; 61       ;            ;          ; VCCINT                                                    ; power  ;              ; 1.2V    ; --         ;                 ; --       ; --           ;
; 62       ;            ; 4        ; VCCIO4                                                    ; power  ;              ; 3.0V    ; --         ;                 ; --       ; --           ;
; 63       ;            ;          ; GND                                                       ; gnd    ;              ;         ; --         ;                 ; --       ; --           ;
; 64       ;            ;          ; GND                                                       ; gnd    ;              ;         ; --         ;                 ; --       ; --           ;
; 65       ; 90         ; 4        ; t[7]                                                      ; output ; 3.0-V LVTTL  ;         ; Column I/O ; Y               ; no       ; Off          ;
; 66       ; 93         ; 4        ; t[8]                                                      ; output ; 3.0-V LVTTL  ;         ; Column I/O ; Y               ; no       ; Off          ;
; 67       ; 94         ; 4        ; t[9]                                                      ; output ; 3.0-V LVTTL  ;         ; Column I/O ; Y               ; no       ; Off          ;
; 68       ; 96         ; 4        ; t[10]                                                     ; output ; 3.0-V LVTTL  ;         ; Column I/O ; Y               ; no       ; Off          ;
; 69       ; 97         ; 4        ; t[11]                                                     ; output ; 3.0-V LVTTL  ;         ; Column I/O ; Y               ; no       ; Off          ;
; 70       ; 98         ; 4        ; t[12]                                                     ; output ; 3.0-V LVTTL  ;         ; Column I/O ; Y               ; no       ; Off          ;
; 71       ; 99         ; 4        ; t[13]                                                     ; output ; 3.0-V LVTTL  ;         ; Column I/O ; Y               ; no       ; Off          ;
; 72       ; 100        ; 4        ; t[14]                                                     ; output ; 3.0-V LVTTL  ;         ; Column I/O ; Y               ; no       ; Off          ;
; 73       ; 102        ; 5        ; t[15]                                                     ; output ; 3.0-V LVTTL  ;         ; Row I/O    ; Y               ; no       ; Off          ;
; 74       ; 103        ; 5        ; t[16]                                                     ; output ; 3.0-V LVTTL  ;         ; Row I/O    ; Y               ; no       ; Off          ;
; 75       ; 104        ; 5        ; t[17]                                                     ; output ; 3.0-V LVTTL  ;         ; Row I/O    ; Y               ; no       ; Off          ;
; 76       ; 106        ; 5        ; t[18]                                                     ; output ; 3.0-V LVTTL  ;         ; Row I/O    ; Y               ; no       ; Off          ;
; 77       ; 107        ; 5        ; t[19]                                                     ; output ; 3.0-V LVTTL  ;         ; Row I/O    ; Y               ; no       ; Off          ;
; 78       ;            ;          ; VCCINT                                                    ; power  ;              ; 1.2V    ; --         ;                 ; --       ; --           ;
; 79       ;            ;          ; GND                                                       ; gnd    ;              ;         ; --         ;                 ; --       ; --           ;
; 80       ; 113        ; 5        ; t[20]                                                     ; output ; 3.0-V LVTTL  ;         ; Row I/O    ; Y               ; no       ; Off          ;
; 81       ;            ; 5        ; VCCIO5                                                    ; power  ;              ; 3.0V    ; --         ;                 ; --       ; --           ;
; 82       ;            ;          ; GND                                                       ; gnd    ;              ;         ; --         ;                 ; --       ; --           ;
; 83       ; 117        ; 5        ; t[21]                                                     ; output ; 3.0-V LVTTL  ;         ; Row I/O    ; Y               ; no       ; Off          ;
; 84       ; 118        ; 5        ; t[22]                                                     ; output ; 3.0-V LVTTL  ;         ; Row I/O    ; Y               ; no       ; Off          ;
; 85       ; 119        ; 5        ; t[23]                                                     ; output ; 3.0-V LVTTL  ;         ; Row I/O    ; Y               ; no       ; Off          ;
; 86       ; 120        ; 5        ; RESERVED_INPUT_WITH_WEAK_PULLUP                           ;        ;              ;         ; Row I/O    ;                 ; no       ; On           ;
; 87       ; 121        ; 5        ; t[24]                                                     ; output ; 3.0-V LVTTL  ;         ; Row I/O    ; Y               ; no       ; Off          ;
; 88       ; 125        ; 5        ; GND+                                                      ;        ;              ;         ; Row I/O    ;                 ; --       ; --           ;
; 89       ; 126        ; 5        ; GND+                                                      ;        ;              ;         ; Row I/O    ;                 ; --       ; --           ;
; 90       ; 127        ; 6        ; GND+                                                      ;        ;              ;         ; Row I/O    ;                 ; --       ; --           ;
; 91       ; 128        ; 6        ; GND+                                                      ;        ;              ;         ; Row I/O    ;                 ; --       ; --           ;
; 92       ; 129        ; 6        ; ^CONF_DONE                                                ;        ;              ;         ; --         ;                 ; --       ; --           ;
; 93       ;            ; 6        ; VCCIO6                                                    ; power  ;              ; 3.0V    ; --         ;                 ; --       ; --           ;
; 94       ; 130        ; 6        ; ^MSEL0                                                    ;        ;              ;         ; --         ;                 ; --       ; --           ;
; 95       ;            ;          ; GND                                                       ; gnd    ;              ;         ; --         ;                 ; --       ; --           ;
; 96       ; 131        ; 6        ; ^MSEL1                                                    ;        ;              ;         ; --         ;                 ; --       ; --           ;
; 97       ; 132        ; 6        ; ^MSEL2                                                    ;        ;              ;         ; --         ;                 ; --       ; --           ;
; 97       ; 133        ; 6        ; ^MSEL3                                                    ;        ;              ;         ; --         ;                 ; --       ; --           ;
; 98       ; 136        ; 6        ; t[25]                                                     ; output ; 3.0-V LVTTL  ;         ; Row I/O    ; Y               ; no       ; Off          ;
; 99       ; 137        ; 6        ; t[26]                                                     ; output ; 3.0-V LVTTL  ;         ; Row I/O    ; Y               ; no       ; Off          ;
; 100      ; 138        ; 6        ; t[27]                                                     ; output ; 3.0-V LVTTL  ;         ; Row I/O    ; Y               ; no       ; Off          ;
; 101      ; 139        ; 6        ; t[28]                                                     ; output ; 3.0-V LVTTL  ;         ; Row I/O    ; Y               ; no       ; Off          ;
; 102      ;            ;          ; VCCINT                                                    ; power  ;              ; 1.2V    ; --         ;                 ; --       ; --           ;
; 103      ; 140        ; 6        ; t[29]                                                     ; output ; 3.0-V LVTTL  ;         ; Row I/O    ; Y               ; no       ; Off          ;
; 104      ;            ;          ; GND                                                       ; gnd    ;              ;         ; --         ;                 ; --       ; --           ;
; 105      ; 142        ; 6        ; t[30]                                                     ; output ; 3.0-V LVTTL  ;         ; Row I/O    ; Y               ; no       ; Off          ;
; 106      ; 146        ; 6        ; t[31]                                                     ; output ; 3.0-V LVTTL  ;         ; Row I/O    ; Y               ; no       ; Off          ;
; 107      ;            ; --       ; VCCA2                                                     ; power  ;              ; 2.5V    ; --         ;                 ; --       ; --           ;
; 108      ;            ;          ; GNDA2                                                     ; gnd    ;              ;         ; --         ;                 ; --       ; --           ;
; 109      ;            ;          ; VCCD_PLL2                                                 ; power  ;              ; 1.2V    ; --         ;                 ; --       ; --           ;
; 110      ;            ;          ; GND                                                       ; gnd    ;              ;         ; --         ;                 ; --       ; --           ;
; 111      ; 154        ; 7        ; t[32]                                                     ; output ; 3.0-V LVTTL  ;         ; Column I/O ; Y               ; no       ; Off          ;
; 112      ; 155        ; 7        ; t[33]                                                     ; output ; 3.0-V LVTTL  ;         ; Column I/O ; Y               ; no       ; Off          ;
; 113      ; 156        ; 7        ; t[34]                                                     ; output ; 3.0-V LVTTL  ;         ; Column I/O ; Y               ; no       ; Off          ;
; 114      ; 157        ; 7        ; t[35]                                                     ; output ; 3.0-V LVTTL  ;         ; Column I/O ; Y               ; no       ; Off          ;
; 115      ; 158        ; 7        ; t[36]                                                     ; output ; 3.0-V LVTTL  ;         ; Column I/O ; Y               ; no       ; Off          ;
; 116      ;            ;          ; VCCINT                                                    ; power  ;              ; 1.2V    ; --         ;                 ; --       ; --           ;
; 117      ;            ; 7        ; VCCIO7                                                    ; power  ;              ; 3.0V    ; --         ;                 ; --       ; --           ;
; 118      ;            ;          ; GND                                                       ; gnd    ;              ;         ; --         ;                 ; --       ; --           ;
; 119      ; 163        ; 7        ; t[37]                                                     ; output ; 3.0-V LVTTL  ;         ; Column I/O ; Y               ; no       ; Off          ;
; 120      ; 164        ; 7        ; t[38]                                                     ; output ; 3.0-V LVTTL  ;         ; Column I/O ; Y               ; no       ; Off          ;
; 121      ; 165        ; 7        ; t[39]                                                     ; output ; 3.0-V LVTTL  ;         ; Column I/O ; Y               ; no       ; Off          ;
; 122      ;            ; 7        ; VCCIO7                                                    ; power  ;              ; 3.0V    ; --         ;                 ; --       ; --           ;
; 123      ;            ;          ; GND                                                       ; gnd    ;              ;         ; --         ;                 ; --       ; --           ;
; 124      ; 173        ; 7        ; t[40]                                                     ; output ; 3.0-V LVTTL  ;         ; Column I/O ; Y               ; no       ; Off          ;
; 125      ; 174        ; 7        ; t[41]                                                     ; output ; 3.0-V LVTTL  ;         ; Column I/O ; Y               ; no       ; Off          ;
; 126      ; 175        ; 7        ; t[42]                                                     ; output ; 3.0-V LVTTL  ;         ; Column I/O ; Y               ; no       ; Off          ;
; 127      ; 176        ; 7        ; t[43]                                                     ; output ; 3.0-V LVTTL  ;         ; Column I/O ; Y               ; no       ; Off          ;
; 128      ; 177        ; 8        ; t[44]                                                     ; output ; 3.0-V LVTTL  ;         ; Column I/O ; Y               ; no       ; Off          ;
; 129      ; 178        ; 8        ; t[45]                                                     ; output ; 3.0-V LVTTL  ;         ; Column I/O ; Y               ; no       ; Off          ;
; 130      ;            ; 8        ; VCCIO8                                                    ; power  ;              ; 3.0V    ; --         ;                 ; --       ; --           ;
; 131      ;            ;          ; GND                                                       ; gnd    ;              ;         ; --         ;                 ; --       ; --           ;
; 132      ; 181        ; 8        ; t[46]                                                     ; output ; 3.0-V LVTTL  ;         ; Column I/O ; Y               ; no       ; Off          ;
; 133      ; 182        ; 8        ; t[47]                                                     ; output ; 3.0-V LVTTL  ;         ; Column I/O ; Y               ; no       ; Off          ;
; 134      ;            ;          ; VCCINT                                                    ; power  ;              ; 1.2V    ; --         ;                 ; --       ; --           ;
; 135      ; 185        ; 8        ; t[48]                                                     ; output ; 3.0-V LVTTL  ;         ; Column I/O ; Y               ; no       ; Off          ;
; 136      ; 187        ; 8        ; t[49]                                                     ; output ; 3.0-V LVTTL  ;         ; Column I/O ; Y               ; no       ; Off          ;
; 137      ; 190        ; 8        ; RESERVED_INPUT_WITH_WEAK_PULLUP                           ;        ;              ;         ; Column I/O ;                 ; no       ; On           ;
; 138      ; 191        ; 8        ; RESERVED_INPUT_WITH_WEAK_PULLUP                           ;        ;              ;         ; Column I/O ;                 ; no       ; On           ;
; 139      ;            ; 8        ; VCCIO8                                                    ; power  ;              ; 3.0V    ; --         ;                 ; --       ; --           ;
; 140      ;            ;          ; GND                                                       ; gnd    ;              ;         ; --         ;                 ; --       ; --           ;
; 141      ; 195        ; 8        ; misc1                                                     ; input  ; 3.0-V LVTTL  ;         ; Column I/O ; Y               ; no       ; On           ;
; 142      ; 201        ; 8        ; blue                                                      ; output ; 3.0-V LVTTL  ;         ; Column I/O ; Y               ; no       ; Off          ;
; 143      ; 202        ; 8        ; green                                                     ; output ; 3.0-V LVTTL  ;         ; Column I/O ; Y               ; no       ; Off          ;
; 144      ; 203        ; 8        ; red                                                       ; output ; 3.0-V LVTTL  ;         ; Column I/O ; Y               ; no       ; Off          ;
; EPAD     ;            ;          ; GND                                                       ;        ;              ;         ; --         ;                 ; --       ; --           ;
+----------+------------+----------+-----------------------------------------------------------+--------+--------------+---------+------------+-----------------+----------+--------------+
Note: Pin directions (input, output or bidir) are based on device operating in user mode.


+------------------------------------------------------------------------------------------------+
; PLL Summary                                                                                    ;
+-------------------------------+----------------------------------------------------------------+
; Name                          ; Pll:pll|altpll:altpll_component|Pll_altpll:auto_generated|pll1 ;
+-------------------------------+----------------------------------------------------------------+
; SDC pin name                  ; pll|altpll_component|auto_generated|pll1                       ;
; PLL mode                      ; Normal                                                         ;
; Compensate clock              ; clock0                                                         ;
; Compensated input/output pins ; --                                                             ;
; Switchover type               ; --                                                             ;
; Input frequency 0             ; 24.58 MHz                                                      ;
; Input frequency 1             ; --                                                             ;
; Nominal PFD frequency         ; 24.6 MHz                                                       ;
; Nominal VCO frequency         ; 614.4 MHz                                                      ;
; VCO post scale K counter      ; 2                                                              ;
; VCO frequency control         ; Auto                                                           ;
; VCO phase shift step          ; 203 ps                                                         ;
; VCO multiply                  ; --                                                             ;
; VCO divide                    ; --                                                             ;
; Freq min lock                 ; 12.0 MHz                                                       ;
; Freq max lock                 ; 26.01 MHz                                                      ;
; M VCO Tap                     ; 0                                                              ;
; M Initial                     ; 1                                                              ;
; M value                       ; 25                                                             ;
; N value                       ; 1                                                              ;
; Charge pump current           ; setting 1                                                      ;
; Loop filter resistance        ; setting 24                                                     ;
; Loop filter capacitance       ; setting 0                                                      ;
; Bandwidth                     ; 450 kHz to 980 kHz                                             ;
; Bandwidth type                ; Medium                                                         ;
; Real time reconfigurable      ; Off                                                            ;
; Scan chain MIF file           ; --                                                             ;
; Preserve PLL counter order    ; Off                                                            ;
; PLL location                  ; PLL_1                                                          ;
; Inclk0 signal                 ; CLK_24M576                                                     ;
; Inclk1 signal                 ; --                                                             ;
; Inclk0 signal type            ; Dedicated Pin                                                  ;
; Inclk1 signal type            ; --                                                             ;
+-------------------------------+----------------------------------------------------------------+


+------------------------------------------------------------------------------------------------------------------------------------------------------------------------------------------------------------------------------------------------------------------------------------------------------+
; PLL Usage                                                                                                                                                                                                                                                                                            ;
+----------------------------------------------------------------------------+--------------+------+-----+------------------+-------------+------------------+------------+---------+---------------+------------+---------------+---------+---------+-------------------------------------------------+
; Name                                                                       ; Output Clock ; Mult ; Div ; Output Frequency ; Phase Shift ; Phase Shift Step ; Duty Cycle ; Counter ; Counter Value ; High / Low ; Cascade Input ; Initial ; VCO Tap ; SDC Pin Name                                    ;
+----------------------------------------------------------------------------+--------------+------+-----+------------------+-------------+------------------+------------+---------+---------------+------------+---------------+---------+---------+-------------------------------------------------+
; Pll:pll|altpll:altpll_component|Pll_altpll:auto_generated|wire_pll1_clk[0] ; clock0       ; 5    ; 6   ; 20.48 MHz        ; 0 (0 ps)    ; 1.50 (203 ps)    ; 50/50      ; C0      ; 30            ; 15/15 Even ; --            ; 1       ; 0       ; pll|altpll_component|auto_generated|pll1|clk[0] ;
+----------------------------------------------------------------------------+--------------+------+-----+------------------+-------------+------------------+------------+---------+---------------+------------+---------------+---------+---------+-------------------------------------------------+


+-------------------------------------------------+
; I/O Assignment Warnings                         ;
+----------+--------------------------------------+
; Pin Name ; Reason                               ;
+----------+--------------------------------------+
; t[0]     ; Missing drive strength and slew rate ;
; t[1]     ; Missing drive strength and slew rate ;
; t[2]     ; Missing drive strength and slew rate ;
; t[3]     ; Missing drive strength and slew rate ;
; t[4]     ; Missing drive strength and slew rate ;
; t[5]     ; Missing drive strength and slew rate ;
; t[6]     ; Missing drive strength and slew rate ;
; t[7]     ; Missing drive strength and slew rate ;
; t[8]     ; Missing drive strength and slew rate ;
; t[9]     ; Missing drive strength and slew rate ;
; t[10]    ; Missing drive strength and slew rate ;
; t[11]    ; Missing drive strength and slew rate ;
; t[12]    ; Missing drive strength and slew rate ;
; t[13]    ; Missing drive strength and slew rate ;
; t[14]    ; Missing drive strength and slew rate ;
; t[15]    ; Missing drive strength and slew rate ;
; t[16]    ; Missing drive strength and slew rate ;
; t[17]    ; Missing drive strength and slew rate ;
; t[18]    ; Missing drive strength and slew rate ;
; t[19]    ; Missing drive strength and slew rate ;
; t[20]    ; Missing drive strength and slew rate ;
; t[21]    ; Missing drive strength and slew rate ;
; t[22]    ; Missing drive strength and slew rate ;
; t[23]    ; Missing drive strength and slew rate ;
; t[24]    ; Missing drive strength and slew rate ;
; t[25]    ; Missing drive strength and slew rate ;
; t[26]    ; Missing drive strength and slew rate ;
; t[27]    ; Missing drive strength and slew rate ;
; t[28]    ; Missing drive strength and slew rate ;
; t[29]    ; Missing drive strength and slew rate ;
; t[30]    ; Missing drive strength and slew rate ;
; t[31]    ; Missing drive strength and slew rate ;
; t[32]    ; Missing drive strength and slew rate ;
; t[33]    ; Missing drive strength and slew rate ;
; t[34]    ; Missing drive strength and slew rate ;
; t[35]    ; Missing drive strength and slew rate ;
; t[36]    ; Missing drive strength and slew rate ;
; t[37]    ; Missing drive strength and slew rate ;
; t[38]    ; Missing drive strength and slew rate ;
; t[39]    ; Missing drive strength and slew rate ;
; t[40]    ; Missing drive strength and slew rate ;
; t[41]    ; Missing drive strength and slew rate ;
; t[42]    ; Missing drive strength and slew rate ;
; t[43]    ; Missing drive strength and slew rate ;
; t[44]    ; Missing drive strength and slew rate ;
; t[45]    ; Missing drive strength and slew rate ;
; t[46]    ; Missing drive strength and slew rate ;
; t[47]    ; Missing drive strength and slew rate ;
; t[48]    ; Missing drive strength and slew rate ;
; t[49]    ; Missing drive strength and slew rate ;
; blue     ; Missing drive strength and slew rate ;
; green    ; Missing drive strength and slew rate ;
; red      ; Missing drive strength and slew rate ;
; syncout  ; Missing drive strength and slew rate ;
+----------+--------------------------------------+


+---------------------------------------------------------------------------------------------------------------------------------------------------------------------------------------------------------------------------------------------------------------------------------------------------------------------------------------------------------------------------------------------------------------------------------------------------------------------------------------------------------------------------------------------------------------------------------------------------------------------------------------------------------------------------------------------------+
; Fitter Resource Utilization by Entity                                                                                                                                                                                                                                                                                                                                                                                                                                                                                                                                                                                                                                                             ;
+-----------------------------------------------------------------------------------+-------------+---------------------------+---------------+-------------+------+--------------+---------+-----------+------+--------------+--------------+-------------------+------------------+------------------------------------------------------------------------------------------------------------------------------------------------------------------------------------------------------------------------------------------------------------------------------------------------------------------------------------------------------------+-----------------------------------+--------------+
; Compilation Hierarchy Node                                                        ; Logic Cells ; Dedicated Logic Registers ; I/O Registers ; Memory Bits ; M9Ks ; DSP Elements ; DSP 9x9 ; DSP 18x18 ; Pins ; Virtual Pins ; LUT-Only LCs ; Register-Only LCs ; LUT/Register LCs ; Full Hierarchy Name                                                                                                                                                                                                                                                                                                                                        ; Entity Name                       ; Library Name ;
+-----------------------------------------------------------------------------------+-------------+---------------------------+---------------+-------------+------+--------------+---------+-----------+------+--------------+--------------+-------------------+------------------+------------------------------------------------------------------------------------------------------------------------------------------------------------------------------------------------------------------------------------------------------------------------------------------------------------------------------------------------------------+-----------------------------------+--------------+
; |HoloTop                                                                          ; 6198 (10)   ; 4187 (8)                  ; 0 (0)         ; 376832      ; 46   ; 32           ; 2       ; 15        ; 65   ; 0            ; 2011 (2)     ; 1738 (0)          ; 2449 (8)         ; |HoloTop                                                                                                                                                                                                                                                                                                                                                   ; HoloTop                           ; work         ;
;    |Holo:holo|                                                                    ; 6184 (1842) ; 4175 (1588)               ; 0 (0)         ; 376832      ; 46   ; 32           ; 2       ; 15        ; 0    ; 0            ; 2009 (290)   ; 1738 (852)        ; 2437 (700)       ; |HoloTop|Holo:holo                                                                                                                                                                                                                                                                                                                                         ; Holo                              ; work         ;
;       |CalcPhase:calcPhase|                                                       ; 3764 (811)  ; 2375 (574)                ; 0 (0)         ; 0           ; 0    ; 14           ; 2       ; 6         ; 0    ; 0            ; 1365 (214)   ; 880 (452)         ; 1519 (124)       ; |HoloTop|Holo:holo|CalcPhase:calcPhase                                                                                                                                                                                                                                                                                                                     ; CalcPhase                         ; work         ;
;          |Float2Int:float2Int|                                                    ; 417 (0)     ; 252 (0)                   ; 0 (0)         ; 0           ; 0    ; 0            ; 0       ; 0         ; 0    ; 0            ; 163 (0)      ; 49 (0)            ; 205 (0)          ; |HoloTop|Holo:holo|CalcPhase:calcPhase|Float2Int:float2Int                                                                                                                                                                                                                                                                                                 ; Float2Int                         ; work         ;
;             |Float2Int_altfp_convert_e1n:Float2Int_altfp_convert_e1n_component|   ; 417 (202)   ; 252 (164)                 ; 0 (0)         ; 0           ; 0    ; 0            ; 0       ; 0         ; 0    ; 0            ; 163 (37)     ; 49 (33)           ; 205 (104)        ; |HoloTop|Holo:holo|CalcPhase:calcPhase|Float2Int:float2Int|Float2Int_altfp_convert_e1n:Float2Int_altfp_convert_e1n_component                                                                                                                                                                                                                               ; Float2Int_altfp_convert_e1n       ; work         ;
;                |Float2Int_altbarrel_shift_rvf:altbarrel_shift6|                   ; 174 (174)   ; 88 (88)                   ; 0 (0)         ; 0           ; 0    ; 0            ; 0       ; 0         ; 0    ; 0            ; 65 (65)      ; 16 (16)           ; 93 (93)          ; |HoloTop|Holo:holo|CalcPhase:calcPhase|Float2Int:float2Int|Float2Int_altfp_convert_e1n:Float2Int_altfp_convert_e1n_component|Float2Int_altbarrel_shift_rvf:altbarrel_shift6                                                                                                                                                                                ; Float2Int_altbarrel_shift_rvf     ; work         ;
;                |lpm_add_sub:add_sub7|                                             ; 31 (0)      ; 0 (0)                     ; 0 (0)         ; 0           ; 0    ; 0            ; 0       ; 0         ; 0    ; 0            ; 31 (0)       ; 0 (0)             ; 0 (0)            ; |HoloTop|Holo:holo|CalcPhase:calcPhase|Float2Int:float2Int|Float2Int_altfp_convert_e1n:Float2Int_altfp_convert_e1n_component|lpm_add_sub:add_sub7                                                                                                                                                                                                          ; lpm_add_sub                       ; work         ;
;                   |add_sub_pff:auto_generated|                                    ; 31 (31)     ; 0 (0)                     ; 0 (0)         ; 0           ; 0    ; 0            ; 0       ; 0         ; 0    ; 0            ; 31 (31)      ; 0 (0)             ; 0 (0)            ; |HoloTop|Holo:holo|CalcPhase:calcPhase|Float2Int:float2Int|Float2Int_altfp_convert_e1n:Float2Int_altfp_convert_e1n_component|lpm_add_sub:add_sub7|add_sub_pff:auto_generated                                                                                                                                                                               ; add_sub_pff                       ; work         ;
;                |lpm_add_sub:add_sub8|                                             ; 15 (0)      ; 0 (0)                     ; 0 (0)         ; 0           ; 0    ; 0            ; 0       ; 0         ; 0    ; 0            ; 15 (0)       ; 0 (0)             ; 0 (0)            ; |HoloTop|Holo:holo|CalcPhase:calcPhase|Float2Int:float2Int|Float2Int_altfp_convert_e1n:Float2Int_altfp_convert_e1n_component|lpm_add_sub:add_sub8                                                                                                                                                                                                          ; lpm_add_sub                       ; work         ;
;                   |add_sub_rff:auto_generated|                                    ; 15 (15)     ; 0 (0)                     ; 0 (0)         ; 0           ; 0    ; 0            ; 0       ; 0         ; 0    ; 0            ; 15 (15)      ; 0 (0)             ; 0 (0)            ; |HoloTop|Holo:holo|CalcPhase:calcPhase|Float2Int:float2Int|Float2Int_altfp_convert_e1n:Float2Int_altfp_convert_e1n_component|lpm_add_sub:add_sub8|add_sub_rff:auto_generated                                                                                                                                                                               ; add_sub_rff                       ; work         ;
;                |lpm_add_sub:add_sub9|                                             ; 15 (0)      ; 0 (0)                     ; 0 (0)         ; 0           ; 0    ; 0            ; 0       ; 0         ; 0    ; 0            ; 14 (0)       ; 0 (0)             ; 1 (0)            ; |HoloTop|Holo:holo|CalcPhase:calcPhase|Float2Int:float2Int|Float2Int_altfp_convert_e1n:Float2Int_altfp_convert_e1n_component|lpm_add_sub:add_sub9                                                                                                                                                                                                          ; lpm_add_sub                       ; work         ;
;                   |add_sub_11f:auto_generated|                                    ; 15 (15)     ; 0 (0)                     ; 0 (0)         ; 0           ; 0    ; 0            ; 0       ; 0         ; 0    ; 0            ; 14 (14)      ; 0 (0)             ; 1 (1)            ; |HoloTop|Holo:holo|CalcPhase:calcPhase|Float2Int:float2Int|Float2Int_altfp_convert_e1n:Float2Int_altfp_convert_e1n_component|lpm_add_sub:add_sub9|add_sub_11f:auto_generated                                                                                                                                                                               ; add_sub_11f                       ; work         ;
;                |lpm_compare:cmpr1|                                                ; 4 (0)       ; 0 (0)                     ; 0 (0)         ; 0           ; 0    ; 0            ; 0       ; 0         ; 0    ; 0            ; 0 (0)        ; 0 (0)             ; 4 (0)            ; |HoloTop|Holo:holo|CalcPhase:calcPhase|Float2Int:float2Int|Float2Int_altfp_convert_e1n:Float2Int_altfp_convert_e1n_component|lpm_compare:cmpr1                                                                                                                                                                                                             ; lpm_compare                       ; work         ;
;                   |cmpr_20h:auto_generated|                                       ; 4 (4)       ; 0 (0)                     ; 0 (0)         ; 0           ; 0    ; 0            ; 0       ; 0         ; 0    ; 0            ; 0 (0)        ; 0 (0)             ; 4 (4)            ; |HoloTop|Holo:holo|CalcPhase:calcPhase|Float2Int:float2Int|Float2Int_altfp_convert_e1n:Float2Int_altfp_convert_e1n_component|lpm_compare:cmpr1|cmpr_20h:auto_generated                                                                                                                                                                                     ; cmpr_20h                          ; work         ;
;                |lpm_compare:cmpr2|                                                ; 1 (0)       ; 0 (0)                     ; 0 (0)         ; 0           ; 0    ; 0            ; 0       ; 0         ; 0    ; 0            ; 0 (0)        ; 0 (0)             ; 1 (0)            ; |HoloTop|Holo:holo|CalcPhase:calcPhase|Float2Int:float2Int|Float2Int_altfp_convert_e1n:Float2Int_altfp_convert_e1n_component|lpm_compare:cmpr2                                                                                                                                                                                                             ; lpm_compare                       ; work         ;
;                   |cmpr_olg:auto_generated|                                       ; 1 (1)       ; 0 (0)                     ; 0 (0)         ; 0           ; 0    ; 0            ; 0       ; 0         ; 0    ; 0            ; 0 (0)        ; 0 (0)             ; 1 (1)            ; |HoloTop|Holo:holo|CalcPhase:calcPhase|Float2Int:float2Int|Float2Int_altfp_convert_e1n:Float2Int_altfp_convert_e1n_component|lpm_compare:cmpr2|cmpr_olg:auto_generated                                                                                                                                                                                     ; cmpr_olg                          ; work         ;
;                |lpm_compare:cmpr3|                                                ; 1 (0)       ; 0 (0)                     ; 0 (0)         ; 0           ; 0    ; 0            ; 0       ; 0         ; 0    ; 0            ; 0 (0)        ; 0 (0)             ; 1 (0)            ; |HoloTop|Holo:holo|CalcPhase:calcPhase|Float2Int:float2Int|Float2Int_altfp_convert_e1n:Float2Int_altfp_convert_e1n_component|lpm_compare:cmpr3                                                                                                                                                                                                             ; lpm_compare                       ; work         ;
;                   |cmpr_vlg:auto_generated|                                       ; 1 (1)       ; 0 (0)                     ; 0 (0)         ; 0           ; 0    ; 0            ; 0       ; 0         ; 0    ; 0            ; 0 (0)        ; 0 (0)             ; 1 (1)            ; |HoloTop|Holo:holo|CalcPhase:calcPhase|Float2Int:float2Int|Float2Int_altfp_convert_e1n:Float2Int_altfp_convert_e1n_component|lpm_compare:cmpr3|cmpr_vlg:auto_generated                                                                                                                                                                                     ; cmpr_vlg                          ; work         ;
;                |lpm_compare:max_shift_compare|                                    ; 2 (0)       ; 0 (0)                     ; 0 (0)         ; 0           ; 0    ; 0            ; 0       ; 0         ; 0    ; 0            ; 1 (0)        ; 0 (0)             ; 1 (0)            ; |HoloTop|Holo:holo|CalcPhase:calcPhase|Float2Int:float2Int|Float2Int_altfp_convert_e1n:Float2Int_altfp_convert_e1n_component|lpm_compare:max_shift_compare                                                                                                                                                                                                 ; lpm_compare                       ; work         ;
;                   |cmpr_plg:auto_generated|                                       ; 2 (2)       ; 0 (0)                     ; 0 (0)         ; 0           ; 0    ; 0            ; 0       ; 0         ; 0    ; 0            ; 1 (1)        ; 0 (0)             ; 1 (1)            ; |HoloTop|Holo:holo|CalcPhase:calcPhase|Float2Int:float2Int|Float2Int_altfp_convert_e1n:Float2Int_altfp_convert_e1n_component|lpm_compare:max_shift_compare|cmpr_plg:auto_generated                                                                                                                                                                         ; cmpr_plg                          ; work         ;
;          |Int2Float:int2Float|                                                    ; 191 (0)     ; 162 (0)                   ; 0 (0)         ; 0           ; 0    ; 0            ; 0       ; 0         ; 0    ; 0            ; 27 (0)       ; 63 (0)            ; 101 (0)          ; |HoloTop|Holo:holo|CalcPhase:calcPhase|Int2Float:int2Float                                                                                                                                                                                                                                                                                                 ; Int2Float                         ; work         ;
;             |Int2Float_altfp_convert_c1n:Int2Float_altfp_convert_c1n_component|   ; 191 (121)   ; 162 (120)                 ; 0 (0)         ; 0           ; 0    ; 0            ; 0       ; 0         ; 0    ; 0            ; 27 (1)       ; 63 (63)           ; 101 (31)         ; |HoloTop|Holo:holo|CalcPhase:calcPhase|Int2Float:int2Float|Int2Float_altfp_convert_c1n:Int2Float_altfp_convert_c1n_component                                                                                                                                                                                                                               ; Int2Float_altfp_convert_c1n       ; work         ;
;                |Int2Float_altbarrel_shift_lvf:altbarrel_shift5|                   ; 70 (70)     ; 42 (42)                   ; 0 (0)         ; 0           ; 0    ; 0            ; 0       ; 0         ; 0    ; 0            ; 10 (10)      ; 0 (0)             ; 60 (60)          ; |HoloTop|Holo:holo|CalcPhase:calcPhase|Int2Float:int2Float|Int2Float_altfp_convert_c1n:Int2Float_altfp_convert_c1n_component|Int2Float_altbarrel_shift_lvf:altbarrel_shift5                                                                                                                                                                                ; Int2Float_altbarrel_shift_lvf     ; work         ;
;                |Int2Float_altpriority_encoder_qb6:altpriority_encoder2|           ; 23 (16)     ; 0 (0)                     ; 0 (0)         ; 0           ; 0    ; 0            ; 0       ; 0         ; 0    ; 0            ; 14 (10)      ; 0 (0)             ; 9 (6)            ; |HoloTop|Holo:holo|CalcPhase:calcPhase|Int2Float:int2Float|Int2Float_altfp_convert_c1n:Int2Float_altfp_convert_c1n_component|Int2Float_altpriority_encoder_qb6:altpriority_encoder2                                                                                                                                                                        ; Int2Float_altpriority_encoder_qb6 ; work         ;
;                   |Int2Float_altpriority_encoder_r08:altpriority_encoder6|        ; 1 (0)       ; 0 (0)                     ; 0 (0)         ; 0           ; 0    ; 0            ; 0       ; 0         ; 0    ; 0            ; 1 (0)        ; 0 (0)             ; 0 (0)            ; |HoloTop|Holo:holo|CalcPhase:calcPhase|Int2Float:int2Float|Int2Float_altfp_convert_c1n:Int2Float_altfp_convert_c1n_component|Int2Float_altpriority_encoder_qb6:altpriority_encoder2|Int2Float_altpriority_encoder_r08:altpriority_encoder6                                                                                                                 ; Int2Float_altpriority_encoder_r08 ; work         ;
;                      |Int2Float_altpriority_encoder_be8:altpriority_encoder9|     ; 1 (0)       ; 0 (0)                     ; 0 (0)         ; 0           ; 0    ; 0            ; 0       ; 0         ; 0    ; 0            ; 1 (0)        ; 0 (0)             ; 0 (0)            ; |HoloTop|Holo:holo|CalcPhase:calcPhase|Int2Float:int2Float|Int2Float_altfp_convert_c1n:Int2Float_altfp_convert_c1n_component|Int2Float_altpriority_encoder_qb6:altpriority_encoder2|Int2Float_altpriority_encoder_r08:altpriority_encoder6|Int2Float_altpriority_encoder_be8:altpriority_encoder9                                                          ; Int2Float_altpriority_encoder_be8 ; work         ;
;                         |Int2Float_altpriority_encoder_6e8:altpriority_encoder17| ; 1 (1)       ; 0 (0)                     ; 0 (0)         ; 0           ; 0    ; 0            ; 0       ; 0         ; 0    ; 0            ; 1 (1)        ; 0 (0)             ; 0 (0)            ; |HoloTop|Holo:holo|CalcPhase:calcPhase|Int2Float:int2Float|Int2Float_altfp_convert_c1n:Int2Float_altfp_convert_c1n_component|Int2Float_altpriority_encoder_qb6:altpriority_encoder2|Int2Float_altpriority_encoder_r08:altpriority_encoder6|Int2Float_altpriority_encoder_be8:altpriority_encoder9|Int2Float_altpriority_encoder_6e8:altpriority_encoder17  ; Int2Float_altpriority_encoder_6e8 ; work         ;
;                   |Int2Float_altpriority_encoder_rf8:altpriority_encoder7|        ; 6 (1)       ; 0 (0)                     ; 0 (0)         ; 0           ; 0    ; 0            ; 0       ; 0         ; 0    ; 0            ; 3 (0)        ; 0 (0)             ; 3 (1)            ; |HoloTop|Holo:holo|CalcPhase:calcPhase|Int2Float:int2Float|Int2Float_altfp_convert_c1n:Int2Float_altfp_convert_c1n_component|Int2Float_altpriority_encoder_qb6:altpriority_encoder2|Int2Float_altpriority_encoder_rf8:altpriority_encoder7                                                                                                                 ; Int2Float_altpriority_encoder_rf8 ; work         ;
;                      |Int2Float_altpriority_encoder_be8:altpriority_encoder18|    ; 2 (0)       ; 0 (0)                     ; 0 (0)         ; 0           ; 0    ; 0            ; 0       ; 0         ; 0    ; 0            ; 2 (0)        ; 0 (0)             ; 0 (0)            ; |HoloTop|Holo:holo|CalcPhase:calcPhase|Int2Float:int2Float|Int2Float_altfp_convert_c1n:Int2Float_altfp_convert_c1n_component|Int2Float_altpriority_encoder_qb6:altpriority_encoder2|Int2Float_altpriority_encoder_rf8:altpriority_encoder7|Int2Float_altpriority_encoder_be8:altpriority_encoder18                                                         ; Int2Float_altpriority_encoder_be8 ; work         ;
;                         |Int2Float_altpriority_encoder_6e8:altpriority_encoder16| ; 1 (1)       ; 0 (0)                     ; 0 (0)         ; 0           ; 0    ; 0            ; 0       ; 0         ; 0    ; 0            ; 1 (1)        ; 0 (0)             ; 0 (0)            ; |HoloTop|Holo:holo|CalcPhase:calcPhase|Int2Float:int2Float|Int2Float_altfp_convert_c1n:Int2Float_altfp_convert_c1n_component|Int2Float_altpriority_encoder_qb6:altpriority_encoder2|Int2Float_altpriority_encoder_rf8:altpriority_encoder7|Int2Float_altpriority_encoder_be8:altpriority_encoder18|Int2Float_altpriority_encoder_6e8:altpriority_encoder16 ; Int2Float_altpriority_encoder_6e8 ; work         ;
;                         |Int2Float_altpriority_encoder_6e8:altpriority_encoder17| ; 1 (1)       ; 0 (0)                     ; 0 (0)         ; 0           ; 0    ; 0            ; 0       ; 0         ; 0    ; 0            ; 1 (1)        ; 0 (0)             ; 0 (0)            ; |HoloTop|Holo:holo|CalcPhase:calcPhase|Int2Float:int2Float|Int2Float_altfp_convert_c1n:Int2Float_altfp_convert_c1n_component|Int2Float_altpriority_encoder_qb6:altpriority_encoder2|Int2Float_altpriority_encoder_rf8:altpriority_encoder7|Int2Float_altpriority_encoder_be8:altpriority_encoder18|Int2Float_altpriority_encoder_6e8:altpriority_encoder17 ; Int2Float_altpriority_encoder_6e8 ; work         ;
;                      |Int2Float_altpriority_encoder_be8:altpriority_encoder19|    ; 3 (2)       ; 0 (0)                     ; 0 (0)         ; 0           ; 0    ; 0            ; 0       ; 0         ; 0    ; 0            ; 1 (1)        ; 0 (0)             ; 2 (1)            ; |HoloTop|Holo:holo|CalcPhase:calcPhase|Int2Float:int2Float|Int2Float_altfp_convert_c1n:Int2Float_altfp_convert_c1n_component|Int2Float_altpriority_encoder_qb6:altpriority_encoder2|Int2Float_altpriority_encoder_rf8:altpriority_encoder7|Int2Float_altpriority_encoder_be8:altpriority_encoder19                                                         ; Int2Float_altpriority_encoder_be8 ; work         ;
;                         |Int2Float_altpriority_encoder_6e8:altpriority_encoder17| ; 1 (1)       ; 0 (0)                     ; 0 (0)         ; 0           ; 0    ; 0            ; 0       ; 0         ; 0    ; 0            ; 0 (0)        ; 0 (0)             ; 1 (1)            ; |HoloTop|Holo:holo|CalcPhase:calcPhase|Int2Float:int2Float|Int2Float_altfp_convert_c1n:Int2Float_altfp_convert_c1n_component|Int2Float_altpriority_encoder_qb6:altpriority_encoder2|Int2Float_altpriority_encoder_rf8:altpriority_encoder7|Int2Float_altpriority_encoder_be8:altpriority_encoder19|Int2Float_altpriority_encoder_6e8:altpriority_encoder17 ; Int2Float_altpriority_encoder_6e8 ; work         ;
;                |lpm_add_sub:add_sub3|                                             ; 1 (0)       ; 0 (0)                     ; 0 (0)         ; 0           ; 0    ; 0            ; 0       ; 0         ; 0    ; 0            ; 1 (0)        ; 0 (0)             ; 0 (0)            ; |HoloTop|Holo:holo|CalcPhase:calcPhase|Int2Float:int2Float|Int2Float_altfp_convert_c1n:Int2Float_altfp_convert_c1n_component|lpm_add_sub:add_sub3                                                                                                                                                                                                          ; lpm_add_sub                       ; work         ;
;                   |add_sub_j0f:auto_generated|                                    ; 1 (1)       ; 0 (0)                     ; 0 (0)         ; 0           ; 0    ; 0            ; 0       ; 0         ; 0    ; 0            ; 1 (1)        ; 0 (0)             ; 0 (0)            ; |HoloTop|Holo:holo|CalcPhase:calcPhase|Int2Float:int2Float|Int2Float_altfp_convert_c1n:Int2Float_altfp_convert_c1n_component|lpm_add_sub:add_sub3|add_sub_j0f:auto_generated                                                                                                                                                                               ; add_sub_j0f                       ; work         ;
;                |lpm_compare:cmpr4|                                                ; 2 (0)       ; 0 (0)                     ; 0 (0)         ; 0           ; 0    ; 0            ; 0       ; 0         ; 0    ; 0            ; 1 (0)        ; 0 (0)             ; 1 (0)            ; |HoloTop|Holo:holo|CalcPhase:calcPhase|Int2Float:int2Float|Int2Float_altfp_convert_c1n:Int2Float_altfp_convert_c1n_component|lpm_compare:cmpr4                                                                                                                                                                                                             ; lpm_compare                       ; work         ;
;                   |cmpr_vlg:auto_generated|                                       ; 2 (2)       ; 0 (0)                     ; 0 (0)         ; 0           ; 0    ; 0            ; 0       ; 0         ; 0    ; 0            ; 1 (1)        ; 0 (0)             ; 1 (1)            ; |HoloTop|Holo:holo|CalcPhase:calcPhase|Int2Float:int2Float|Int2Float_altfp_convert_c1n:Int2Float_altfp_convert_c1n_component|lpm_compare:cmpr4|cmpr_vlg:auto_generated                                                                                                                                                                                     ; cmpr_vlg                          ; work         ;
;          |MultK:multKop|                                                          ; 245 (0)     ; 213 (0)                   ; 0 (0)         ; 0           ; 0    ; 7            ; 1       ; 3         ; 0    ; 0            ; 28 (0)       ; 38 (0)            ; 179 (0)          ; |HoloTop|Holo:holo|CalcPhase:calcPhase|MultK:multKop                                                                                                                                                                                                                                                                                                       ; MultK                             ; work         ;
;             |MultK_altfp_mult_mrn:MultK_altfp_mult_mrn_component|                 ; 245 (145)   ; 213 (131)                 ; 0 (0)         ; 0           ; 0    ; 7            ; 1       ; 3         ; 0    ; 0            ; 28 (19)      ; 38 (19)           ; 179 (113)        ; |HoloTop|Holo:holo|CalcPhase:calcPhase|MultK:multKop|MultK_altfp_mult_mrn:MultK_altfp_mult_mrn_component                                                                                                                                                                                                                                                   ; MultK_altfp_mult_mrn              ; work         ;
;                |lpm_add_sub:exp_add_adder|                                        ; 10 (0)      ; 9 (0)                     ; 0 (0)         ; 0           ; 0    ; 0            ; 0       ; 0         ; 0    ; 0            ; 1 (0)        ; 0 (0)             ; 9 (0)            ; |HoloTop|Holo:holo|CalcPhase:calcPhase|MultK:multKop|MultK_altfp_mult_mrn:MultK_altfp_mult_mrn_component|lpm_add_sub:exp_add_adder                                                                                                                                                                                                                         ; lpm_add_sub                       ; work         ;
;                   |add_sub_hge:auto_generated|                                    ; 10 (10)     ; 9 (9)                     ; 0 (0)         ; 0           ; 0    ; 0            ; 0       ; 0         ; 0    ; 0            ; 1 (1)        ; 0 (0)             ; 9 (9)            ; |HoloTop|Holo:holo|CalcPhase:calcPhase|MultK:multKop|MultK_altfp_mult_mrn:MultK_altfp_mult_mrn_component|lpm_add_sub:exp_add_adder|add_sub_hge:auto_generated                                                                                                                                                                                              ; add_sub_hge                       ; work         ;
;                |lpm_add_sub:exp_adj_adder|                                        ; 10 (0)      ; 0 (0)                     ; 0 (0)         ; 0           ; 0    ; 0            ; 0       ; 0         ; 0    ; 0            ; 0 (0)        ; 0 (0)             ; 10 (0)           ; |HoloTop|Holo:holo|CalcPhase:calcPhase|MultK:multKop|MultK_altfp_mult_mrn:MultK_altfp_mult_mrn_component|lpm_add_sub:exp_adj_adder                                                                                                                                                                                                                         ; lpm_add_sub                       ; work         ;
;                   |add_sub_rra:auto_generated|                                    ; 10 (10)     ; 0 (0)                     ; 0 (0)         ; 0           ; 0    ; 0            ; 0       ; 0         ; 0    ; 0            ; 0 (0)        ; 0 (0)             ; 10 (10)          ; |HoloTop|Holo:holo|CalcPhase:calcPhase|MultK:multKop|MultK_altfp_mult_mrn:MultK_altfp_mult_mrn_component|lpm_add_sub:exp_adj_adder|add_sub_rra:auto_generated                                                                                                                                                                                              ; add_sub_rra                       ; work         ;
;                |lpm_mult:man_product2_mult|                                       ; 81 (0)      ; 73 (0)                    ; 0 (0)         ; 0           ; 0    ; 7            ; 1       ; 3         ; 0    ; 0            ; 8 (0)        ; 19 (0)            ; 54 (0)           ; |HoloTop|Holo:holo|CalcPhase:calcPhase|MultK:multKop|MultK_altfp_mult_mrn:MultK_altfp_mult_mrn_component|lpm_mult:man_product2_mult                                                                                                                                                                                                                        ; lpm_mult                          ; work         ;
;                   |mult_ujs:auto_generated|                                       ; 81 (81)     ; 73 (73)                   ; 0 (0)         ; 0           ; 0    ; 7            ; 1       ; 3         ; 0    ; 0            ; 8 (8)        ; 19 (19)           ; 54 (54)          ; |HoloTop|Holo:holo|CalcPhase:calcPhase|MultK:multKop|MultK_altfp_mult_mrn:MultK_altfp_mult_mrn_component|lpm_mult:man_product2_mult|mult_ujs:auto_generated                                                                                                                                                                                                ; mult_ujs                          ; work         ;
;          |MultK:scaleOp|                                                          ; 243 (0)     ; 213 (0)                   ; 0 (0)         ; 0           ; 0    ; 7            ; 1       ; 3         ; 0    ; 0            ; 26 (0)       ; 38 (0)            ; 179 (0)          ; |HoloTop|Holo:holo|CalcPhase:calcPhase|MultK:scaleOp                                                                                                                                                                                                                                                                                                       ; MultK                             ; work         ;
;             |MultK_altfp_mult_mrn:MultK_altfp_mult_mrn_component|                 ; 243 (141)   ; 213 (131)                 ; 0 (0)         ; 0           ; 0    ; 7            ; 1       ; 3         ; 0    ; 0            ; 26 (18)      ; 38 (16)           ; 179 (113)        ; |HoloTop|Holo:holo|CalcPhase:calcPhase|MultK:scaleOp|MultK_altfp_mult_mrn:MultK_altfp_mult_mrn_component                                                                                                                                                                                                                                                   ; MultK_altfp_mult_mrn              ; work         ;
;                |lpm_add_sub:exp_add_adder|                                        ; 11 (0)      ; 9 (0)                     ; 0 (0)         ; 0           ; 0    ; 0            ; 0       ; 0         ; 0    ; 0            ; 0 (0)        ; 2 (0)             ; 9 (0)            ; |HoloTop|Holo:holo|CalcPhase:calcPhase|MultK:scaleOp|MultK_altfp_mult_mrn:MultK_altfp_mult_mrn_component|lpm_add_sub:exp_add_adder                                                                                                                                                                                                                         ; lpm_add_sub                       ; work         ;
;                   |add_sub_hge:auto_generated|                                    ; 11 (11)     ; 9 (9)                     ; 0 (0)         ; 0           ; 0    ; 0            ; 0       ; 0         ; 0    ; 0            ; 0 (0)        ; 2 (2)             ; 9 (9)            ; |HoloTop|Holo:holo|CalcPhase:calcPhase|MultK:scaleOp|MultK_altfp_mult_mrn:MultK_altfp_mult_mrn_component|lpm_add_sub:exp_add_adder|add_sub_hge:auto_generated                                                                                                                                                                                              ; add_sub_hge                       ; work         ;
;                |lpm_add_sub:exp_adj_adder|                                        ; 10 (0)      ; 0 (0)                     ; 0 (0)         ; 0           ; 0    ; 0            ; 0       ; 0         ; 0    ; 0            ; 0 (0)        ; 0 (0)             ; 10 (0)           ; |HoloTop|Holo:holo|CalcPhase:calcPhase|MultK:scaleOp|MultK_altfp_mult_mrn:MultK_altfp_mult_mrn_component|lpm_add_sub:exp_adj_adder                                                                                                                                                                                                                         ; lpm_add_sub                       ; work         ;
;                   |add_sub_rra:auto_generated|                                    ; 10 (10)     ; 0 (0)                     ; 0 (0)         ; 0           ; 0    ; 0            ; 0       ; 0         ; 0    ; 0            ; 0 (0)        ; 0 (0)             ; 10 (10)          ; |HoloTop|Holo:holo|CalcPhase:calcPhase|MultK:scaleOp|MultK_altfp_mult_mrn:MultK_altfp_mult_mrn_component|lpm_add_sub:exp_adj_adder|add_sub_rra:auto_generated                                                                                                                                                                                              ; add_sub_rra                       ; work         ;
;                |lpm_mult:man_product2_mult|                                       ; 81 (0)      ; 73 (0)                    ; 0 (0)         ; 0           ; 0    ; 7            ; 1       ; 3         ; 0    ; 0            ; 8 (0)        ; 20 (0)            ; 53 (0)           ; |HoloTop|Holo:holo|CalcPhase:calcPhase|MultK:scaleOp|MultK_altfp_mult_mrn:MultK_altfp_mult_mrn_component|lpm_mult:man_product2_mult                                                                                                                                                                                                                        ; lpm_mult                          ; work         ;
;                   |mult_ujs:auto_generated|                                       ; 81 (81)     ; 73 (73)                   ; 0 (0)         ; 0           ; 0    ; 7            ; 1       ; 3         ; 0    ; 0            ; 8 (8)        ; 20 (20)           ; 53 (53)          ; |HoloTop|Holo:holo|CalcPhase:calcPhase|MultK:scaleOp|MultK_altfp_mult_mrn:MultK_altfp_mult_mrn_component|lpm_mult:man_product2_mult|mult_ujs:auto_generated                                                                                                                                                                                                ; mult_ujs                          ; work         ;
;          |Sqrtf:sqrtfOp|                                                          ; 911 (0)     ; 617 (0)                   ; 0 (0)         ; 0           ; 0    ; 0            ; 0       ; 0         ; 0    ; 0            ; 289 (0)      ; 234 (0)           ; 388 (0)          ; |HoloTop|Holo:holo|CalcPhase:calcPhase|Sqrtf:sqrtfOp                                                                                                                                                                                                                                                                                                       ; Sqrtf                             ; work         ;
;             |Sqrtf_altfp_sqrt_8qc:Sqrtf_altfp_sqrt_8qc_component|                 ; 911 (261)   ; 617 (251)                 ; 0 (0)         ; 0           ; 0    ; 0            ; 0       ; 0         ; 0    ; 0            ; 289 (14)     ; 234 (175)         ; 388 (85)         ; |HoloTop|Holo:holo|CalcPhase:calcPhase|Sqrtf:sqrtfOp|Sqrtf_altfp_sqrt_8qc:Sqrtf_altfp_sqrt_8qc_component                                                                                                                                                                                                                                                   ; Sqrtf_altfp_sqrt_8qc              ; work         ;
;                |Sqrtf_alt_sqrt_block_vjb:alt_sqrt_block2|                         ; 653 (506)   ; 366 (366)                 ; 0 (0)         ; 0           ; 0    ; 0            ; 0       ; 0         ; 0    ; 0            ; 275 (153)    ; 59 (59)           ; 319 (291)        ; |HoloTop|Holo:holo|CalcPhase:calcPhase|Sqrtf:sqrtfOp|Sqrtf_altfp_sqrt_8qc:Sqrtf_altfp_sqrt_8qc_component|Sqrtf_alt_sqrt_block_vjb:alt_sqrt_block2                                                                                                                                                                                                          ; Sqrtf_alt_sqrt_block_vjb          ; work         ;
;                   |lpm_add_sub:add_sub10|                                         ; 9 (0)       ; 0 (0)                     ; 0 (0)         ; 0           ; 0    ; 0            ; 0       ; 0         ; 0    ; 0            ; 0 (0)        ; 0 (0)             ; 9 (0)            ; |HoloTop|Holo:holo|CalcPhase:calcPhase|Sqrtf:sqrtfOp|Sqrtf_altfp_sqrt_8qc:Sqrtf_altfp_sqrt_8qc_component|Sqrtf_alt_sqrt_block_vjb:alt_sqrt_block2|lpm_add_sub:add_sub10                                                                                                                                                                                    ; lpm_add_sub                       ; work         ;
;                      |add_sub_nld:auto_generated|                                 ; 9 (9)       ; 0 (0)                     ; 0 (0)         ; 0           ; 0    ; 0            ; 0       ; 0         ; 0    ; 0            ; 0 (0)        ; 0 (0)             ; 9 (9)            ; |HoloTop|Holo:holo|CalcPhase:calcPhase|Sqrtf:sqrtfOp|Sqrtf_altfp_sqrt_8qc:Sqrtf_altfp_sqrt_8qc_component|Sqrtf_alt_sqrt_block_vjb:alt_sqrt_block2|lpm_add_sub:add_sub10|add_sub_nld:auto_generated                                                                                                                                                         ; add_sub_nld                       ; work         ;
;                   |lpm_add_sub:add_sub12|                                         ; 11 (0)      ; 0 (0)                     ; 0 (0)         ; 0           ; 0    ; 0            ; 0       ; 0         ; 0    ; 0            ; 8 (0)        ; 0 (0)             ; 3 (0)            ; |HoloTop|Holo:holo|CalcPhase:calcPhase|Sqrtf:sqrtfOp|Sqrtf_altfp_sqrt_8qc:Sqrtf_altfp_sqrt_8qc_component|Sqrtf_alt_sqrt_block_vjb:alt_sqrt_block2|lpm_add_sub:add_sub12                                                                                                                                                                                    ; lpm_add_sub                       ; work         ;
;                      |add_sub_0nd:auto_generated|                                 ; 11 (11)     ; 0 (0)                     ; 0 (0)         ; 0           ; 0    ; 0            ; 0       ; 0         ; 0    ; 0            ; 8 (8)        ; 0 (0)             ; 3 (3)            ; |HoloTop|Holo:holo|CalcPhase:calcPhase|Sqrtf:sqrtfOp|Sqrtf_altfp_sqrt_8qc:Sqrtf_altfp_sqrt_8qc_component|Sqrtf_alt_sqrt_block_vjb:alt_sqrt_block2|lpm_add_sub:add_sub12|add_sub_0nd:auto_generated                                                                                                                                                         ; add_sub_0nd                       ; work         ;
;                   |lpm_add_sub:add_sub14|                                         ; 13 (0)      ; 0 (0)                     ; 0 (0)         ; 0           ; 0    ; 0            ; 0       ; 0         ; 0    ; 0            ; 11 (0)       ; 0 (0)             ; 2 (0)            ; |HoloTop|Holo:holo|CalcPhase:calcPhase|Sqrtf:sqrtfOp|Sqrtf_altfp_sqrt_8qc:Sqrtf_altfp_sqrt_8qc_component|Sqrtf_alt_sqrt_block_vjb:alt_sqrt_block2|lpm_add_sub:add_sub14                                                                                                                                                                                    ; lpm_add_sub                       ; work         ;
;                      |add_sub_2nd:auto_generated|                                 ; 13 (13)     ; 0 (0)                     ; 0 (0)         ; 0           ; 0    ; 0            ; 0       ; 0         ; 0    ; 0            ; 11 (11)      ; 0 (0)             ; 2 (2)            ; |HoloTop|Holo:holo|CalcPhase:calcPhase|Sqrtf:sqrtfOp|Sqrtf_altfp_sqrt_8qc:Sqrtf_altfp_sqrt_8qc_component|Sqrtf_alt_sqrt_block_vjb:alt_sqrt_block2|lpm_add_sub:add_sub14|add_sub_2nd:auto_generated                                                                                                                                                         ; add_sub_2nd                       ; work         ;
;                   |lpm_add_sub:add_sub16|                                         ; 12 (0)      ; 0 (0)                     ; 0 (0)         ; 0           ; 0    ; 0            ; 0       ; 0         ; 0    ; 0            ; 12 (0)       ; 0 (0)             ; 0 (0)            ; |HoloTop|Holo:holo|CalcPhase:calcPhase|Sqrtf:sqrtfOp|Sqrtf_altfp_sqrt_8qc:Sqrtf_altfp_sqrt_8qc_component|Sqrtf_alt_sqrt_block_vjb:alt_sqrt_block2|lpm_add_sub:add_sub16                                                                                                                                                                                    ; lpm_add_sub                       ; work         ;
;                      |add_sub_3nd:auto_generated|                                 ; 12 (12)     ; 0 (0)                     ; 0 (0)         ; 0           ; 0    ; 0            ; 0       ; 0         ; 0    ; 0            ; 12 (12)      ; 0 (0)             ; 0 (0)            ; |HoloTop|Holo:holo|CalcPhase:calcPhase|Sqrtf:sqrtfOp|Sqrtf_altfp_sqrt_8qc:Sqrtf_altfp_sqrt_8qc_component|Sqrtf_alt_sqrt_block_vjb:alt_sqrt_block2|lpm_add_sub:add_sub16|add_sub_3nd:auto_generated                                                                                                                                                         ; add_sub_3nd                       ; work         ;
;                   |lpm_add_sub:add_sub18|                                         ; 14 (0)      ; 0 (0)                     ; 0 (0)         ; 0           ; 0    ; 0            ; 0       ; 0         ; 0    ; 0            ; 14 (0)       ; 0 (0)             ; 0 (0)            ; |HoloTop|Holo:holo|CalcPhase:calcPhase|Sqrtf:sqrtfOp|Sqrtf_altfp_sqrt_8qc:Sqrtf_altfp_sqrt_8qc_component|Sqrtf_alt_sqrt_block_vjb:alt_sqrt_block2|lpm_add_sub:add_sub18                                                                                                                                                                                    ; lpm_add_sub                       ; work         ;
;                      |add_sub_3nd:auto_generated|                                 ; 14 (14)     ; 0 (0)                     ; 0 (0)         ; 0           ; 0    ; 0            ; 0       ; 0         ; 0    ; 0            ; 14 (14)      ; 0 (0)             ; 0 (0)            ; |HoloTop|Holo:holo|CalcPhase:calcPhase|Sqrtf:sqrtfOp|Sqrtf_altfp_sqrt_8qc:Sqrtf_altfp_sqrt_8qc_component|Sqrtf_alt_sqrt_block_vjb:alt_sqrt_block2|lpm_add_sub:add_sub18|add_sub_3nd:auto_generated                                                                                                                                                         ; add_sub_3nd                       ; work         ;
;                   |lpm_add_sub:add_sub20|                                         ; 16 (0)      ; 0 (0)                     ; 0 (0)         ; 0           ; 0    ; 0            ; 0       ; 0         ; 0    ; 0            ; 16 (0)       ; 0 (0)             ; 0 (0)            ; |HoloTop|Holo:holo|CalcPhase:calcPhase|Sqrtf:sqrtfOp|Sqrtf_altfp_sqrt_8qc:Sqrtf_altfp_sqrt_8qc_component|Sqrtf_alt_sqrt_block_vjb:alt_sqrt_block2|lpm_add_sub:add_sub20                                                                                                                                                                                    ; lpm_add_sub                       ; work         ;
;                      |add_sub_5nd:auto_generated|                                 ; 16 (16)     ; 0 (0)                     ; 0 (0)         ; 0           ; 0    ; 0            ; 0       ; 0         ; 0    ; 0            ; 16 (16)      ; 0 (0)             ; 0 (0)            ; |HoloTop|Holo:holo|CalcPhase:calcPhase|Sqrtf:sqrtfOp|Sqrtf_altfp_sqrt_8qc:Sqrtf_altfp_sqrt_8qc_component|Sqrtf_alt_sqrt_block_vjb:alt_sqrt_block2|lpm_add_sub:add_sub20|add_sub_5nd:auto_generated                                                                                                                                                         ; add_sub_5nd                       ; work         ;
;                   |lpm_add_sub:add_sub22|                                         ; 18 (0)      ; 0 (0)                     ; 0 (0)         ; 0           ; 0    ; 0            ; 0       ; 0         ; 0    ; 0            ; 18 (0)       ; 0 (0)             ; 0 (0)            ; |HoloTop|Holo:holo|CalcPhase:calcPhase|Sqrtf:sqrtfOp|Sqrtf_altfp_sqrt_8qc:Sqrtf_altfp_sqrt_8qc_component|Sqrtf_alt_sqrt_block_vjb:alt_sqrt_block2|lpm_add_sub:add_sub22                                                                                                                                                                                    ; lpm_add_sub                       ; work         ;
;                      |add_sub_7nd:auto_generated|                                 ; 18 (18)     ; 0 (0)                     ; 0 (0)         ; 0           ; 0    ; 0            ; 0       ; 0         ; 0    ; 0            ; 18 (18)      ; 0 (0)             ; 0 (0)            ; |HoloTop|Holo:holo|CalcPhase:calcPhase|Sqrtf:sqrtfOp|Sqrtf_altfp_sqrt_8qc:Sqrtf_altfp_sqrt_8qc_component|Sqrtf_alt_sqrt_block_vjb:alt_sqrt_block2|lpm_add_sub:add_sub22|add_sub_7nd:auto_generated                                                                                                                                                         ; add_sub_7nd                       ; work         ;
;                   |lpm_add_sub:add_sub24|                                         ; 20 (0)      ; 0 (0)                     ; 0 (0)         ; 0           ; 0    ; 0            ; 0       ; 0         ; 0    ; 0            ; 18 (0)       ; 0 (0)             ; 2 (0)            ; |HoloTop|Holo:holo|CalcPhase:calcPhase|Sqrtf:sqrtfOp|Sqrtf_altfp_sqrt_8qc:Sqrtf_altfp_sqrt_8qc_component|Sqrtf_alt_sqrt_block_vjb:alt_sqrt_block2|lpm_add_sub:add_sub24                                                                                                                                                                                    ; lpm_add_sub                       ; work         ;
;                      |add_sub_9nd:auto_generated|                                 ; 20 (20)     ; 0 (0)                     ; 0 (0)         ; 0           ; 0    ; 0            ; 0       ; 0         ; 0    ; 0            ; 18 (18)      ; 0 (0)             ; 2 (2)            ; |HoloTop|Holo:holo|CalcPhase:calcPhase|Sqrtf:sqrtfOp|Sqrtf_altfp_sqrt_8qc:Sqrtf_altfp_sqrt_8qc_component|Sqrtf_alt_sqrt_block_vjb:alt_sqrt_block2|lpm_add_sub:add_sub24|add_sub_9nd:auto_generated                                                                                                                                                         ; add_sub_9nd                       ; work         ;
;                   |lpm_add_sub:add_sub26|                                         ; 22 (0)      ; 0 (0)                     ; 0 (0)         ; 0           ; 0    ; 0            ; 0       ; 0         ; 0    ; 0            ; 22 (0)       ; 0 (0)             ; 0 (0)            ; |HoloTop|Holo:holo|CalcPhase:calcPhase|Sqrtf:sqrtfOp|Sqrtf_altfp_sqrt_8qc:Sqrtf_altfp_sqrt_8qc_component|Sqrtf_alt_sqrt_block_vjb:alt_sqrt_block2|lpm_add_sub:add_sub26                                                                                                                                                                                    ; lpm_add_sub                       ; work         ;
;                      |add_sub_bnd:auto_generated|                                 ; 22 (22)     ; 0 (0)                     ; 0 (0)         ; 0           ; 0    ; 0            ; 0       ; 0         ; 0    ; 0            ; 22 (22)      ; 0 (0)             ; 0 (0)            ; |HoloTop|Holo:holo|CalcPhase:calcPhase|Sqrtf:sqrtfOp|Sqrtf_altfp_sqrt_8qc:Sqrtf_altfp_sqrt_8qc_component|Sqrtf_alt_sqrt_block_vjb:alt_sqrt_block2|lpm_add_sub:add_sub26|add_sub_bnd:auto_generated                                                                                                                                                         ; add_sub_bnd                       ; work         ;
;                   |lpm_add_sub:add_sub5|                                          ; 3 (0)       ; 0 (0)                     ; 0 (0)         ; 0           ; 0    ; 0            ; 0       ; 0         ; 0    ; 0            ; 0 (0)        ; 0 (0)             ; 3 (0)            ; |HoloTop|Holo:holo|CalcPhase:calcPhase|Sqrtf:sqrtfOp|Sqrtf_altfp_sqrt_8qc:Sqrtf_altfp_sqrt_8qc_component|Sqrtf_alt_sqrt_block_vjb:alt_sqrt_block2|lpm_add_sub:add_sub5                                                                                                                                                                                     ; lpm_add_sub                       ; work         ;
;                      |add_sub_ild:auto_generated|                                 ; 3 (3)       ; 0 (0)                     ; 0 (0)         ; 0           ; 0    ; 0            ; 0       ; 0         ; 0    ; 0            ; 0 (0)        ; 0 (0)             ; 3 (3)            ; |HoloTop|Holo:holo|CalcPhase:calcPhase|Sqrtf:sqrtfOp|Sqrtf_altfp_sqrt_8qc:Sqrtf_altfp_sqrt_8qc_component|Sqrtf_alt_sqrt_block_vjb:alt_sqrt_block2|lpm_add_sub:add_sub5|add_sub_ild:auto_generated                                                                                                                                                          ; add_sub_ild                       ; work         ;
;                   |lpm_add_sub:add_sub6|                                          ; 5 (0)       ; 0 (0)                     ; 0 (0)         ; 0           ; 0    ; 0            ; 0       ; 0         ; 0    ; 0            ; 0 (0)        ; 0 (0)             ; 5 (0)            ; |HoloTop|Holo:holo|CalcPhase:calcPhase|Sqrtf:sqrtfOp|Sqrtf_altfp_sqrt_8qc:Sqrtf_altfp_sqrt_8qc_component|Sqrtf_alt_sqrt_block_vjb:alt_sqrt_block2|lpm_add_sub:add_sub6                                                                                                                                                                                     ; lpm_add_sub                       ; work         ;
;                      |add_sub_jld:auto_generated|                                 ; 5 (5)       ; 0 (0)                     ; 0 (0)         ; 0           ; 0    ; 0            ; 0       ; 0         ; 0    ; 0            ; 0 (0)        ; 0 (0)             ; 5 (5)            ; |HoloTop|Holo:holo|CalcPhase:calcPhase|Sqrtf:sqrtfOp|Sqrtf_altfp_sqrt_8qc:Sqrtf_altfp_sqrt_8qc_component|Sqrtf_alt_sqrt_block_vjb:alt_sqrt_block2|lpm_add_sub:add_sub6|add_sub_jld:auto_generated                                                                                                                                                          ; add_sub_jld                       ; work         ;
;                   |lpm_add_sub:add_sub8|                                          ; 7 (0)       ; 0 (0)                     ; 0 (0)         ; 0           ; 0    ; 0            ; 0       ; 0         ; 0    ; 0            ; 3 (0)        ; 0 (0)             ; 4 (0)            ; |HoloTop|Holo:holo|CalcPhase:calcPhase|Sqrtf:sqrtfOp|Sqrtf_altfp_sqrt_8qc:Sqrtf_altfp_sqrt_8qc_component|Sqrtf_alt_sqrt_block_vjb:alt_sqrt_block2|lpm_add_sub:add_sub8                                                                                                                                                                                     ; lpm_add_sub                       ; work         ;
;                      |add_sub_lld:auto_generated|                                 ; 7 (7)       ; 0 (0)                     ; 0 (0)         ; 0           ; 0    ; 0            ; 0       ; 0         ; 0    ; 0            ; 3 (3)        ; 0 (0)             ; 4 (4)            ; |HoloTop|Holo:holo|CalcPhase:calcPhase|Sqrtf:sqrtfOp|Sqrtf_altfp_sqrt_8qc:Sqrtf_altfp_sqrt_8qc_component|Sqrtf_alt_sqrt_block_vjb:alt_sqrt_block2|lpm_add_sub:add_sub8|add_sub_lld:auto_generated                                                                                                                                                          ; add_sub_lld                       ; work         ;
;          |altsquare:xSqrOp|                                                       ; 162 (0)     ; 73 (0)                    ; 0 (0)         ; 0           ; 0    ; 0            ; 0       ; 0         ; 0    ; 0            ; 89 (0)       ; 0 (0)             ; 73 (0)           ; |HoloTop|Holo:holo|CalcPhase:calcPhase|altsquare:xSqrOp                                                                                                                                                                                                                                                                                                    ; altsquare                         ; work         ;
;             |altsquare_8oe:auto_generated|                                        ; 162 (162)   ; 73 (73)                   ; 0 (0)         ; 0           ; 0    ; 0            ; 0       ; 0         ; 0    ; 0            ; 89 (89)      ; 0 (0)             ; 73 (73)          ; |HoloTop|Holo:holo|CalcPhase:calcPhase|altsquare:xSqrOp|altsquare_8oe:auto_generated                                                                                                                                                                                                                                                                       ; altsquare_8oe                     ; work         ;
;          |altsquare:ySqrOp|                                                       ; 157 (0)     ; 71 (0)                    ; 0 (0)         ; 0           ; 0    ; 0            ; 0       ; 0         ; 0    ; 0            ; 85 (0)       ; 1 (0)             ; 71 (0)           ; |HoloTop|Holo:holo|CalcPhase:calcPhase|altsquare:ySqrOp                                                                                                                                                                                                                                                                                                    ; altsquare                         ; work         ;
;             |altsquare_8oe:auto_generated|                                        ; 157 (157)   ; 71 (71)                   ; 0 (0)         ; 0           ; 0    ; 0            ; 0       ; 0         ; 0    ; 0            ; 85 (85)      ; 1 (1)             ; 71 (71)          ; |HoloTop|Holo:holo|CalcPhase:calcPhase|altsquare:ySqrOp|altsquare_8oe:auto_generated                                                                                                                                                                                                                                                                       ; altsquare_8oe                     ; work         ;
;          |altsquare:zSqrOp|                                                       ; 162 (0)     ; 73 (0)                    ; 0 (0)         ; 0           ; 0    ; 0            ; 0       ; 0         ; 0    ; 0            ; 89 (0)       ; 1 (0)             ; 72 (0)           ; |HoloTop|Holo:holo|CalcPhase:calcPhase|altsquare:zSqrOp                                                                                                                                                                                                                                                                                                    ; altsquare                         ; work         ;
;             |altsquare_8oe:auto_generated|                                        ; 162 (162)   ; 73 (73)                   ; 0 (0)         ; 0           ; 0    ; 0            ; 0       ; 0         ; 0    ; 0            ; 89 (89)      ; 1 (1)             ; 72 (72)          ; |HoloTop|Holo:holo|CalcPhase:calcPhase|altsquare:zSqrOp|altsquare_8oe:auto_generated                                                                                                                                                                                                                                                                       ; altsquare_8oe                     ; work         ;
;          |lpm_add_sub:normalize|                                                  ; 17 (0)      ; 16 (0)                    ; 0 (0)         ; 0           ; 0    ; 0            ; 0       ; 0         ; 0    ; 0            ; 1 (0)        ; 0 (0)             ; 16 (0)           ; |HoloTop|Holo:holo|CalcPhase:calcPhase|lpm_add_sub:normalize                                                                                                                                                                                                                                                                                               ; lpm_add_sub                       ; work         ;
;             |add_sub_c8e:auto_generated|                                          ; 17 (17)     ; 16 (16)                   ; 0 (0)         ; 0           ; 0    ; 0            ; 0       ; 0         ; 0    ; 0            ; 1 (1)        ; 0 (0)             ; 16 (16)          ; |HoloTop|Holo:holo|CalcPhase:calcPhase|lpm_add_sub:normalize|add_sub_c8e:auto_generated                                                                                                                                                                                                                                                                    ; add_sub_c8e                       ; work         ;
;          |lpm_add_sub:sumXYZop|                                                   ; 22 (0)      ; 22 (0)                    ; 0 (0)         ; 0           ; 0    ; 0            ; 0       ; 0         ; 0    ; 0            ; 0 (0)        ; 0 (0)             ; 22 (0)           ; |HoloTop|Holo:holo|CalcPhase:calcPhase|lpm_add_sub:sumXYZop                                                                                                                                                                                                                                                                                                ; lpm_add_sub                       ; work         ;
;             |add_sub_g8e:auto_generated|                                          ; 22 (22)     ; 22 (22)                   ; 0 (0)         ; 0           ; 0    ; 0            ; 0       ; 0         ; 0    ; 0            ; 0 (0)        ; 0 (0)             ; 22 (22)          ; |HoloTop|Holo:holo|CalcPhase:calcPhase|lpm_add_sub:sumXYZop|add_sub_g8e:auto_generated                                                                                                                                                                                                                                                                     ; add_sub_g8e                       ; work         ;
;          |lpm_add_sub:sumXZop|                                                    ; 23 (0)      ; 23 (0)                    ; 0 (0)         ; 0           ; 0    ; 0            ; 0       ; 0         ; 0    ; 0            ; 0 (0)        ; 0 (0)             ; 23 (0)           ; |HoloTop|Holo:holo|CalcPhase:calcPhase|lpm_add_sub:sumXZop                                                                                                                                                                                                                                                                                                 ; lpm_add_sub                       ; work         ;
;             |add_sub_g8e:auto_generated|                                          ; 23 (23)     ; 23 (23)                   ; 0 (0)         ; 0           ; 0    ; 0            ; 0       ; 0         ; 0    ; 0            ; 0 (0)        ; 0 (0)             ; 23 (23)          ; |HoloTop|Holo:holo|CalcPhase:calcPhase|lpm_add_sub:sumXZop|add_sub_g8e:auto_generated                                                                                                                                                                                                                                                                      ; add_sub_g8e                       ; work         ;
;          |lpm_add_sub:xSubOp|                                                     ; 14 (0)      ; 13 (0)                    ; 0 (0)         ; 0           ; 0    ; 0            ; 0       ; 0         ; 0    ; 0            ; 0 (0)        ; 2 (0)             ; 12 (0)           ; |HoloTop|Holo:holo|CalcPhase:calcPhase|lpm_add_sub:xSubOp                                                                                                                                                                                                                                                                                                  ; lpm_add_sub                       ; work         ;
;             |add_sub_g9e:auto_generated|                                          ; 14 (14)     ; 13 (13)                   ; 0 (0)         ; 0           ; 0    ; 0            ; 0       ; 0         ; 0    ; 0            ; 0 (0)        ; 2 (2)             ; 12 (12)          ; |HoloTop|Holo:holo|CalcPhase:calcPhase|lpm_add_sub:xSubOp|add_sub_g9e:auto_generated                                                                                                                                                                                                                                                                       ; add_sub_g9e                       ; work         ;
;          |lpm_add_sub:ySubOp|                                                     ; 13 (0)      ; 13 (0)                    ; 0 (0)         ; 0           ; 0    ; 0            ; 0       ; 0         ; 0    ; 0            ; 0 (0)        ; 0 (0)             ; 13 (0)           ; |HoloTop|Holo:holo|CalcPhase:calcPhase|lpm_add_sub:ySubOp                                                                                                                                                                                                                                                                                                  ; lpm_add_sub                       ; work         ;
;             |add_sub_g9e:auto_generated|                                          ; 13 (13)     ; 13 (13)                   ; 0 (0)         ; 0           ; 0    ; 0            ; 0       ; 0         ; 0    ; 0            ; 0 (0)        ; 0 (0)             ; 13 (13)          ; |HoloTop|Holo:holo|CalcPhase:calcPhase|lpm_add_sub:ySubOp|add_sub_g9e:auto_generated                                                                                                                                                                                                                                                                       ; add_sub_g9e                       ; work         ;
;          |lpm_add_sub:zSubOp|                                                     ; 13 (0)      ; 13 (0)                    ; 0 (0)         ; 0           ; 0    ; 0            ; 0       ; 0         ; 0    ; 0            ; 0 (0)        ; 1 (0)             ; 12 (0)           ; |HoloTop|Holo:holo|CalcPhase:calcPhase|lpm_add_sub:zSubOp                                                                                                                                                                                                                                                                                                  ; lpm_add_sub                       ; work         ;
;             |add_sub_g9e:auto_generated|                                          ; 13 (13)     ; 13 (13)                   ; 0 (0)         ; 0           ; 0    ; 0            ; 0       ; 0         ; 0    ; 0            ; 0 (0)        ; 1 (1)             ; 12 (12)          ; |HoloTop|Holo:holo|CalcPhase:calcPhase|lpm_add_sub:zSubOp|add_sub_g9e:auto_generated                                                                                                                                                                                                                                                                       ; add_sub_g9e                       ; work         ;
;          |lpm_divide:mod|                                                         ; 408 (0)     ; 27 (0)                    ; 0 (0)         ; 0           ; 0    ; 0            ; 0       ; 0         ; 0    ; 0            ; 354 (0)      ; 1 (0)             ; 53 (0)           ; |HoloTop|Holo:holo|CalcPhase:calcPhase|lpm_divide:mod                                                                                                                                                                                                                                                                                                      ; lpm_divide                        ; work         ;
;             |lpm_divide_suq:auto_generated|                                       ; 408 (0)     ; 27 (0)                    ; 0 (0)         ; 0           ; 0    ; 0            ; 0       ; 0         ; 0    ; 0            ; 354 (0)      ; 1 (0)             ; 53 (0)           ; |HoloTop|Holo:holo|CalcPhase:calcPhase|lpm_divide:mod|lpm_divide_suq:auto_generated                                                                                                                                                                                                                                                                        ; lpm_divide_suq                    ; work         ;
;                |abs_divider_g5h:divider|                                          ; 408 (1)     ; 27 (1)                    ; 0 (0)         ; 0           ; 0    ; 0            ; 0       ; 0         ; 0    ; 0            ; 354 (0)      ; 1 (1)             ; 53 (0)           ; |HoloTop|Holo:holo|CalcPhase:calcPhase|lpm_divide:mod|lpm_divide_suq:auto_generated|abs_divider_g5h:divider                                                                                                                                                                                                                                                ; abs_divider_g5h                   ; work         ;
;                   |alt_u_div_4rf:divider|                                         ; 368 (368)   ; 26 (26)                   ; 0 (0)         ; 0           ; 0    ; 0            ; 0       ; 0         ; 0    ; 0            ; 334 (334)    ; 0 (0)             ; 34 (34)          ; |HoloTop|Holo:holo|CalcPhase:calcPhase|lpm_divide:mod|lpm_divide_suq:auto_generated|abs_divider_g5h:divider|alt_u_div_4rf:divider                                                                                                                                                                                                                          ; alt_u_div_4rf                     ; work         ;
;                   |lpm_abs_b0a:my_abs_num|                                        ; 53 (53)     ; 0 (0)                     ; 0 (0)         ; 0           ; 0    ; 0            ; 0       ; 0         ; 0    ; 0            ; 20 (20)      ; 0 (0)             ; 33 (33)          ; |HoloTop|Holo:holo|CalcPhase:calcPhase|lpm_divide:mod|lpm_divide_suq:auto_generated|abs_divider_g5h:divider|lpm_abs_b0a:my_abs_num                                                                                                                                                                                                                         ; lpm_abs_b0a                       ; work         ;
;       |LED:led[0]|                                                                ; 23 (23)     ; 8 (8)                     ; 0 (0)         ; 0           ; 0    ; 0            ; 0       ; 0         ; 0    ; 0            ; 15 (15)      ; 0 (0)             ; 8 (8)            ; |HoloTop|Holo:holo|LED:led[0]                                                                                                                                                                                                                                                                                                                              ; LED                               ; work         ;
;       |LED:led[1]|                                                                ; 9 (9)       ; 0 (0)                     ; 0 (0)         ; 0           ; 0    ; 0            ; 0       ; 0         ; 0    ; 0            ; 9 (9)        ; 0 (0)             ; 0 (0)            ; |HoloTop|Holo:holo|LED:led[1]                                                                                                                                                                                                                                                                                                                              ; LED                               ; work         ;
;       |LED:led[2]|                                                                ; 9 (9)       ; 0 (0)                     ; 0 (0)         ; 0           ; 0    ; 0            ; 0       ; 0         ; 0    ; 0            ; 3 (3)        ; 0 (0)             ; 6 (6)            ; |HoloTop|Holo:holo|LED:led[2]                                                                                                                                                                                                                                                                                                                              ; LED                               ; work         ;
;       |PosColRam:posColRam|                                                       ; 0 (0)       ; 0 (0)                     ; 0 (0)         ; 376832      ; 46   ; 0            ; 0       ; 0         ; 0    ; 0            ; 0 (0)        ; 0 (0)             ; 0 (0)            ; |HoloTop|Holo:holo|PosColRam:posColRam                                                                                                                                                                                                                                                                                                                     ; PosColRam                         ; work         ;
;          |altsyncram:altsyncram_component|                                        ; 0 (0)       ; 0 (0)                     ; 0 (0)         ; 376832      ; 46   ; 0            ; 0       ; 0         ; 0    ; 0            ; 0 (0)        ; 0 (0)             ; 0 (0)            ; |HoloTop|Holo:holo|PosColRam:posColRam|altsyncram:altsyncram_component                                                                                                                                                                                                                                                                                     ; altsyncram                        ; work         ;
;             |altsyncram_4pn1:auto_generated|                                      ; 0 (0)       ; 0 (0)                     ; 0 (0)         ; 376832      ; 46   ; 0            ; 0       ; 0         ; 0    ; 0            ; 0 (0)        ; 0 (0)             ; 0 (0)            ; |HoloTop|Holo:holo|PosColRam:posColRam|altsyncram:altsyncram_component|altsyncram_4pn1:auto_generated                                                                                                                                                                                                                                                      ; altsyncram_4pn1                   ; work         ;
;       |PwmCtrl:pwmCtrl|                                                           ; 367 (17)    ; 63 (13)                   ; 0 (0)         ; 0           ; 0    ; 0            ; 0       ; 0         ; 0    ; 0            ; 299 (4)      ; 3 (3)             ; 65 (10)          ; |HoloTop|Holo:holo|PwmCtrl:pwmCtrl                                                                                                                                                                                                                                                                                                                         ; PwmCtrl                           ; work         ;
;          |PWM:pwm[0]|                                                             ; 7 (7)       ; 1 (1)                     ; 0 (0)         ; 0           ; 0    ; 0            ; 0       ; 0         ; 0    ; 0            ; 6 (6)        ; 0 (0)             ; 1 (1)            ; |HoloTop|Holo:holo|PwmCtrl:pwmCtrl|PWM:pwm[0]                                                                                                                                                                                                                                                                                                              ; PWM                               ; work         ;
;          |PWM:pwm[10]|                                                            ; 7 (7)       ; 1 (1)                     ; 0 (0)         ; 0           ; 0    ; 0            ; 0       ; 0         ; 0    ; 0            ; 6 (6)        ; 0 (0)             ; 1 (1)            ; |HoloTop|Holo:holo|PwmCtrl:pwmCtrl|PWM:pwm[10]                                                                                                                                                                                                                                                                                                             ; PWM                               ; work         ;
;          |PWM:pwm[11]|                                                            ; 7 (7)       ; 1 (1)                     ; 0 (0)         ; 0           ; 0    ; 0            ; 0       ; 0         ; 0    ; 0            ; 6 (6)        ; 0 (0)             ; 1 (1)            ; |HoloTop|Holo:holo|PwmCtrl:pwmCtrl|PWM:pwm[11]                                                                                                                                                                                                                                                                                                             ; PWM                               ; work         ;
;          |PWM:pwm[12]|                                                            ; 7 (7)       ; 1 (1)                     ; 0 (0)         ; 0           ; 0    ; 0            ; 0       ; 0         ; 0    ; 0            ; 6 (6)        ; 0 (0)             ; 1 (1)            ; |HoloTop|Holo:holo|PwmCtrl:pwmCtrl|PWM:pwm[12]                                                                                                                                                                                                                                                                                                             ; PWM                               ; work         ;
;          |PWM:pwm[13]|                                                            ; 7 (7)       ; 1 (1)                     ; 0 (0)         ; 0           ; 0    ; 0            ; 0       ; 0         ; 0    ; 0            ; 6 (6)        ; 0 (0)             ; 1 (1)            ; |HoloTop|Holo:holo|PwmCtrl:pwmCtrl|PWM:pwm[13]                                                                                                                                                                                                                                                                                                             ; PWM                               ; work         ;
;          |PWM:pwm[14]|                                                            ; 7 (7)       ; 1 (1)                     ; 0 (0)         ; 0           ; 0    ; 0            ; 0       ; 0         ; 0    ; 0            ; 6 (6)        ; 0 (0)             ; 1 (1)            ; |HoloTop|Holo:holo|PwmCtrl:pwmCtrl|PWM:pwm[14]                                                                                                                                                                                                                                                                                                             ; PWM                               ; work         ;
;          |PWM:pwm[15]|                                                            ; 7 (7)       ; 1 (1)                     ; 0 (0)         ; 0           ; 0    ; 0            ; 0       ; 0         ; 0    ; 0            ; 6 (6)        ; 0 (0)             ; 1 (1)            ; |HoloTop|Holo:holo|PwmCtrl:pwmCtrl|PWM:pwm[15]                                                                                                                                                                                                                                                                                                             ; PWM                               ; work         ;
;          |PWM:pwm[16]|                                                            ; 7 (7)       ; 1 (1)                     ; 0 (0)         ; 0           ; 0    ; 0            ; 0       ; 0         ; 0    ; 0            ; 6 (6)        ; 0 (0)             ; 1 (1)            ; |HoloTop|Holo:holo|PwmCtrl:pwmCtrl|PWM:pwm[16]                                                                                                                                                                                                                                                                                                             ; PWM                               ; work         ;
;          |PWM:pwm[17]|                                                            ; 7 (7)       ; 1 (1)                     ; 0 (0)         ; 0           ; 0    ; 0            ; 0       ; 0         ; 0    ; 0            ; 5 (5)        ; 0 (0)             ; 2 (2)            ; |HoloTop|Holo:holo|PwmCtrl:pwmCtrl|PWM:pwm[17]                                                                                                                                                                                                                                                                                                             ; PWM                               ; work         ;
;          |PWM:pwm[18]|                                                            ; 7 (7)       ; 1 (1)                     ; 0 (0)         ; 0           ; 0    ; 0            ; 0       ; 0         ; 0    ; 0            ; 6 (6)        ; 0 (0)             ; 1 (1)            ; |HoloTop|Holo:holo|PwmCtrl:pwmCtrl|PWM:pwm[18]                                                                                                                                                                                                                                                                                                             ; PWM                               ; work         ;
;          |PWM:pwm[19]|                                                            ; 7 (7)       ; 1 (1)                     ; 0 (0)         ; 0           ; 0    ; 0            ; 0       ; 0         ; 0    ; 0            ; 6 (6)        ; 0 (0)             ; 1 (1)            ; |HoloTop|Holo:holo|PwmCtrl:pwmCtrl|PWM:pwm[19]                                                                                                                                                                                                                                                                                                             ; PWM                               ; work         ;
;          |PWM:pwm[1]|                                                             ; 7 (7)       ; 1 (1)                     ; 0 (0)         ; 0           ; 0    ; 0            ; 0       ; 0         ; 0    ; 0            ; 6 (6)        ; 0 (0)             ; 1 (1)            ; |HoloTop|Holo:holo|PwmCtrl:pwmCtrl|PWM:pwm[1]                                                                                                                                                                                                                                                                                                              ; PWM                               ; work         ;
;          |PWM:pwm[20]|                                                            ; 7 (7)       ; 1 (1)                     ; 0 (0)         ; 0           ; 0    ; 0            ; 0       ; 0         ; 0    ; 0            ; 6 (6)        ; 0 (0)             ; 1 (1)            ; |HoloTop|Holo:holo|PwmCtrl:pwmCtrl|PWM:pwm[20]                                                                                                                                                                                                                                                                                                             ; PWM                               ; work         ;
;          |PWM:pwm[21]|                                                            ; 7 (7)       ; 1 (1)                     ; 0 (0)         ; 0           ; 0    ; 0            ; 0       ; 0         ; 0    ; 0            ; 6 (6)        ; 0 (0)             ; 1 (1)            ; |HoloTop|Holo:holo|PwmCtrl:pwmCtrl|PWM:pwm[21]                                                                                                                                                                                                                                                                                                             ; PWM                               ; work         ;
;          |PWM:pwm[22]|                                                            ; 7 (7)       ; 1 (1)                     ; 0 (0)         ; 0           ; 0    ; 0            ; 0       ; 0         ; 0    ; 0            ; 6 (6)        ; 0 (0)             ; 1 (1)            ; |HoloTop|Holo:holo|PwmCtrl:pwmCtrl|PWM:pwm[22]                                                                                                                                                                                                                                                                                                             ; PWM                               ; work         ;
;          |PWM:pwm[23]|                                                            ; 7 (7)       ; 1 (1)                     ; 0 (0)         ; 0           ; 0    ; 0            ; 0       ; 0         ; 0    ; 0            ; 6 (6)        ; 0 (0)             ; 1 (1)            ; |HoloTop|Holo:holo|PwmCtrl:pwmCtrl|PWM:pwm[23]                                                                                                                                                                                                                                                                                                             ; PWM                               ; work         ;
;          |PWM:pwm[24]|                                                            ; 7 (7)       ; 1 (1)                     ; 0 (0)         ; 0           ; 0    ; 0            ; 0       ; 0         ; 0    ; 0            ; 4 (4)        ; 0 (0)             ; 3 (3)            ; |HoloTop|Holo:holo|PwmCtrl:pwmCtrl|PWM:pwm[24]                                                                                                                                                                                                                                                                                                             ; PWM                               ; work         ;
;          |PWM:pwm[25]|                                                            ; 7 (7)       ; 1 (1)                     ; 0 (0)         ; 0           ; 0    ; 0            ; 0       ; 0         ; 0    ; 0            ; 5 (5)        ; 0 (0)             ; 2 (2)            ; |HoloTop|Holo:holo|PwmCtrl:pwmCtrl|PWM:pwm[25]                                                                                                                                                                                                                                                                                                             ; PWM                               ; work         ;
;          |PWM:pwm[26]|                                                            ; 7 (7)       ; 1 (1)                     ; 0 (0)         ; 0           ; 0    ; 0            ; 0       ; 0         ; 0    ; 0            ; 6 (6)        ; 0 (0)             ; 1 (1)            ; |HoloTop|Holo:holo|PwmCtrl:pwmCtrl|PWM:pwm[26]                                                                                                                                                                                                                                                                                                             ; PWM                               ; work         ;
;          |PWM:pwm[27]|                                                            ; 7 (7)       ; 1 (1)                     ; 0 (0)         ; 0           ; 0    ; 0            ; 0       ; 0         ; 0    ; 0            ; 6 (6)        ; 0 (0)             ; 1 (1)            ; |HoloTop|Holo:holo|PwmCtrl:pwmCtrl|PWM:pwm[27]                                                                                                                                                                                                                                                                                                             ; PWM                               ; work         ;
;          |PWM:pwm[28]|                                                            ; 7 (7)       ; 1 (1)                     ; 0 (0)         ; 0           ; 0    ; 0            ; 0       ; 0         ; 0    ; 0            ; 6 (6)        ; 0 (0)             ; 1 (1)            ; |HoloTop|Holo:holo|PwmCtrl:pwmCtrl|PWM:pwm[28]                                                                                                                                                                                                                                                                                                             ; PWM                               ; work         ;
;          |PWM:pwm[29]|                                                            ; 7 (7)       ; 1 (1)                     ; 0 (0)         ; 0           ; 0    ; 0            ; 0       ; 0         ; 0    ; 0            ; 6 (6)        ; 0 (0)             ; 1 (1)            ; |HoloTop|Holo:holo|PwmCtrl:pwmCtrl|PWM:pwm[29]                                                                                                                                                                                                                                                                                                             ; PWM                               ; work         ;
;          |PWM:pwm[2]|                                                             ; 7 (7)       ; 1 (1)                     ; 0 (0)         ; 0           ; 0    ; 0            ; 0       ; 0         ; 0    ; 0            ; 6 (6)        ; 0 (0)             ; 1 (1)            ; |HoloTop|Holo:holo|PwmCtrl:pwmCtrl|PWM:pwm[2]                                                                                                                                                                                                                                                                                                              ; PWM                               ; work         ;
;          |PWM:pwm[30]|                                                            ; 7 (7)       ; 1 (1)                     ; 0 (0)         ; 0           ; 0    ; 0            ; 0       ; 0         ; 0    ; 0            ; 6 (6)        ; 0 (0)             ; 1 (1)            ; |HoloTop|Holo:holo|PwmCtrl:pwmCtrl|PWM:pwm[30]                                                                                                                                                                                                                                                                                                             ; PWM                               ; work         ;
;          |PWM:pwm[31]|                                                            ; 7 (7)       ; 1 (1)                     ; 0 (0)         ; 0           ; 0    ; 0            ; 0       ; 0         ; 0    ; 0            ; 5 (5)        ; 0 (0)             ; 2 (2)            ; |HoloTop|Holo:holo|PwmCtrl:pwmCtrl|PWM:pwm[31]                                                                                                                                                                                                                                                                                                             ; PWM                               ; work         ;
;          |PWM:pwm[32]|                                                            ; 7 (7)       ; 1 (1)                     ; 0 (0)         ; 0           ; 0    ; 0            ; 0       ; 0         ; 0    ; 0            ; 6 (6)        ; 0 (0)             ; 1 (1)            ; |HoloTop|Holo:holo|PwmCtrl:pwmCtrl|PWM:pwm[32]                                                                                                                                                                                                                                                                                                             ; PWM                               ; work         ;
;          |PWM:pwm[33]|                                                            ; 7 (7)       ; 1 (1)                     ; 0 (0)         ; 0           ; 0    ; 0            ; 0       ; 0         ; 0    ; 0            ; 6 (6)        ; 0 (0)             ; 1 (1)            ; |HoloTop|Holo:holo|PwmCtrl:pwmCtrl|PWM:pwm[33]                                                                                                                                                                                                                                                                                                             ; PWM                               ; work         ;
;          |PWM:pwm[34]|                                                            ; 7 (7)       ; 1 (1)                     ; 0 (0)         ; 0           ; 0    ; 0            ; 0       ; 0         ; 0    ; 0            ; 6 (6)        ; 0 (0)             ; 1 (1)            ; |HoloTop|Holo:holo|PwmCtrl:pwmCtrl|PWM:pwm[34]                                                                                                                                                                                                                                                                                                             ; PWM                               ; work         ;
;          |PWM:pwm[35]|                                                            ; 7 (7)       ; 1 (1)                     ; 0 (0)         ; 0           ; 0    ; 0            ; 0       ; 0         ; 0    ; 0            ; 6 (6)        ; 0 (0)             ; 1 (1)            ; |HoloTop|Holo:holo|PwmCtrl:pwmCtrl|PWM:pwm[35]                                                                                                                                                                                                                                                                                                             ; PWM                               ; work         ;
;          |PWM:pwm[36]|                                                            ; 7 (7)       ; 1 (1)                     ; 0 (0)         ; 0           ; 0    ; 0            ; 0       ; 0         ; 0    ; 0            ; 6 (6)        ; 0 (0)             ; 1 (1)            ; |HoloTop|Holo:holo|PwmCtrl:pwmCtrl|PWM:pwm[36]                                                                                                                                                                                                                                                                                                             ; PWM                               ; work         ;
;          |PWM:pwm[37]|                                                            ; 7 (7)       ; 1 (1)                     ; 0 (0)         ; 0           ; 0    ; 0            ; 0       ; 0         ; 0    ; 0            ; 6 (6)        ; 0 (0)             ; 1 (1)            ; |HoloTop|Holo:holo|PwmCtrl:pwmCtrl|PWM:pwm[37]                                                                                                                                                                                                                                                                                                             ; PWM                               ; work         ;
;          |PWM:pwm[38]|                                                            ; 7 (7)       ; 1 (1)                     ; 0 (0)         ; 0           ; 0    ; 0            ; 0       ; 0         ; 0    ; 0            ; 6 (6)        ; 0 (0)             ; 1 (1)            ; |HoloTop|Holo:holo|PwmCtrl:pwmCtrl|PWM:pwm[38]                                                                                                                                                                                                                                                                                                             ; PWM                               ; work         ;
;          |PWM:pwm[39]|                                                            ; 7 (7)       ; 1 (1)                     ; 0 (0)         ; 0           ; 0    ; 0            ; 0       ; 0         ; 0    ; 0            ; 6 (6)        ; 0 (0)             ; 1 (1)            ; |HoloTop|Holo:holo|PwmCtrl:pwmCtrl|PWM:pwm[39]                                                                                                                                                                                                                                                                                                             ; PWM                               ; work         ;
;          |PWM:pwm[3]|                                                             ; 7 (7)       ; 1 (1)                     ; 0 (0)         ; 0           ; 0    ; 0            ; 0       ; 0         ; 0    ; 0            ; 6 (6)        ; 0 (0)             ; 1 (1)            ; |HoloTop|Holo:holo|PwmCtrl:pwmCtrl|PWM:pwm[3]                                                                                                                                                                                                                                                                                                              ; PWM                               ; work         ;
;          |PWM:pwm[40]|                                                            ; 7 (7)       ; 1 (1)                     ; 0 (0)         ; 0           ; 0    ; 0            ; 0       ; 0         ; 0    ; 0            ; 6 (6)        ; 0 (0)             ; 1 (1)            ; |HoloTop|Holo:holo|PwmCtrl:pwmCtrl|PWM:pwm[40]                                                                                                                                                                                                                                                                                                             ; PWM                               ; work         ;
;          |PWM:pwm[41]|                                                            ; 7 (7)       ; 1 (1)                     ; 0 (0)         ; 0           ; 0    ; 0            ; 0       ; 0         ; 0    ; 0            ; 6 (6)        ; 0 (0)             ; 1 (1)            ; |HoloTop|Holo:holo|PwmCtrl:pwmCtrl|PWM:pwm[41]                                                                                                                                                                                                                                                                                                             ; PWM                               ; work         ;
;          |PWM:pwm[42]|                                                            ; 7 (7)       ; 1 (1)                     ; 0 (0)         ; 0           ; 0    ; 0            ; 0       ; 0         ; 0    ; 0            ; 6 (6)        ; 0 (0)             ; 1 (1)            ; |HoloTop|Holo:holo|PwmCtrl:pwmCtrl|PWM:pwm[42]                                                                                                                                                                                                                                                                                                             ; PWM                               ; work         ;
;          |PWM:pwm[43]|                                                            ; 7 (7)       ; 1 (1)                     ; 0 (0)         ; 0           ; 0    ; 0            ; 0       ; 0         ; 0    ; 0            ; 6 (6)        ; 0 (0)             ; 1 (1)            ; |HoloTop|Holo:holo|PwmCtrl:pwmCtrl|PWM:pwm[43]                                                                                                                                                                                                                                                                                                             ; PWM                               ; work         ;
;          |PWM:pwm[44]|                                                            ; 7 (7)       ; 1 (1)                     ; 0 (0)         ; 0           ; 0    ; 0            ; 0       ; 0         ; 0    ; 0            ; 6 (6)        ; 0 (0)             ; 1 (1)            ; |HoloTop|Holo:holo|PwmCtrl:pwmCtrl|PWM:pwm[44]                                                                                                                                                                                                                                                                                                             ; PWM                               ; work         ;
;          |PWM:pwm[45]|                                                            ; 7 (7)       ; 1 (1)                     ; 0 (0)         ; 0           ; 0    ; 0            ; 0       ; 0         ; 0    ; 0            ; 6 (6)        ; 0 (0)             ; 1 (1)            ; |HoloTop|Holo:holo|PwmCtrl:pwmCtrl|PWM:pwm[45]                                                                                                                                                                                                                                                                                                             ; PWM                               ; work         ;
;          |PWM:pwm[46]|                                                            ; 7 (7)       ; 1 (1)                     ; 0 (0)         ; 0           ; 0    ; 0            ; 0       ; 0         ; 0    ; 0            ; 6 (6)        ; 0 (0)             ; 1 (1)            ; |HoloTop|Holo:holo|PwmCtrl:pwmCtrl|PWM:pwm[46]                                                                                                                                                                                                                                                                                                             ; PWM                               ; work         ;
;          |PWM:pwm[47]|                                                            ; 7 (7)       ; 1 (1)                     ; 0 (0)         ; 0           ; 0    ; 0            ; 0       ; 0         ; 0    ; 0            ; 6 (6)        ; 0 (0)             ; 1 (1)            ; |HoloTop|Holo:holo|PwmCtrl:pwmCtrl|PWM:pwm[47]                                                                                                                                                                                                                                                                                                             ; PWM                               ; work         ;
;          |PWM:pwm[48]|                                                            ; 7 (7)       ; 1 (1)                     ; 0 (0)         ; 0           ; 0    ; 0            ; 0       ; 0         ; 0    ; 0            ; 6 (6)        ; 0 (0)             ; 1 (1)            ; |HoloTop|Holo:holo|PwmCtrl:pwmCtrl|PWM:pwm[48]                                                                                                                                                                                                                                                                                                             ; PWM                               ; work         ;
;          |PWM:pwm[49]|                                                            ; 7 (7)       ; 1 (1)                     ; 0 (0)         ; 0           ; 0    ; 0            ; 0       ; 0         ; 0    ; 0            ; 6 (6)        ; 0 (0)             ; 1 (1)            ; |HoloTop|Holo:holo|PwmCtrl:pwmCtrl|PWM:pwm[49]                                                                                                                                                                                                                                                                                                             ; PWM                               ; work         ;
;          |PWM:pwm[4]|                                                             ; 7 (7)       ; 1 (1)                     ; 0 (0)         ; 0           ; 0    ; 0            ; 0       ; 0         ; 0    ; 0            ; 6 (6)        ; 0 (0)             ; 1 (1)            ; |HoloTop|Holo:holo|PwmCtrl:pwmCtrl|PWM:pwm[4]                                                                                                                                                                                                                                                                                                              ; PWM                               ; work         ;
;          |PWM:pwm[5]|                                                             ; 7 (7)       ; 1 (1)                     ; 0 (0)         ; 0           ; 0    ; 0            ; 0       ; 0         ; 0    ; 0            ; 6 (6)        ; 0 (0)             ; 1 (1)            ; |HoloTop|Holo:holo|PwmCtrl:pwmCtrl|PWM:pwm[5]                                                                                                                                                                                                                                                                                                              ; PWM                               ; work         ;
;          |PWM:pwm[6]|                                                             ; 7 (7)       ; 1 (1)                     ; 0 (0)         ; 0           ; 0    ; 0            ; 0       ; 0         ; 0    ; 0            ; 6 (6)        ; 0 (0)             ; 1 (1)            ; |HoloTop|Holo:holo|PwmCtrl:pwmCtrl|PWM:pwm[6]                                                                                                                                                                                                                                                                                                              ; PWM                               ; work         ;
;          |PWM:pwm[7]|                                                             ; 7 (7)       ; 1 (1)                     ; 0 (0)         ; 0           ; 0    ; 0            ; 0       ; 0         ; 0    ; 0            ; 6 (6)        ; 0 (0)             ; 1 (1)            ; |HoloTop|Holo:holo|PwmCtrl:pwmCtrl|PWM:pwm[7]                                                                                                                                                                                                                                                                                                              ; PWM                               ; work         ;
;          |PWM:pwm[8]|                                                             ; 7 (7)       ; 1 (1)                     ; 0 (0)         ; 0           ; 0    ; 0            ; 0       ; 0         ; 0    ; 0            ; 6 (6)        ; 0 (0)             ; 1 (1)            ; |HoloTop|Holo:holo|PwmCtrl:pwmCtrl|PWM:pwm[8]                                                                                                                                                                                                                                                                                                              ; PWM                               ; work         ;
;          |PWM:pwm[9]|                                                             ; 7 (7)       ; 1 (1)                     ; 0 (0)         ; 0           ; 0    ; 0            ; 0       ; 0         ; 0    ; 0            ; 6 (6)        ; 0 (0)             ; 1 (1)            ; |HoloTop|Holo:holo|PwmCtrl:pwmCtrl|PWM:pwm[9]                                                                                                                                                                                                                                                                                                              ; PWM                               ; work         ;
;       |Rotate1D:transformX|                                                       ; 56 (0)      ; 47 (0)                    ; 0 (0)         ; 0           ; 0    ; 6            ; 0       ; 3         ; 0    ; 0            ; 9 (0)        ; 0 (0)             ; 47 (0)           ; |HoloTop|Holo:holo|Rotate1D:transformX                                                                                                                                                                                                                                                                                                                     ; Rotate1D                          ; work         ;
;          |CoeffAdd:coeffAdd1|                                                     ; 22 (0)      ; 21 (0)                    ; 0 (0)         ; 0           ; 0    ; 0            ; 0       ; 0         ; 0    ; 0            ; 1 (0)        ; 0 (0)             ; 21 (0)           ; |HoloTop|Holo:holo|Rotate1D:transformX|CoeffAdd:coeffAdd1                                                                                                                                                                                                                                                                                                  ; CoeffAdd                          ; work         ;
;             |lpm_add_sub:LPM_ADD_SUB_component|                                   ; 22 (0)      ; 21 (0)                    ; 0 (0)         ; 0           ; 0    ; 0            ; 0       ; 0         ; 0    ; 0            ; 1 (0)        ; 0 (0)             ; 21 (0)           ; |HoloTop|Holo:holo|Rotate1D:transformX|CoeffAdd:coeffAdd1|lpm_add_sub:LPM_ADD_SUB_component                                                                                                                                                                                                                                                                ; lpm_add_sub                       ; work         ;
;                |add_sub_cak:auto_generated|                                       ; 22 (22)     ; 21 (21)                   ; 0 (0)         ; 0           ; 0    ; 0            ; 0       ; 0         ; 0    ; 0            ; 1 (1)        ; 0 (0)             ; 21 (21)          ; |HoloTop|Holo:holo|Rotate1D:transformX|CoeffAdd:coeffAdd1|lpm_add_sub:LPM_ADD_SUB_component|add_sub_cak:auto_generated                                                                                                                                                                                                                                     ; add_sub_cak                       ; work         ;
;          |CoeffAdd:coeffAdd2|                                                     ; 21 (0)      ; 13 (0)                    ; 0 (0)         ; 0           ; 0    ; 0            ; 0       ; 0         ; 0    ; 0            ; 8 (0)        ; 0 (0)             ; 13 (0)           ; |HoloTop|Holo:holo|Rotate1D:transformX|CoeffAdd:coeffAdd2                                                                                                                                                                                                                                                                                                  ; CoeffAdd                          ; work         ;
;             |lpm_add_sub:LPM_ADD_SUB_component|                                   ; 21 (0)      ; 13 (0)                    ; 0 (0)         ; 0           ; 0    ; 0            ; 0       ; 0         ; 0    ; 0            ; 8 (0)        ; 0 (0)             ; 13 (0)           ; |HoloTop|Holo:holo|Rotate1D:transformX|CoeffAdd:coeffAdd2|lpm_add_sub:LPM_ADD_SUB_component                                                                                                                                                                                                                                                                ; lpm_add_sub                       ; work         ;
;                |add_sub_cak:auto_generated|                                       ; 21 (21)     ; 13 (13)                   ; 0 (0)         ; 0           ; 0    ; 0            ; 0       ; 0         ; 0    ; 0            ; 8 (8)        ; 0 (0)             ; 13 (13)          ; |HoloTop|Holo:holo|Rotate1D:transformX|CoeffAdd:coeffAdd2|lpm_add_sub:LPM_ADD_SUB_component|add_sub_cak:auto_generated                                                                                                                                                                                                                                     ; add_sub_cak                       ; work         ;
;          |CoeffMult:coeff1Mult|                                                   ; 0 (0)       ; 0 (0)                     ; 0 (0)         ; 0           ; 0    ; 2            ; 0       ; 1         ; 0    ; 0            ; 0 (0)        ; 0 (0)             ; 0 (0)            ; |HoloTop|Holo:holo|Rotate1D:transformX|CoeffMult:coeff1Mult                                                                                                                                                                                                                                                                                                ; CoeffMult                         ; work         ;
;             |lpm_mult:lpm_mult_component|                                         ; 0 (0)       ; 0 (0)                     ; 0 (0)         ; 0           ; 0    ; 2            ; 0       ; 1         ; 0    ; 0            ; 0 (0)        ; 0 (0)             ; 0 (0)            ; |HoloTop|Holo:holo|Rotate1D:transformX|CoeffMult:coeff1Mult|lpm_mult:lpm_mult_component                                                                                                                                                                                                                                                                    ; lpm_mult                          ; work         ;
;                |mult_i4p:auto_generated|                                          ; 0 (0)       ; 0 (0)                     ; 0 (0)         ; 0           ; 0    ; 2            ; 0       ; 1         ; 0    ; 0            ; 0 (0)        ; 0 (0)             ; 0 (0)            ; |HoloTop|Holo:holo|Rotate1D:transformX|CoeffMult:coeff1Mult|lpm_mult:lpm_mult_component|mult_i4p:auto_generated                                                                                                                                                                                                                                            ; mult_i4p                          ; work         ;
;          |CoeffMult:coeff2Mult|                                                   ; 0 (0)       ; 0 (0)                     ; 0 (0)         ; 0           ; 0    ; 2            ; 0       ; 1         ; 0    ; 0            ; 0 (0)        ; 0 (0)             ; 0 (0)            ; |HoloTop|Holo:holo|Rotate1D:transformX|CoeffMult:coeff2Mult                                                                                                                                                                                                                                                                                                ; CoeffMult                         ; work         ;
;             |lpm_mult:lpm_mult_component|                                         ; 0 (0)       ; 0 (0)                     ; 0 (0)         ; 0           ; 0    ; 2            ; 0       ; 1         ; 0    ; 0            ; 0 (0)        ; 0 (0)             ; 0 (0)            ; |HoloTop|Holo:holo|Rotate1D:transformX|CoeffMult:coeff2Mult|lpm_mult:lpm_mult_component                                                                                                                                                                                                                                                                    ; lpm_mult                          ; work         ;
;                |mult_i4p:auto_generated|                                          ; 0 (0)       ; 0 (0)                     ; 0 (0)         ; 0           ; 0    ; 2            ; 0       ; 1         ; 0    ; 0            ; 0 (0)        ; 0 (0)             ; 0 (0)            ; |HoloTop|Holo:holo|Rotate1D:transformX|CoeffMult:coeff2Mult|lpm_mult:lpm_mult_component|mult_i4p:auto_generated                                                                                                                                                                                                                                            ; mult_i4p                          ; work         ;
;          |CoeffMult:coeff3Mult|                                                   ; 0 (0)       ; 0 (0)                     ; 0 (0)         ; 0           ; 0    ; 2            ; 0       ; 1         ; 0    ; 0            ; 0 (0)        ; 0 (0)             ; 0 (0)            ; |HoloTop|Holo:holo|Rotate1D:transformX|CoeffMult:coeff3Mult                                                                                                                                                                                                                                                                                                ; CoeffMult                         ; work         ;
;             |lpm_mult:lpm_mult_component|                                         ; 0 (0)       ; 0 (0)                     ; 0 (0)         ; 0           ; 0    ; 2            ; 0       ; 1         ; 0    ; 0            ; 0 (0)        ; 0 (0)             ; 0 (0)            ; |HoloTop|Holo:holo|Rotate1D:transformX|CoeffMult:coeff3Mult|lpm_mult:lpm_mult_component                                                                                                                                                                                                                                                                    ; lpm_mult                          ; work         ;
;                |mult_i4p:auto_generated|                                          ; 0 (0)       ; 0 (0)                     ; 0 (0)         ; 0           ; 0    ; 2            ; 0       ; 1         ; 0    ; 0            ; 0 (0)        ; 0 (0)             ; 0 (0)            ; |HoloTop|Holo:holo|Rotate1D:transformX|CoeffMult:coeff3Mult|lpm_mult:lpm_mult_component|mult_i4p:auto_generated                                                                                                                                                                                                                                            ; mult_i4p                          ; work         ;
;          |lpm_add_sub:resultOp|                                                   ; 13 (0)      ; 13 (0)                    ; 0 (0)         ; 0           ; 0    ; 0            ; 0       ; 0         ; 0    ; 0            ; 0 (0)        ; 0 (0)             ; 13 (0)           ; |HoloTop|Holo:holo|Rotate1D:transformX|lpm_add_sub:resultOp                                                                                                                                                                                                                                                                                                ; lpm_add_sub                       ; work         ;
;             |add_sub_f8e:auto_generated|                                          ; 13 (13)     ; 13 (13)                   ; 0 (0)         ; 0           ; 0    ; 0            ; 0       ; 0         ; 0    ; 0            ; 0 (0)        ; 0 (0)             ; 13 (13)          ; |HoloTop|Holo:holo|Rotate1D:transformX|lpm_add_sub:resultOp|add_sub_f8e:auto_generated                                                                                                                                                                                                                                                                     ; add_sub_f8e                       ; work         ;
;       |Rotate1D:transformY|                                                       ; 57 (0)      ; 47 (0)                    ; 0 (0)         ; 0           ; 0    ; 6            ; 0       ; 3         ; 0    ; 0            ; 9 (0)        ; 1 (0)             ; 47 (0)           ; |HoloTop|Holo:holo|Rotate1D:transformY                                                                                                                                                                                                                                                                                                                     ; Rotate1D                          ; work         ;
;          |CoeffAdd:coeffAdd1|                                                     ; 22 (0)      ; 21 (0)                    ; 0 (0)         ; 0           ; 0    ; 0            ; 0       ; 0         ; 0    ; 0            ; 1 (0)        ; 0 (0)             ; 21 (0)           ; |HoloTop|Holo:holo|Rotate1D:transformY|CoeffAdd:coeffAdd1                                                                                                                                                                                                                                                                                                  ; CoeffAdd                          ; work         ;
;             |lpm_add_sub:LPM_ADD_SUB_component|                                   ; 22 (0)      ; 21 (0)                    ; 0 (0)         ; 0           ; 0    ; 0            ; 0       ; 0         ; 0    ; 0            ; 1 (0)        ; 0 (0)             ; 21 (0)           ; |HoloTop|Holo:holo|Rotate1D:transformY|CoeffAdd:coeffAdd1|lpm_add_sub:LPM_ADD_SUB_component                                                                                                                                                                                                                                                                ; lpm_add_sub                       ; work         ;
;                |add_sub_cak:auto_generated|                                       ; 22 (22)     ; 21 (21)                   ; 0 (0)         ; 0           ; 0    ; 0            ; 0       ; 0         ; 0    ; 0            ; 1 (1)        ; 0 (0)             ; 21 (21)          ; |HoloTop|Holo:holo|Rotate1D:transformY|CoeffAdd:coeffAdd1|lpm_add_sub:LPM_ADD_SUB_component|add_sub_cak:auto_generated                                                                                                                                                                                                                                     ; add_sub_cak                       ; work         ;
;          |CoeffAdd:coeffAdd2|                                                     ; 21 (0)      ; 13 (0)                    ; 0 (0)         ; 0           ; 0    ; 0            ; 0       ; 0         ; 0    ; 0            ; 8 (0)        ; 0 (0)             ; 13 (0)           ; |HoloTop|Holo:holo|Rotate1D:transformY|CoeffAdd:coeffAdd2                                                                                                                                                                                                                                                                                                  ; CoeffAdd                          ; work         ;
;             |lpm_add_sub:LPM_ADD_SUB_component|                                   ; 21 (0)      ; 13 (0)                    ; 0 (0)         ; 0           ; 0    ; 0            ; 0       ; 0         ; 0    ; 0            ; 8 (0)        ; 0 (0)             ; 13 (0)           ; |HoloTop|Holo:holo|Rotate1D:transformY|CoeffAdd:coeffAdd2|lpm_add_sub:LPM_ADD_SUB_component                                                                                                                                                                                                                                                                ; lpm_add_sub                       ; work         ;
;                |add_sub_cak:auto_generated|                                       ; 21 (21)     ; 13 (13)                   ; 0 (0)         ; 0           ; 0    ; 0            ; 0       ; 0         ; 0    ; 0            ; 8 (8)        ; 0 (0)             ; 13 (13)          ; |HoloTop|Holo:holo|Rotate1D:transformY|CoeffAdd:coeffAdd2|lpm_add_sub:LPM_ADD_SUB_component|add_sub_cak:auto_generated                                                                                                                                                                                                                                     ; add_sub_cak                       ; work         ;
;          |CoeffMult:coeff1Mult|                                                   ; 0 (0)       ; 0 (0)                     ; 0 (0)         ; 0           ; 0    ; 2            ; 0       ; 1         ; 0    ; 0            ; 0 (0)        ; 0 (0)             ; 0 (0)            ; |HoloTop|Holo:holo|Rotate1D:transformY|CoeffMult:coeff1Mult                                                                                                                                                                                                                                                                                                ; CoeffMult                         ; work         ;
;             |lpm_mult:lpm_mult_component|                                         ; 0 (0)       ; 0 (0)                     ; 0 (0)         ; 0           ; 0    ; 2            ; 0       ; 1         ; 0    ; 0            ; 0 (0)        ; 0 (0)             ; 0 (0)            ; |HoloTop|Holo:holo|Rotate1D:transformY|CoeffMult:coeff1Mult|lpm_mult:lpm_mult_component                                                                                                                                                                                                                                                                    ; lpm_mult                          ; work         ;
;                |mult_i4p:auto_generated|                                          ; 0 (0)       ; 0 (0)                     ; 0 (0)         ; 0           ; 0    ; 2            ; 0       ; 1         ; 0    ; 0            ; 0 (0)        ; 0 (0)             ; 0 (0)            ; |HoloTop|Holo:holo|Rotate1D:transformY|CoeffMult:coeff1Mult|lpm_mult:lpm_mult_component|mult_i4p:auto_generated                                                                                                                                                                                                                                            ; mult_i4p                          ; work         ;
;          |CoeffMult:coeff2Mult|                                                   ; 0 (0)       ; 0 (0)                     ; 0 (0)         ; 0           ; 0    ; 2            ; 0       ; 1         ; 0    ; 0            ; 0 (0)        ; 0 (0)             ; 0 (0)            ; |HoloTop|Holo:holo|Rotate1D:transformY|CoeffMult:coeff2Mult                                                                                                                                                                                                                                                                                                ; CoeffMult                         ; work         ;
;             |lpm_mult:lpm_mult_component|                                         ; 0 (0)       ; 0 (0)                     ; 0 (0)         ; 0           ; 0    ; 2            ; 0       ; 1         ; 0    ; 0            ; 0 (0)        ; 0 (0)             ; 0 (0)            ; |HoloTop|Holo:holo|Rotate1D:transformY|CoeffMult:coeff2Mult|lpm_mult:lpm_mult_component                                                                                                                                                                                                                                                                    ; lpm_mult                          ; work         ;
;                |mult_i4p:auto_generated|                                          ; 0 (0)       ; 0 (0)                     ; 0 (0)         ; 0           ; 0    ; 2            ; 0       ; 1         ; 0    ; 0            ; 0 (0)        ; 0 (0)             ; 0 (0)            ; |HoloTop|Holo:holo|Rotate1D:transformY|CoeffMult:coeff2Mult|lpm_mult:lpm_mult_component|mult_i4p:auto_generated                                                                                                                                                                                                                                            ; mult_i4p                          ; work         ;
;          |CoeffMult:coeff3Mult|                                                   ; 0 (0)       ; 0 (0)                     ; 0 (0)         ; 0           ; 0    ; 2            ; 0       ; 1         ; 0    ; 0            ; 0 (0)        ; 0 (0)             ; 0 (0)            ; |HoloTop|Holo:holo|Rotate1D:transformY|CoeffMult:coeff3Mult                                                                                                                                                                                                                                                                                                ; CoeffMult                         ; work         ;
;             |lpm_mult:lpm_mult_component|                                         ; 0 (0)       ; 0 (0)                     ; 0 (0)         ; 0           ; 0    ; 2            ; 0       ; 1         ; 0    ; 0            ; 0 (0)        ; 0 (0)             ; 0 (0)            ; |HoloTop|Holo:holo|Rotate1D:transformY|CoeffMult:coeff3Mult|lpm_mult:lpm_mult_component                                                                                                                                                                                                                                                                    ; lpm_mult                          ; work         ;
;                |mult_i4p:auto_generated|                                          ; 0 (0)       ; 0 (0)                     ; 0 (0)         ; 0           ; 0    ; 2            ; 0       ; 1         ; 0    ; 0            ; 0 (0)        ; 0 (0)             ; 0 (0)            ; |HoloTop|Holo:holo|Rotate1D:transformY|CoeffMult:coeff3Mult|lpm_mult:lpm_mult_component|mult_i4p:auto_generated                                                                                                                                                                                                                                            ; mult_i4p                          ; work         ;
;          |lpm_add_sub:resultOp|                                                   ; 14 (0)      ; 13 (0)                    ; 0 (0)         ; 0           ; 0    ; 0            ; 0       ; 0         ; 0    ; 0            ; 0 (0)        ; 1 (0)             ; 13 (0)           ; |HoloTop|Holo:holo|Rotate1D:transformY|lpm_add_sub:resultOp                                                                                                                                                                                                                                                                                                ; lpm_add_sub                       ; work         ;
;             |add_sub_f8e:auto_generated|                                          ; 14 (14)     ; 13 (13)                   ; 0 (0)         ; 0           ; 0    ; 0            ; 0       ; 0         ; 0    ; 0            ; 0 (0)        ; 1 (1)             ; 13 (13)          ; |HoloTop|Holo:holo|Rotate1D:transformY|lpm_add_sub:resultOp|add_sub_f8e:auto_generated                                                                                                                                                                                                                                                                     ; add_sub_f8e                       ; work         ;
;       |Rotate1D:transformZ|                                                       ; 58 (0)      ; 47 (0)                    ; 0 (0)         ; 0           ; 0    ; 6            ; 0       ; 3         ; 0    ; 0            ; 10 (0)       ; 2 (0)             ; 46 (0)           ; |HoloTop|Holo:holo|Rotate1D:transformZ                                                                                                                                                                                                                                                                                                                     ; Rotate1D                          ; work         ;
;          |CoeffAdd:coeffAdd1|                                                     ; 23 (0)      ; 21 (0)                    ; 0 (0)         ; 0           ; 0    ; 0            ; 0       ; 0         ; 0    ; 0            ; 2 (0)        ; 1 (0)             ; 20 (0)           ; |HoloTop|Holo:holo|Rotate1D:transformZ|CoeffAdd:coeffAdd1                                                                                                                                                                                                                                                                                                  ; CoeffAdd                          ; work         ;
;             |lpm_add_sub:LPM_ADD_SUB_component|                                   ; 23 (0)      ; 21 (0)                    ; 0 (0)         ; 0           ; 0    ; 0            ; 0       ; 0         ; 0    ; 0            ; 2 (0)        ; 1 (0)             ; 20 (0)           ; |HoloTop|Holo:holo|Rotate1D:transformZ|CoeffAdd:coeffAdd1|lpm_add_sub:LPM_ADD_SUB_component                                                                                                                                                                                                                                                                ; lpm_add_sub                       ; work         ;
;                |add_sub_cak:auto_generated|                                       ; 23 (23)     ; 21 (21)                   ; 0 (0)         ; 0           ; 0    ; 0            ; 0       ; 0         ; 0    ; 0            ; 2 (2)        ; 1 (1)             ; 20 (20)          ; |HoloTop|Holo:holo|Rotate1D:transformZ|CoeffAdd:coeffAdd1|lpm_add_sub:LPM_ADD_SUB_component|add_sub_cak:auto_generated                                                                                                                                                                                                                                     ; add_sub_cak                       ; work         ;
;          |CoeffAdd:coeffAdd2|                                                     ; 21 (0)      ; 13 (0)                    ; 0 (0)         ; 0           ; 0    ; 0            ; 0       ; 0         ; 0    ; 0            ; 8 (0)        ; 0 (0)             ; 13 (0)           ; |HoloTop|Holo:holo|Rotate1D:transformZ|CoeffAdd:coeffAdd2                                                                                                                                                                                                                                                                                                  ; CoeffAdd                          ; work         ;
;             |lpm_add_sub:LPM_ADD_SUB_component|                                   ; 21 (0)      ; 13 (0)                    ; 0 (0)         ; 0           ; 0    ; 0            ; 0       ; 0         ; 0    ; 0            ; 8 (0)        ; 0 (0)             ; 13 (0)           ; |HoloTop|Holo:holo|Rotate1D:transformZ|CoeffAdd:coeffAdd2|lpm_add_sub:LPM_ADD_SUB_component                                                                                                                                                                                                                                                                ; lpm_add_sub                       ; work         ;
;                |add_sub_cak:auto_generated|                                       ; 21 (21)     ; 13 (13)                   ; 0 (0)         ; 0           ; 0    ; 0            ; 0       ; 0         ; 0    ; 0            ; 8 (8)        ; 0 (0)             ; 13 (13)          ; |HoloTop|Holo:holo|Rotate1D:transformZ|CoeffAdd:coeffAdd2|lpm_add_sub:LPM_ADD_SUB_component|add_sub_cak:auto_generated                                                                                                                                                                                                                                     ; add_sub_cak                       ; work         ;
;          |CoeffMult:coeff1Mult|                                                   ; 0 (0)       ; 0 (0)                     ; 0 (0)         ; 0           ; 0    ; 2            ; 0       ; 1         ; 0    ; 0            ; 0 (0)        ; 0 (0)             ; 0 (0)            ; |HoloTop|Holo:holo|Rotate1D:transformZ|CoeffMult:coeff1Mult                                                                                                                                                                                                                                                                                                ; CoeffMult                         ; work         ;
;             |lpm_mult:lpm_mult_component|                                         ; 0 (0)       ; 0 (0)                     ; 0 (0)         ; 0           ; 0    ; 2            ; 0       ; 1         ; 0    ; 0            ; 0 (0)        ; 0 (0)             ; 0 (0)            ; |HoloTop|Holo:holo|Rotate1D:transformZ|CoeffMult:coeff1Mult|lpm_mult:lpm_mult_component                                                                                                                                                                                                                                                                    ; lpm_mult                          ; work         ;
;                |mult_i4p:auto_generated|                                          ; 0 (0)       ; 0 (0)                     ; 0 (0)         ; 0           ; 0    ; 2            ; 0       ; 1         ; 0    ; 0            ; 0 (0)        ; 0 (0)             ; 0 (0)            ; |HoloTop|Holo:holo|Rotate1D:transformZ|CoeffMult:coeff1Mult|lpm_mult:lpm_mult_component|mult_i4p:auto_generated                                                                                                                                                                                                                                            ; mult_i4p                          ; work         ;
;          |CoeffMult:coeff2Mult|                                                   ; 0 (0)       ; 0 (0)                     ; 0 (0)         ; 0           ; 0    ; 2            ; 0       ; 1         ; 0    ; 0            ; 0 (0)        ; 0 (0)             ; 0 (0)            ; |HoloTop|Holo:holo|Rotate1D:transformZ|CoeffMult:coeff2Mult                                                                                                                                                                                                                                                                                                ; CoeffMult                         ; work         ;
;             |lpm_mult:lpm_mult_component|                                         ; 0 (0)       ; 0 (0)                     ; 0 (0)         ; 0           ; 0    ; 2            ; 0       ; 1         ; 0    ; 0            ; 0 (0)        ; 0 (0)             ; 0 (0)            ; |HoloTop|Holo:holo|Rotate1D:transformZ|CoeffMult:coeff2Mult|lpm_mult:lpm_mult_component                                                                                                                                                                                                                                                                    ; lpm_mult                          ; work         ;
;                |mult_i4p:auto_generated|                                          ; 0 (0)       ; 0 (0)                     ; 0 (0)         ; 0           ; 0    ; 2            ; 0       ; 1         ; 0    ; 0            ; 0 (0)        ; 0 (0)             ; 0 (0)            ; |HoloTop|Holo:holo|Rotate1D:transformZ|CoeffMult:coeff2Mult|lpm_mult:lpm_mult_component|mult_i4p:auto_generated                                                                                                                                                                                                                                            ; mult_i4p                          ; work         ;
;          |CoeffMult:coeff3Mult|                                                   ; 0 (0)       ; 0 (0)                     ; 0 (0)         ; 0           ; 0    ; 2            ; 0       ; 1         ; 0    ; 0            ; 0 (0)        ; 0 (0)             ; 0 (0)            ; |HoloTop|Holo:holo|Rotate1D:transformZ|CoeffMult:coeff3Mult                                                                                                                                                                                                                                                                                                ; CoeffMult                         ; work         ;
;             |lpm_mult:lpm_mult_component|                                         ; 0 (0)       ; 0 (0)                     ; 0 (0)         ; 0           ; 0    ; 2            ; 0       ; 1         ; 0    ; 0            ; 0 (0)        ; 0 (0)             ; 0 (0)            ; |HoloTop|Holo:holo|Rotate1D:transformZ|CoeffMult:coeff3Mult|lpm_mult:lpm_mult_component                                                                                                                                                                                                                                                                    ; lpm_mult                          ; work         ;
;                |mult_i4p:auto_generated|                                          ; 0 (0)       ; 0 (0)                     ; 0 (0)         ; 0           ; 0    ; 2            ; 0       ; 1         ; 0    ; 0            ; 0 (0)        ; 0 (0)             ; 0 (0)            ; |HoloTop|Holo:holo|Rotate1D:transformZ|CoeffMult:coeff3Mult|lpm_mult:lpm_mult_component|mult_i4p:auto_generated                                                                                                                                                                                                                                            ; mult_i4p                          ; work         ;
;          |lpm_add_sub:resultOp|                                                   ; 14 (0)      ; 13 (0)                    ; 0 (0)         ; 0           ; 0    ; 0            ; 0       ; 0         ; 0    ; 0            ; 0 (0)        ; 1 (0)             ; 13 (0)           ; |HoloTop|Holo:holo|Rotate1D:transformZ|lpm_add_sub:resultOp                                                                                                                                                                                                                                                                                                ; lpm_add_sub                       ; work         ;
;             |add_sub_f8e:auto_generated|                                          ; 14 (14)     ; 13 (13)                   ; 0 (0)         ; 0           ; 0    ; 0            ; 0       ; 0         ; 0    ; 0            ; 0 (0)        ; 1 (1)             ; 13 (13)          ; |HoloTop|Holo:holo|Rotate1D:transformZ|lpm_add_sub:resultOp|add_sub_f8e:auto_generated                                                                                                                                                                                                                                                                     ; add_sub_f8e                       ; work         ;
;    |Pll:pll|                                                                      ; 0 (0)       ; 0 (0)                     ; 0 (0)         ; 0           ; 0    ; 0            ; 0       ; 0         ; 0    ; 0            ; 0 (0)        ; 0 (0)             ; 0 (0)            ; |HoloTop|Pll:pll                                                                                                                                                                                                                                                                                                                                           ; Pll                               ; work         ;
;       |altpll:altpll_component|                                                   ; 0 (0)       ; 0 (0)                     ; 0 (0)         ; 0           ; 0    ; 0            ; 0       ; 0         ; 0    ; 0            ; 0 (0)        ; 0 (0)             ; 0 (0)            ; |HoloTop|Pll:pll|altpll:altpll_component                                                                                                                                                                                                                                                                                                                   ; altpll                            ; work         ;
;          |Pll_altpll:auto_generated|                                              ; 0 (0)       ; 0 (0)                     ; 0 (0)         ; 0           ; 0    ; 0            ; 0       ; 0         ; 0    ; 0            ; 0 (0)        ; 0 (0)             ; 0 (0)            ; |HoloTop|Pll:pll|altpll:altpll_component|Pll_altpll:auto_generated                                                                                                                                                                                                                                                                                         ; Pll_altpll                        ; work         ;
;    |Reset:reset|                                                                  ; 4 (4)       ; 4 (4)                     ; 0 (0)         ; 0           ; 0    ; 0            ; 0       ; 0         ; 0    ; 0            ; 0 (0)        ; 0 (0)             ; 4 (4)            ; |HoloTop|Reset:reset                                                                                                                                                                                                                                                                                                                                       ; Reset                             ; work         ;
+-----------------------------------------------------------------------------------+-------------+---------------------------+---------------+-------------+------+--------------+---------+-----------+------+--------------+--------------+-------------------+------------------+------------------------------------------------------------------------------------------------------------------------------------------------------------------------------------------------------------------------------------------------------------------------------------------------------------------------------------------------------------+-----------------------------------+--------------+
Note: For table entries with two numbers listed, the numbers in parentheses indicate the number of resources of the given type used by the specific entity alone. The numbers listed outside of parentheses indicate the total resources of the given type used by the specific entity and all of its sub-entities in the hierarchy.


+--------------------------------------------------------------------------------------------+
; Delay Chain Summary                                                                        ;
+------------+----------+---------------+---------------+-----------------------+-----+------+
; Name       ; Pin Type ; Pad to Core 0 ; Pad to Core 1 ; Pad to Input Register ; TCO ; TCOE ;
+------------+----------+---------------+---------------+-----------------------+-----+------+
; t[0]       ; Output   ; --            ; --            ; --                    ; --  ; --   ;
; t[1]       ; Output   ; --            ; --            ; --                    ; --  ; --   ;
; t[2]       ; Output   ; --            ; --            ; --                    ; --  ; --   ;
; t[3]       ; Output   ; --            ; --            ; --                    ; --  ; --   ;
; t[4]       ; Output   ; --            ; --            ; --                    ; --  ; --   ;
; t[5]       ; Output   ; --            ; --            ; --                    ; --  ; --   ;
; t[6]       ; Output   ; --            ; --            ; --                    ; --  ; --   ;
; t[7]       ; Output   ; --            ; --            ; --                    ; --  ; --   ;
; t[8]       ; Output   ; --            ; --            ; --                    ; --  ; --   ;
; t[9]       ; Output   ; --            ; --            ; --                    ; --  ; --   ;
; t[10]      ; Output   ; --            ; --            ; --                    ; --  ; --   ;
; t[11]      ; Output   ; --            ; --            ; --                    ; --  ; --   ;
; t[12]      ; Output   ; --            ; --            ; --                    ; --  ; --   ;
; t[13]      ; Output   ; --            ; --            ; --                    ; --  ; --   ;
; t[14]      ; Output   ; --            ; --            ; --                    ; --  ; --   ;
; t[15]      ; Output   ; --            ; --            ; --                    ; --  ; --   ;
; t[16]      ; Output   ; --            ; --            ; --                    ; --  ; --   ;
; t[17]      ; Output   ; --            ; --            ; --                    ; --  ; --   ;
; t[18]      ; Output   ; --            ; --            ; --                    ; --  ; --   ;
; t[19]      ; Output   ; --            ; --            ; --                    ; --  ; --   ;
; t[20]      ; Output   ; --            ; --            ; --                    ; --  ; --   ;
; t[21]      ; Output   ; --            ; --            ; --                    ; --  ; --   ;
; t[22]      ; Output   ; --            ; --            ; --                    ; --  ; --   ;
; t[23]      ; Output   ; --            ; --            ; --                    ; --  ; --   ;
; t[24]      ; Output   ; --            ; --            ; --                    ; --  ; --   ;
; t[25]      ; Output   ; --            ; --            ; --                    ; --  ; --   ;
; t[26]      ; Output   ; --            ; --            ; --                    ; --  ; --   ;
; t[27]      ; Output   ; --            ; --            ; --                    ; --  ; --   ;
; t[28]      ; Output   ; --            ; --            ; --                    ; --  ; --   ;
; t[29]      ; Output   ; --            ; --            ; --                    ; --  ; --   ;
; t[30]      ; Output   ; --            ; --            ; --                    ; --  ; --   ;
; t[31]      ; Output   ; --            ; --            ; --                    ; --  ; --   ;
; t[32]      ; Output   ; --            ; --            ; --                    ; --  ; --   ;
; t[33]      ; Output   ; --            ; --            ; --                    ; --  ; --   ;
; t[34]      ; Output   ; --            ; --            ; --                    ; --  ; --   ;
; t[35]      ; Output   ; --            ; --            ; --                    ; --  ; --   ;
; t[36]      ; Output   ; --            ; --            ; --                    ; --  ; --   ;
; t[37]      ; Output   ; --            ; --            ; --                    ; --  ; --   ;
; t[38]      ; Output   ; --            ; --            ; --                    ; --  ; --   ;
; t[39]      ; Output   ; --            ; --            ; --                    ; --  ; --   ;
; t[40]      ; Output   ; --            ; --            ; --                    ; --  ; --   ;
; t[41]      ; Output   ; --            ; --            ; --                    ; --  ; --   ;
; t[42]      ; Output   ; --            ; --            ; --                    ; --  ; --   ;
; t[43]      ; Output   ; --            ; --            ; --                    ; --  ; --   ;
; t[44]      ; Output   ; --            ; --            ; --                    ; --  ; --   ;
; t[45]      ; Output   ; --            ; --            ; --                    ; --  ; --   ;
; t[46]      ; Output   ; --            ; --            ; --                    ; --  ; --   ;
; t[47]      ; Output   ; --            ; --            ; --                    ; --  ; --   ;
; t[48]      ; Output   ; --            ; --            ; --                    ; --  ; --   ;
; t[49]      ; Output   ; --            ; --            ; --                    ; --  ; --   ;
; blue       ; Output   ; --            ; --            ; --                    ; --  ; --   ;
; green      ; Output   ; --            ; --            ; --                    ; --  ; --   ;
; red        ; Output   ; --            ; --            ; --                    ; --  ; --   ;
; syncout    ; Output   ; --            ; --            ; --                    ; --  ; --   ;
; CLK_24M576 ; Input    ; --            ; --            ; --                    ; --  ; --   ;
; left       ; Input    ; --            ; (6) 1314 ps   ; --                    ; --  ; --   ;
; top        ; Input    ; (6) 1314 ps   ; --            ; --                    ; --  ; --   ;
; mosi       ; Input    ; (6) 1314 ps   ; --            ; --                    ; --  ; --   ;
; sck        ; Input    ; (0) 0 ps      ; --            ; --                    ; --  ; --   ;
; ncs        ; Input    ; (0) 0 ps      ; --            ; --                    ; --  ; --   ;
; syncin     ; Input    ; (0) 0 ps      ; --            ; --                    ; --  ; --   ;
+------------+----------+---------------+---------------+-----------------------+-----+------+


+----------------------------------------------------------------------------------------------------------------------------------------------------------------------------+
; Pad To Core Delay Chain Fanout                                                                                                                                             ;
+----------------------------------------------------------------------------------------------------------------------------------------------+-------------------+---------+
; Source Pin / Fanout                                                                                                                          ; Pad To Core Index ; Setting ;
+----------------------------------------------------------------------------------------------------------------------------------------------+-------------------+---------+
; CLK_24M576                                                                                                                                   ;                   ;         ;
; left                                                                                                                                         ;                   ;         ;
;      - Holo:holo|Add12~0                                                                                                                     ; 1                 ; 6       ;
;      - Holo:holo|Add12~6                                                                                                                     ; 1                 ; 6       ;
;      - Holo:holo|Add11~9                                                                                                                     ; 1                 ; 6       ;
;      - Holo:holo|Add11~1                                                                                                                     ; 1                 ; 6       ;
;      - Holo:holo|Add11~7                                                                                                                     ; 1                 ; 6       ;
;      - Holo:holo|LessThan2~7                                                                                                                 ; 1                 ; 6       ;
;      - Holo:holo|Add11~4                                                                                                                     ; 1                 ; 6       ;
;      - Holo:holo|LessThan2~1                                                                                                                 ; 1                 ; 6       ;
;      - Holo:holo|phaseFrameBase[6]~0                                                                                                         ; 1                 ; 6       ;
;      - Holo:holo|phaseFrameBase[7]~1                                                                                                         ; 1                 ; 6       ;
;      - Holo:holo|LessThan1~0                                                                                                                 ; 1                 ; 6       ;
;      - Holo:holo|Decoder1~4                                                                                                                  ; 1                 ; 6       ;
;      - Holo:holo|Decoder1~5                                                                                                                  ; 1                 ; 6       ;
;      - Holo:holo|LessThan1~1                                                                                                                 ; 1                 ; 6       ;
;      - Holo:holo|CalcPhase:calcPhase|comb~0                                                                                                  ; 1                 ; 6       ;
;      - Holo:holo|CalcPhase:calcPhase|comb~1                                                                                                  ; 1                 ; 6       ;
;      - Holo:holo|CalcPhase:calcPhase|comb~2                                                                                                  ; 1                 ; 6       ;
;      - Holo:holo|CalcPhase:calcPhase|comb~6                                                                                                  ; 1                 ; 6       ;
;      - Holo:holo|CalcPhase:calcPhase|comb~8                                                                                                  ; 1                 ; 6       ;
;      - Holo:holo|CalcPhase:calcPhase|comb~9                                                                                                  ; 1                 ; 6       ;
;      - Holo:holo|CalcPhase:calcPhase|comb~10                                                                                                 ; 1                 ; 6       ;
;      - Holo:holo|CalcPhase:calcPhase|comb~18                                                                                                 ; 1                 ; 6       ;
;      - Holo:holo|CalcPhase:calcPhase|comb~19                                                                                                 ; 1                 ; 6       ;
;      - Holo:holo|CalcPhase:calcPhase|comb~20                                                                                                 ; 1                 ; 6       ;
;      - Holo:holo|CalcPhase:calcPhase|comb~21                                                                                                 ; 1                 ; 6       ;
;      - Holo:holo|CalcPhase:calcPhase|comb~22                                                                                                 ; 1                 ; 6       ;
;      - Holo:holo|CalcPhase:calcPhase|Mux49~1                                                                                                 ; 1                 ; 6       ;
;      - Holo:holo|CalcPhase:calcPhase|Mux49~2                                                                                                 ; 1                 ; 6       ;
;      - Holo:holo|CalcPhase:calcPhase|comb~27                                                                                                 ; 1                 ; 6       ;
;      - Holo:holo|CalcPhase:calcPhase|comb~28                                                                                                 ; 1                 ; 6       ;
;      - Holo:holo|CalcPhase:calcPhase|comb~30                                                                                                 ; 1                 ; 6       ;
;      - Holo:holo|Decoder1~19                                                                                                                 ; 1                 ; 6       ;
;      - Holo:holo|Decoder1~10                                                                                                                 ; 1                 ; 6       ;
; top                                                                                                                                          ;                   ;         ;
;      - Holo:holo|Add12~2                                                                                                                     ; 0                 ; 6       ;
;      - Holo:holo|Add11~9                                                                                                                     ; 0                 ; 6       ;
;      - Holo:holo|Add11~1                                                                                                                     ; 0                 ; 6       ;
;      - Holo:holo|Add11~7                                                                                                                     ; 0                 ; 6       ;
;      - Holo:holo|CalcPhase:calcPhase|Add0~3                                                                                                  ; 0                 ; 6       ;
;      - Holo:holo|CalcPhase:calcPhase|Add0~5                                                                                                  ; 0                 ; 6       ;
;      - Holo:holo|CalcPhase:calcPhase|Add0~7                                                                                                  ; 0                 ; 6       ;
;      - Holo:holo|CalcPhase:calcPhase|Add0~19                                                                                                 ; 0                 ; 6       ;
;      - Holo:holo|CalcPhase:calcPhase|Add0~23                                                                                                 ; 0                 ; 6       ;
;      - Holo:holo|CalcPhase:calcPhase|Add0~17                                                                                                 ; 0                 ; 6       ;
;      - Holo:holo|CalcPhase:calcPhase|Add0~25                                                                                                 ; 0                 ; 6       ;
;      - Holo:holo|CalcPhase:calcPhase|Add0~21                                                                                                 ; 0                 ; 6       ;
;      - Holo:holo|CalcPhase:calcPhase|Add0~9                                                                                                  ; 0                 ; 6       ;
;      - Holo:holo|CalcPhase:calcPhase|Add0~11                                                                                                 ; 0                 ; 6       ;
;      - Holo:holo|CalcPhase:calcPhase|Add0~13                                                                                                 ; 0                 ; 6       ;
;      - Holo:holo|CalcPhase:calcPhase|Add0~15                                                                                                 ; 0                 ; 6       ;
;      - Holo:holo|phaseFrameBase[6]~0                                                                                                         ; 0                 ; 6       ;
;      - Holo:holo|phaseFrameBase[7]~1                                                                                                         ; 0                 ; 6       ;
;      - Holo:holo|LessThan1~0                                                                                                                 ; 0                 ; 6       ;
;      - Holo:holo|Decoder1~3                                                                                                                  ; 0                 ; 6       ;
;      - Holo:holo|Decoder1~5                                                                                                                  ; 0                 ; 6       ;
;      - Holo:holo|CalcPhase:calcPhase|comb~1                                                                                                  ; 0                 ; 6       ;
;      - Holo:holo|CalcPhase:calcPhase|comb~3                                                                                                  ; 0                 ; 6       ;
;      - Holo:holo|CalcPhase:calcPhase|comb~6                                                                                                  ; 0                 ; 6       ;
;      - Holo:holo|CalcPhase:calcPhase|comb~8                                                                                                  ; 0                 ; 6       ;
;      - Holo:holo|CalcPhase:calcPhase|comb~10                                                                                                 ; 0                 ; 6       ;
;      - Holo:holo|CalcPhase:calcPhase|comb~11                                                                                                 ; 0                 ; 6       ;
;      - Holo:holo|CalcPhase:calcPhase|comb~14                                                                                                 ; 0                 ; 6       ;
;      - Holo:holo|CalcPhase:calcPhase|comb~16                                                                                                 ; 0                 ; 6       ;
;      - Holo:holo|CalcPhase:calcPhase|comb~18                                                                                                 ; 0                 ; 6       ;
;      - Holo:holo|CalcPhase:calcPhase|comb~19                                                                                                 ; 0                 ; 6       ;
;      - Holo:holo|CalcPhase:calcPhase|comb~24                                                                                                 ; 0                 ; 6       ;
;      - Holo:holo|CalcPhase:calcPhase|lpm_divide:mod|lpm_divide_suq:auto_generated|abs_divider_g5h:divider|lpm_abs_b0a:my_abs_num|cs1a[8]~3   ; 0                 ; 6       ;
;      - Holo:holo|CalcPhase:calcPhase|lpm_divide:mod|lpm_divide_suq:auto_generated|abs_divider_g5h:divider|lpm_abs_b0a:my_abs_num|_~0         ; 0                 ; 6       ;
;      - Holo:holo|CalcPhase:calcPhase|lpm_divide:mod|lpm_divide_suq:auto_generated|abs_divider_g5h:divider|lpm_abs_b0a:my_abs_num|_~1         ; 0                 ; 6       ;
;      - Holo:holo|CalcPhase:calcPhase|lpm_divide:mod|lpm_divide_suq:auto_generated|abs_divider_g5h:divider|lpm_abs_b0a:my_abs_num|_~2         ; 0                 ; 6       ;
;      - Holo:holo|CalcPhase:calcPhase|lpm_divide:mod|lpm_divide_suq:auto_generated|abs_divider_g5h:divider|lpm_abs_b0a:my_abs_num|_~3         ; 0                 ; 6       ;
;      - Holo:holo|CalcPhase:calcPhase|lpm_divide:mod|lpm_divide_suq:auto_generated|abs_divider_g5h:divider|lpm_abs_b0a:my_abs_num|_~4         ; 0                 ; 6       ;
;      - Holo:holo|CalcPhase:calcPhase|lpm_divide:mod|lpm_divide_suq:auto_generated|abs_divider_g5h:divider|lpm_abs_b0a:my_abs_num|_~5         ; 0                 ; 6       ;
;      - Holo:holo|CalcPhase:calcPhase|lpm_divide:mod|lpm_divide_suq:auto_generated|abs_divider_g5h:divider|lpm_abs_b0a:my_abs_num|_~6         ; 0                 ; 6       ;
;      - Holo:holo|CalcPhase:calcPhase|lpm_divide:mod|lpm_divide_suq:auto_generated|abs_divider_g5h:divider|lpm_abs_b0a:my_abs_num|_~7         ; 0                 ; 6       ;
;      - Holo:holo|CalcPhase:calcPhase|lpm_divide:mod|lpm_divide_suq:auto_generated|abs_divider_g5h:divider|lpm_abs_b0a:my_abs_num|_~8         ; 0                 ; 6       ;
;      - Holo:holo|CalcPhase:calcPhase|lpm_divide:mod|lpm_divide_suq:auto_generated|abs_divider_g5h:divider|lpm_abs_b0a:my_abs_num|_~9         ; 0                 ; 6       ;
;      - Holo:holo|CalcPhase:calcPhase|lpm_divide:mod|lpm_divide_suq:auto_generated|abs_divider_g5h:divider|lpm_abs_b0a:my_abs_num|_~10        ; 0                 ; 6       ;
;      - Holo:holo|CalcPhase:calcPhase|lpm_divide:mod|lpm_divide_suq:auto_generated|abs_divider_g5h:divider|lpm_abs_b0a:my_abs_num|cs1a[16]~9  ; 0                 ; 6       ;
;      - Holo:holo|CalcPhase:calcPhase|lpm_divide:mod|lpm_divide_suq:auto_generated|abs_divider_g5h:divider|lpm_abs_b0a:my_abs_num|_~11        ; 0                 ; 6       ;
;      - Holo:holo|CalcPhase:calcPhase|lpm_divide:mod|lpm_divide_suq:auto_generated|abs_divider_g5h:divider|lpm_abs_b0a:my_abs_num|_~12        ; 0                 ; 6       ;
;      - Holo:holo|CalcPhase:calcPhase|lpm_divide:mod|lpm_divide_suq:auto_generated|abs_divider_g5h:divider|lpm_abs_b0a:my_abs_num|_~13        ; 0                 ; 6       ;
;      - Holo:holo|CalcPhase:calcPhase|lpm_divide:mod|lpm_divide_suq:auto_generated|abs_divider_g5h:divider|lpm_abs_b0a:my_abs_num|_~14        ; 0                 ; 6       ;
;      - Holo:holo|CalcPhase:calcPhase|lpm_divide:mod|lpm_divide_suq:auto_generated|abs_divider_g5h:divider|lpm_abs_b0a:my_abs_num|_~15        ; 0                 ; 6       ;
;      - Holo:holo|CalcPhase:calcPhase|comb~25                                                                                                 ; 0                 ; 6       ;
;      - Holo:holo|CalcPhase:calcPhase|lpm_divide:mod|lpm_divide_suq:auto_generated|abs_divider_g5h:divider|lpm_abs_b0a:my_abs_num|cs1a[19]~19 ; 0                 ; 6       ;
;      - Holo:holo|CalcPhase:calcPhase|lpm_divide:mod|lpm_divide_suq:auto_generated|abs_divider_g5h:divider|lpm_abs_b0a:my_abs_num|cs1a[13]~22 ; 0                 ; 6       ;
;      - Holo:holo|CalcPhase:calcPhase|lpm_divide:mod|lpm_divide_suq:auto_generated|abs_divider_g5h:divider|lpm_abs_b0a:my_abs_num|cs1a[8]~26  ; 0                 ; 6       ;
;      - Holo:holo|CalcPhase:calcPhase|comb~26                                                                                                 ; 0                 ; 6       ;
;      - Holo:holo|CalcPhase:calcPhase|comb~30                                                                                                 ; 0                 ; 6       ;
;      - Holo:holo|CalcPhase:calcPhase|Add0~1                                                                                                  ; 0                 ; 6       ;
; mosi                                                                                                                                         ;                   ;         ;
;      - Holo:holo|spiByteBuffer[0]                                                                                                            ; 0                 ; 6       ;
;      - Holo:holo|spiByte[0]                                                                                                                  ; 0                 ; 6       ;
; sck                                                                                                                                          ;                   ;         ;
; ncs                                                                                                                                          ;                   ;         ;
; syncin                                                                                                                                       ;                   ;         ;
+----------------------------------------------------------------------------------------------------------------------------------------------+-------------------+---------+


+----------------------------------------------------------------------------------------------------------------------------------------------------------------------------------------------------------------------------------------------------------------------------------------------------------------------------------------+
; Control Signals                                                                                                                                                                                                                                                                                                                        ;
+----------------------------------------------------------------------------------------------------------------------------------------------------------------------------------+--------------------+---------+---------------------------------------+--------+----------------------+------------------+---------------------------+
; Name                                                                                                                                                                             ; Location           ; Fan-Out ; Usage                                 ; Global ; Global Resource Used ; Global Line Name ; Enable Signal Source Name ;
+----------------------------------------------------------------------------------------------------------------------------------------------------------------------------------+--------------------+---------+---------------------------------------+--------+----------------------+------------------+---------------------------+
; CLK_24M576                                                                                                                                                                       ; PIN_22             ; 1       ; Clock                                 ; no     ; --                   ; --               ; --                        ;
; Holo:holo|CalcPhase:calcPhase|Decoder2~10                                                                                                                                        ; LCCOMB_X25_Y19_N24 ; 9       ; Clock enable                          ; no     ; --                   ; --               ; --                        ;
; Holo:holo|CalcPhase:calcPhase|Decoder2~11                                                                                                                                        ; LCCOMB_X26_Y18_N26 ; 9       ; Clock enable                          ; no     ; --                   ; --               ; --                        ;
; Holo:holo|CalcPhase:calcPhase|Decoder2~12                                                                                                                                        ; LCCOMB_X25_Y19_N30 ; 9       ; Clock enable                          ; no     ; --                   ; --               ; --                        ;
; Holo:holo|CalcPhase:calcPhase|Decoder2~13                                                                                                                                        ; LCCOMB_X24_Y18_N14 ; 9       ; Clock enable                          ; no     ; --                   ; --               ; --                        ;
; Holo:holo|CalcPhase:calcPhase|Decoder2~14                                                                                                                                        ; LCCOMB_X25_Y19_N2  ; 9       ; Clock enable                          ; no     ; --                   ; --               ; --                        ;
; Holo:holo|CalcPhase:calcPhase|Decoder2~15                                                                                                                                        ; LCCOMB_X26_Y18_N20 ; 9       ; Clock enable                          ; no     ; --                   ; --               ; --                        ;
; Holo:holo|CalcPhase:calcPhase|Decoder2~16                                                                                                                                        ; LCCOMB_X25_Y19_N22 ; 9       ; Clock enable                          ; no     ; --                   ; --               ; --                        ;
; Holo:holo|CalcPhase:calcPhase|Decoder2~17                                                                                                                                        ; LCCOMB_X26_Y18_N16 ; 9       ; Clock enable                          ; no     ; --                   ; --               ; --                        ;
; Holo:holo|CalcPhase:calcPhase|Decoder2~18                                                                                                                                        ; LCCOMB_X25_Y19_N10 ; 9       ; Clock enable                          ; no     ; --                   ; --               ; --                        ;
; Holo:holo|CalcPhase:calcPhase|Decoder2~19                                                                                                                                        ; LCCOMB_X26_Y18_N2  ; 9       ; Clock enable                          ; no     ; --                   ; --               ; --                        ;
; Holo:holo|CalcPhase:calcPhase|Decoder2~2                                                                                                                                         ; LCCOMB_X25_Y18_N18 ; 9       ; Clock enable                          ; no     ; --                   ; --               ; --                        ;
; Holo:holo|CalcPhase:calcPhase|Decoder2~20                                                                                                                                        ; LCCOMB_X25_Y17_N0  ; 9       ; Clock enable                          ; no     ; --                   ; --               ; --                        ;
; Holo:holo|CalcPhase:calcPhase|Decoder2~21                                                                                                                                        ; LCCOMB_X26_Y18_N4  ; 9       ; Clock enable                          ; no     ; --                   ; --               ; --                        ;
; Holo:holo|CalcPhase:calcPhase|Decoder2~23                                                                                                                                        ; LCCOMB_X24_Y18_N0  ; 9       ; Clock enable                          ; no     ; --                   ; --               ; --                        ;
; Holo:holo|CalcPhase:calcPhase|Decoder2~25                                                                                                                                        ; LCCOMB_X26_Y18_N14 ; 9       ; Clock enable                          ; no     ; --                   ; --               ; --                        ;
; Holo:holo|CalcPhase:calcPhase|Decoder2~26                                                                                                                                        ; LCCOMB_X25_Y17_N22 ; 9       ; Clock enable                          ; no     ; --                   ; --               ; --                        ;
; Holo:holo|CalcPhase:calcPhase|Decoder2~27                                                                                                                                        ; LCCOMB_X26_Y18_N12 ; 9       ; Clock enable                          ; no     ; --                   ; --               ; --                        ;
; Holo:holo|CalcPhase:calcPhase|Decoder2~28                                                                                                                                        ; LCCOMB_X25_Y17_N12 ; 9       ; Clock enable                          ; no     ; --                   ; --               ; --                        ;
; Holo:holo|CalcPhase:calcPhase|Decoder2~29                                                                                                                                        ; LCCOMB_X26_Y18_N24 ; 9       ; Clock enable                          ; no     ; --                   ; --               ; --                        ;
; Holo:holo|CalcPhase:calcPhase|Decoder2~3                                                                                                                                         ; LCCOMB_X25_Y18_N12 ; 9       ; Clock enable                          ; no     ; --                   ; --               ; --                        ;
; Holo:holo|CalcPhase:calcPhase|Decoder2~30                                                                                                                                        ; LCCOMB_X21_Y17_N6  ; 9       ; Clock enable                          ; no     ; --                   ; --               ; --                        ;
; Holo:holo|CalcPhase:calcPhase|Decoder2~31                                                                                                                                        ; LCCOMB_X26_Y18_N30 ; 9       ; Clock enable                          ; no     ; --                   ; --               ; --                        ;
; Holo:holo|CalcPhase:calcPhase|Decoder2~32                                                                                                                                        ; LCCOMB_X24_Y18_N6  ; 9       ; Clock enable                          ; no     ; --                   ; --               ; --                        ;
; Holo:holo|CalcPhase:calcPhase|Decoder2~33                                                                                                                                        ; LCCOMB_X25_Y18_N28 ; 9       ; Clock enable                          ; no     ; --                   ; --               ; --                        ;
; Holo:holo|CalcPhase:calcPhase|Decoder2~34                                                                                                                                        ; LCCOMB_X24_Y18_N10 ; 9       ; Clock enable                          ; no     ; --                   ; --               ; --                        ;
; Holo:holo|CalcPhase:calcPhase|Decoder2~35                                                                                                                                        ; LCCOMB_X26_Y18_N18 ; 9       ; Clock enable                          ; no     ; --                   ; --               ; --                        ;
; Holo:holo|CalcPhase:calcPhase|Decoder2~36                                                                                                                                        ; LCCOMB_X25_Y18_N2  ; 9       ; Clock enable                          ; no     ; --                   ; --               ; --                        ;
; Holo:holo|CalcPhase:calcPhase|Decoder2~37                                                                                                                                        ; LCCOMB_X19_Y18_N18 ; 9       ; Clock enable                          ; no     ; --                   ; --               ; --                        ;
; Holo:holo|CalcPhase:calcPhase|Decoder2~38                                                                                                                                        ; LCCOMB_X21_Y18_N20 ; 9       ; Clock enable                          ; no     ; --                   ; --               ; --                        ;
; Holo:holo|CalcPhase:calcPhase|Decoder2~39                                                                                                                                        ; LCCOMB_X19_Y18_N0  ; 9       ; Clock enable                          ; no     ; --                   ; --               ; --                        ;
; Holo:holo|CalcPhase:calcPhase|Decoder2~41                                                                                                                                        ; LCCOMB_X21_Y17_N24 ; 9       ; Clock enable                          ; no     ; --                   ; --               ; --                        ;
; Holo:holo|CalcPhase:calcPhase|Decoder2~43                                                                                                                                        ; LCCOMB_X26_Y18_N10 ; 9       ; Clock enable                          ; no     ; --                   ; --               ; --                        ;
; Holo:holo|CalcPhase:calcPhase|Decoder2~44                                                                                                                                        ; LCCOMB_X21_Y18_N12 ; 9       ; Clock enable                          ; no     ; --                   ; --               ; --                        ;
; Holo:holo|CalcPhase:calcPhase|Decoder2~45                                                                                                                                        ; LCCOMB_X22_Y19_N22 ; 9       ; Clock enable                          ; no     ; --                   ; --               ; --                        ;
; Holo:holo|CalcPhase:calcPhase|Decoder2~46                                                                                                                                        ; LCCOMB_X21_Y18_N0  ; 9       ; Clock enable                          ; no     ; --                   ; --               ; --                        ;
; Holo:holo|CalcPhase:calcPhase|Decoder2~47                                                                                                                                        ; LCCOMB_X22_Y19_N20 ; 9       ; Clock enable                          ; no     ; --                   ; --               ; --                        ;
; Holo:holo|CalcPhase:calcPhase|Decoder2~48                                                                                                                                        ; LCCOMB_X21_Y18_N30 ; 9       ; Clock enable                          ; no     ; --                   ; --               ; --                        ;
; Holo:holo|CalcPhase:calcPhase|Decoder2~49                                                                                                                                        ; LCCOMB_X18_Y18_N20 ; 9       ; Clock enable                          ; no     ; --                   ; --               ; --                        ;
; Holo:holo|CalcPhase:calcPhase|Decoder2~5                                                                                                                                         ; LCCOMB_X25_Y17_N8  ; 9       ; Clock enable                          ; no     ; --                   ; --               ; --                        ;
; Holo:holo|CalcPhase:calcPhase|Decoder2~50                                                                                                                                        ; LCCOMB_X21_Y18_N22 ; 9       ; Clock enable                          ; no     ; --                   ; --               ; --                        ;
; Holo:holo|CalcPhase:calcPhase|Decoder2~51                                                                                                                                        ; LCCOMB_X24_Y18_N4  ; 9       ; Clock enable                          ; no     ; --                   ; --               ; --                        ;
; Holo:holo|CalcPhase:calcPhase|Decoder2~52                                                                                                                                        ; LCCOMB_X21_Y17_N10 ; 9       ; Clock enable                          ; no     ; --                   ; --               ; --                        ;
; Holo:holo|CalcPhase:calcPhase|Decoder2~53                                                                                                                                        ; LCCOMB_X22_Y19_N30 ; 9       ; Clock enable                          ; no     ; --                   ; --               ; --                        ;
; Holo:holo|CalcPhase:calcPhase|Decoder2~54                                                                                                                                        ; LCCOMB_X21_Y17_N22 ; 9       ; Clock enable                          ; no     ; --                   ; --               ; --                        ;
; Holo:holo|CalcPhase:calcPhase|Decoder2~55                                                                                                                                        ; LCCOMB_X18_Y18_N2  ; 9       ; Clock enable                          ; no     ; --                   ; --               ; --                        ;
; Holo:holo|CalcPhase:calcPhase|Decoder2~56                                                                                                                                        ; LCCOMB_X21_Y17_N0  ; 9       ; Clock enable                          ; no     ; --                   ; --               ; --                        ;
; Holo:holo|CalcPhase:calcPhase|Decoder2~57                                                                                                                                        ; LCCOMB_X18_Y18_N18 ; 9       ; Clock enable                          ; no     ; --                   ; --               ; --                        ;
; Holo:holo|CalcPhase:calcPhase|Decoder2~7                                                                                                                                         ; LCCOMB_X24_Y18_N18 ; 9       ; Clock enable                          ; no     ; --                   ; --               ; --                        ;
; Holo:holo|CalcPhase:calcPhase|Decoder2~8                                                                                                                                         ; LCCOMB_X25_Y17_N24 ; 9       ; Clock enable                          ; no     ; --                   ; --               ; --                        ;
; Holo:holo|CalcPhase:calcPhase|Decoder2~9                                                                                                                                         ; LCCOMB_X26_Y18_N8  ; 9       ; Clock enable                          ; no     ; --                   ; --               ; --                        ;
; Holo:holo|CalcPhase:calcPhase|Float2Int:float2Int|Float2Int_altfp_convert_e1n:Float2Int_altfp_convert_e1n_component|Float2Int_altbarrel_shift_rvf:altbarrel_shift6|sel_pipec5r1d ; FF_X10_Y11_N31     ; 56      ; Sync. clear, Sync. load               ; no     ; --                   ; --               ; --                        ;
; Holo:holo|CalcPhase:calcPhase|Float2Int:float2Int|Float2Int_altfp_convert_e1n:Float2Int_altfp_convert_e1n_component|power2_value_reg[2]                                          ; FF_X10_Y8_N13      ; 32      ; Sync. load                            ; no     ; --                   ; --               ; --                        ;
; Holo:holo|CalcPhase:calcPhase|Float2Int:float2Int|Float2Int_altfp_convert_e1n:Float2Int_altfp_convert_e1n_component|sign_input_reg4                                              ; FF_X9_Y17_N19      ; 62      ; Sync. clear                           ; no     ; --                   ; --               ; --                        ;
; Holo:holo|CalcPhase:calcPhase|Int2Float:int2Float|Int2Float_altfp_convert_c1n:Int2Float_altfp_convert_c1n_component|Int2Float_altbarrel_shift_lvf:altbarrel_shift5|sel_pipec4r1d ; FF_X10_Y6_N21      ; 20      ; Sync. clear, Sync. load               ; no     ; --                   ; --               ; --                        ;
; Holo:holo|CalcPhase:calcPhase|Int2Float:int2Float|Int2Float_altfp_convert_c1n:Int2Float_altfp_convert_c1n_component|priority_encoder_reg[2]                                      ; FF_X11_Y6_N11      ; 25      ; Sync. load                            ; no     ; --                   ; --               ; --                        ;
; Holo:holo|CalcPhase:calcPhase|cIdx~0                                                                                                                                             ; LCCOMB_X31_Y12_N24 ; 6       ; Clock enable                          ; no     ; --                   ; --               ; --                        ;
; Holo:holo|CalcPhase:calcPhase|lpm_add_sub:sumXYZop|add_sub_g8e:auto_generated|pipeline_dffe[21]                                                                                  ; FF_X24_Y2_N21      ; 21      ; Sync. load                            ; no     ; --                   ; --               ; --                        ;
; Holo:holo|CalcPhase:calcPhase|lpm_divide:mod|lpm_divide_suq:auto_generated|abs_divider_g5h:divider|DFF_num_sign[0]                                                               ; FF_X17_Y17_N15     ; 7       ; Sync. load                            ; no     ; --                   ; --               ; --                        ;
; Holo:holo|CalcPhase:calcPhase|rDelay[5]~16                                                                                                                                       ; LCCOMB_X30_Y19_N28 ; 6       ; Clock enable                          ; no     ; --                   ; --               ; --                        ;
; Holo:holo|CalcPhase:calcPhase|rIdx~0                                                                                                                                             ; LCCOMB_X26_Y19_N0  ; 6       ; Clock enable                          ; no     ; --                   ; --               ; --                        ;
; Holo:holo|CalcPhase:calcPhase|rState[0]                                                                                                                                          ; FF_X25_Y18_N11     ; 11      ; Sync. clear                           ; no     ; --                   ; --               ; --                        ;
; Holo:holo|Decoder1~11                                                                                                                                                            ; LCCOMB_X24_Y13_N6  ; 9       ; Clock enable                          ; no     ; --                   ; --               ; --                        ;
; Holo:holo|Decoder1~12                                                                                                                                                            ; LCCOMB_X25_Y13_N10 ; 9       ; Clock enable                          ; no     ; --                   ; --               ; --                        ;
; Holo:holo|Decoder1~15                                                                                                                                                            ; LCCOMB_X26_Y17_N14 ; 9       ; Clock enable                          ; no     ; --                   ; --               ; --                        ;
; Holo:holo|Decoder1~17                                                                                                                                                            ; LCCOMB_X26_Y17_N30 ; 9       ; Clock enable                          ; no     ; --                   ; --               ; --                        ;
; Holo:holo|Decoder1~18                                                                                                                                                            ; LCCOMB_X26_Y17_N8  ; 9       ; Clock enable                          ; no     ; --                   ; --               ; --                        ;
; Holo:holo|Decoder1~20                                                                                                                                                            ; LCCOMB_X26_Y17_N24 ; 9       ; Clock enable                          ; no     ; --                   ; --               ; --                        ;
; Holo:holo|Decoder1~21                                                                                                                                                            ; LCCOMB_X24_Y18_N20 ; 9       ; Clock enable                          ; no     ; --                   ; --               ; --                        ;
; Holo:holo|Decoder1~22                                                                                                                                                            ; LCCOMB_X26_Y17_N2  ; 9       ; Clock enable                          ; no     ; --                   ; --               ; --                        ;
; Holo:holo|Decoder1~23                                                                                                                                                            ; LCCOMB_X26_Y17_N0  ; 9       ; Clock enable                          ; no     ; --                   ; --               ; --                        ;
; Holo:holo|Decoder1~24                                                                                                                                                            ; LCCOMB_X25_Y14_N8  ; 9       ; Clock enable                          ; no     ; --                   ; --               ; --                        ;
; Holo:holo|Decoder1~25                                                                                                                                                            ; LCCOMB_X24_Y18_N28 ; 9       ; Clock enable                          ; no     ; --                   ; --               ; --                        ;
; Holo:holo|Decoder1~26                                                                                                                                                            ; LCCOMB_X26_Y17_N16 ; 9       ; Clock enable                          ; no     ; --                   ; --               ; --                        ;
; Holo:holo|Decoder1~27                                                                                                                                                            ; LCCOMB_X24_Y18_N26 ; 9       ; Clock enable                          ; no     ; --                   ; --               ; --                        ;
; Holo:holo|Decoder1~28                                                                                                                                                            ; LCCOMB_X26_Y17_N28 ; 9       ; Clock enable                          ; no     ; --                   ; --               ; --                        ;
; Holo:holo|Decoder1~29                                                                                                                                                            ; LCCOMB_X26_Y17_N26 ; 9       ; Clock enable                          ; no     ; --                   ; --               ; --                        ;
; Holo:holo|Decoder1~30                                                                                                                                                            ; LCCOMB_X26_Y17_N20 ; 9       ; Clock enable                          ; no     ; --                   ; --               ; --                        ;
; Holo:holo|Decoder1~31                                                                                                                                                            ; LCCOMB_X25_Y13_N2  ; 9       ; Clock enable                          ; no     ; --                   ; --               ; --                        ;
; Holo:holo|Decoder1~32                                                                                                                                                            ; LCCOMB_X25_Y13_N22 ; 9       ; Clock enable                          ; no     ; --                   ; --               ; --                        ;
; Holo:holo|Decoder1~35                                                                                                                                                            ; LCCOMB_X23_Y13_N28 ; 9       ; Clock enable                          ; no     ; --                   ; --               ; --                        ;
; Holo:holo|Decoder1~37                                                                                                                                                            ; LCCOMB_X23_Y13_N26 ; 9       ; Clock enable                          ; no     ; --                   ; --               ; --                        ;
; Holo:holo|Decoder1~38                                                                                                                                                            ; LCCOMB_X24_Y18_N12 ; 9       ; Clock enable                          ; no     ; --                   ; --               ; --                        ;
; Holo:holo|Decoder1~39                                                                                                                                                            ; LCCOMB_X23_Y13_N22 ; 9       ; Clock enable                          ; no     ; --                   ; --               ; --                        ;
; Holo:holo|Decoder1~40                                                                                                                                                            ; LCCOMB_X24_Y18_N8  ; 9       ; Clock enable                          ; no     ; --                   ; --               ; --                        ;
; Holo:holo|Decoder1~41                                                                                                                                                            ; LCCOMB_X23_Y13_N24 ; 9       ; Clock enable                          ; no     ; --                   ; --               ; --                        ;
; Holo:holo|Decoder1~42                                                                                                                                                            ; LCCOMB_X23_Y13_N6  ; 9       ; Clock enable                          ; no     ; --                   ; --               ; --                        ;
; Holo:holo|Decoder1~43                                                                                                                                                            ; LCCOMB_X23_Y13_N2  ; 9       ; Clock enable                          ; no     ; --                   ; --               ; --                        ;
; Holo:holo|Decoder1~44                                                                                                                                                            ; LCCOMB_X23_Y13_N18 ; 9       ; Clock enable                          ; no     ; --                   ; --               ; --                        ;
; Holo:holo|Decoder1~45                                                                                                                                                            ; LCCOMB_X23_Y13_N0  ; 9       ; Clock enable                          ; no     ; --                   ; --               ; --                        ;
; Holo:holo|Decoder1~46                                                                                                                                                            ; LCCOMB_X24_Y18_N2  ; 9       ; Clock enable                          ; no     ; --                   ; --               ; --                        ;
; Holo:holo|Decoder1~47                                                                                                                                                            ; LCCOMB_X23_Y13_N10 ; 9       ; Clock enable                          ; no     ; --                   ; --               ; --                        ;
; Holo:holo|Decoder1~48                                                                                                                                                            ; LCCOMB_X24_Y18_N16 ; 9       ; Clock enable                          ; no     ; --                   ; --               ; --                        ;
; Holo:holo|Decoder1~49                                                                                                                                                            ; LCCOMB_X23_Y13_N30 ; 9       ; Clock enable                          ; no     ; --                   ; --               ; --                        ;
; Holo:holo|Decoder1~50                                                                                                                                                            ; LCCOMB_X24_Y13_N22 ; 9       ; Clock enable                          ; no     ; --                   ; --               ; --                        ;
; Holo:holo|Decoder1~51                                                                                                                                                            ; LCCOMB_X24_Y13_N12 ; 9       ; Clock enable                          ; no     ; --                   ; --               ; --                        ;
; Holo:holo|Decoder1~53                                                                                                                                                            ; LCCOMB_X24_Y18_N30 ; 9       ; Clock enable                          ; no     ; --                   ; --               ; --                        ;
; Holo:holo|Decoder1~55                                                                                                                                                            ; LCCOMB_X23_Y18_N14 ; 9       ; Clock enable                          ; no     ; --                   ; --               ; --                        ;
; Holo:holo|Decoder1~56                                                                                                                                                            ; LCCOMB_X23_Y18_N26 ; 9       ; Clock enable                          ; no     ; --                   ; --               ; --                        ;
; Holo:holo|Decoder1~57                                                                                                                                                            ; LCCOMB_X26_Y17_N22 ; 9       ; Clock enable                          ; no     ; --                   ; --               ; --                        ;
; Holo:holo|Decoder1~58                                                                                                                                                            ; LCCOMB_X23_Y18_N4  ; 9       ; Clock enable                          ; no     ; --                   ; --               ; --                        ;
; Holo:holo|Decoder1~59                                                                                                                                                            ; LCCOMB_X23_Y18_N22 ; 9       ; Clock enable                          ; no     ; --                   ; --               ; --                        ;
; Holo:holo|Decoder1~60                                                                                                                                                            ; LCCOMB_X24_Y18_N22 ; 9       ; Clock enable                          ; no     ; --                   ; --               ; --                        ;
; Holo:holo|Decoder1~61                                                                                                                                                            ; LCCOMB_X26_Y17_N10 ; 9       ; Clock enable                          ; no     ; --                   ; --               ; --                        ;
; Holo:holo|Decoder1~62                                                                                                                                                            ; LCCOMB_X23_Y18_N8  ; 9       ; Clock enable                          ; no     ; --                   ; --               ; --                        ;
; Holo:holo|Decoder1~63                                                                                                                                                            ; LCCOMB_X23_Y18_N16 ; 9       ; Clock enable                          ; no     ; --                   ; --               ; --                        ;
; Holo:holo|Decoder1~64                                                                                                                                                            ; LCCOMB_X23_Y18_N24 ; 9       ; Clock enable                          ; no     ; --                   ; --               ; --                        ;
; Holo:holo|Decoder1~65                                                                                                                                                            ; LCCOMB_X26_Y17_N6  ; 9       ; Clock enable                          ; no     ; --                   ; --               ; --                        ;
; Holo:holo|Decoder1~66                                                                                                                                                            ; LCCOMB_X23_Y18_N30 ; 9       ; Clock enable                          ; no     ; --                   ; --               ; --                        ;
; Holo:holo|Decoder1~67                                                                                                                                                            ; LCCOMB_X23_Y18_N12 ; 9       ; Clock enable                          ; no     ; --                   ; --               ; --                        ;
; Holo:holo|Decoder1~68                                                                                                                                                            ; LCCOMB_X24_Y13_N0  ; 9       ; Clock enable                          ; no     ; --                   ; --               ; --                        ;
; Holo:holo|Decoder1~69                                                                                                                                                            ; LCCOMB_X24_Y13_N10 ; 9       ; Clock enable                          ; no     ; --                   ; --               ; --                        ;
; Holo:holo|Equal12~3                                                                                                                                                              ; LCCOMB_X28_Y11_N6  ; 6       ; Sync. load                            ; no     ; --                   ; --               ; --                        ;
; Holo:holo|Equal1~0                                                                                                                                                               ; LCCOMB_X22_Y11_N26 ; 27      ; Clock enable                          ; no     ; --                   ; --               ; --                        ;
; Holo:holo|Equal2~0                                                                                                                                                               ; LCCOMB_X25_Y11_N4  ; 6       ; Clock enable                          ; no     ; --                   ; --               ; --                        ;
; Holo:holo|Equal4~0                                                                                                                                                               ; LCCOMB_X22_Y11_N16 ; 13      ; Clock enable                          ; no     ; --                   ; --               ; --                        ;
; Holo:holo|PosBuf[0][12]~1                                                                                                                                                        ; LCCOMB_X25_Y7_N18  ; 87      ; Clock enable                          ; no     ; --                   ; --               ; --                        ;
; Holo:holo|Pos[0][12]~1                                                                                                                                                           ; LCCOMB_X25_Y8_N30  ; 87      ; Clock enable                          ; no     ; --                   ; --               ; --                        ;
; Holo:holo|PwmCtrl:pwmCtrl|Equal0~2                                                                                                                                               ; LCCOMB_X25_Y14_N4  ; 9       ; Sync. load                            ; no     ; --                   ; --               ; --                        ;
; Holo:holo|PwmCtrl:pwmCtrl|always2~0                                                                                                                                              ; LCCOMB_X25_Y14_N28 ; 9       ; Sync. clear                           ; no     ; --                   ; --               ; --                        ;
; Holo:holo|RotBuf~7                                                                                                                                                               ; LCCOMB_X25_Y7_N30  ; 24      ; Clock enable                          ; no     ; --                   ; --               ; --                        ;
; Holo:holo|Rot~1                                                                                                                                                                  ; LCCOMB_X25_Y8_N26  ; 24      ; Clock enable                          ; no     ; --                   ; --               ; --                        ;
; Holo:holo|XZradiusSquared~1                                                                                                                                                      ; LCCOMB_X23_Y7_N30  ; 23      ; Clock enable                          ; no     ; --                   ; --               ; --                        ;
; Holo:holo|always1~1                                                                                                                                                              ; LCCOMB_X25_Y14_N6  ; 234     ; Sync. load                            ; no     ; --                   ; --               ; --                        ;
; Holo:holo|blinkEnabled                                                                                                                                                           ; FF_X17_Y11_N21     ; 33      ; Sync. load                            ; no     ; --                   ; --               ; --                        ;
; Holo:holo|calcStart                                                                                                                                                              ; FF_X29_Y11_N21     ; 27      ; Sync. clear                           ; no     ; --                   ; --               ; --                        ;
; Holo:holo|cmdReceived_buf[3]~1                                                                                                                                                   ; LCCOMB_X22_Y11_N22 ; 4       ; Clock enable                          ; no     ; --                   ; --               ; --                        ;
; Holo:holo|cmdReceived~1                                                                                                                                                          ; LCCOMB_X22_Y11_N8  ; 4       ; Clock enable                          ; no     ; --                   ; --               ; --                        ;
; Holo:holo|colors~26                                                                                                                                                              ; LCCOMB_X17_Y11_N12 ; 24      ; Clock enable                          ; no     ; --                   ; --               ; --                        ;
; Holo:holo|currentFrameAddress~17                                                                                                                                                 ; LCCOMB_X25_Y8_N12  ; 13      ; Clock enable                          ; no     ; --                   ; --               ; --                        ;
; Holo:holo|nextFrameAddress[0]~3                                                                                                                                                  ; LCCOMB_X25_Y8_N16  ; 14      ; Sync. load                            ; no     ; --                   ; --               ; --                        ;
; Holo:holo|nextFrameAddress[0]~4                                                                                                                                                  ; LCCOMB_X25_Y8_N14  ; 26      ; Clock enable                          ; no     ; --                   ; --               ; --                        ;
; Holo:holo|phaseFrameLowByte[7]~2                                                                                                                                                 ; LCCOMB_X23_Y11_N30 ; 8       ; Clock enable                          ; no     ; --                   ; --               ; --                        ;
; Holo:holo|phase[49][0]~452                                                                                                                                                       ; LCCOMB_X26_Y14_N4  ; 450     ; Clock enable                          ; no     ; --                   ; --               ; --                        ;
; Holo:holo|ptCnt[0]~0                                                                                                                                                             ; LCCOMB_X25_Y8_N22  ; 13      ; Clock enable                          ; no     ; --                   ; --               ; --                        ;
; Holo:holo|ramWriteData[23]~0                                                                                                                                                     ; LCCOMB_X25_Y10_N24 ; 46      ; Clock enable                          ; no     ; --                   ; --               ; --                        ;
; Holo:holo|rdaddress~4                                                                                                                                                            ; LCCOMB_X26_Y12_N24 ; 13      ; Clock enable                          ; no     ; --                   ; --               ; --                        ;
; Holo:holo|readState.0100                                                                                                                                                         ; FF_X29_Y11_N3      ; 48      ; Clock enable                          ; no     ; --                   ; --               ; --                        ;
; Holo:holo|repeatCnt[0]~15                                                                                                                                                        ; LCCOMB_X25_Y8_N0   ; 13      ; Clock enable                          ; no     ; --                   ; --               ; --                        ;
; Holo:holo|speedCnt~8                                                                                                                                                             ; LCCOMB_X29_Y11_N28 ; 6       ; Sync. clear                           ; no     ; --                   ; --               ; --                        ;
; Holo:holo|speedCnt~9                                                                                                                                                             ; LCCOMB_X29_Y11_N26 ; 6       ; Clock enable                          ; no     ; --                   ; --               ; --                        ;
; Holo:holo|spiByteBuffer[1]~0                                                                                                                                                     ; LCCOMB_X19_Y11_N4  ; 8       ; Clock enable                          ; no     ; --                   ; --               ; --                        ;
; Holo:holo|spiByteCnt[0]~14                                                                                                                                                       ; LCCOMB_X23_Y11_N22 ; 9       ; Clock enable                          ; no     ; --                   ; --               ; --                        ;
; Holo:holo|spiParameter[0][0]~6                                                                                                                                                   ; LCCOMB_X23_Y10_N28 ; 8       ; Clock enable                          ; no     ; --                   ; --               ; --                        ;
; Holo:holo|spiParameter[0][15]~11                                                                                                                                                 ; LCCOMB_X23_Y9_N0   ; 8       ; Clock enable                          ; no     ; --                   ; --               ; --                        ;
; Holo:holo|spiParameter[1][7]~8                                                                                                                                                   ; LCCOMB_X17_Y11_N0  ; 8       ; Clock enable                          ; no     ; --                   ; --               ; --                        ;
; Holo:holo|spiParameter[1][8]~15                                                                                                                                                  ; LCCOMB_X23_Y12_N22 ; 8       ; Clock enable                          ; no     ; --                   ; --               ; --                        ;
; Holo:holo|spiParameter[2][7]~9                                                                                                                                                   ; LCCOMB_X17_Y11_N24 ; 8       ; Clock enable                          ; no     ; --                   ; --               ; --                        ;
; Holo:holo|spiParameter[2][8]~13                                                                                                                                                  ; LCCOMB_X23_Y9_N16  ; 8       ; Clock enable                          ; no     ; --                   ; --               ; --                        ;
; Holo:holo|spiParameter[3][0]~12                                                                                                                                                  ; LCCOMB_X17_Y11_N10 ; 8       ; Clock enable                          ; no     ; --                   ; --               ; --                        ;
; Holo:holo|spiParameter[3][8]~23                                                                                                                                                  ; LCCOMB_X24_Y8_N28  ; 8       ; Clock enable                          ; no     ; --                   ; --               ; --                        ;
; Holo:holo|spiParameter[4][0]~20                                                                                                                                                  ; LCCOMB_X17_Y11_N14 ; 8       ; Clock enable                          ; no     ; --                   ; --               ; --                        ;
; Holo:holo|spiParameter[5][12]~16                                                                                                                                                 ; LCCOMB_X24_Y8_N6   ; 5       ; Clock enable                          ; no     ; --                   ; --               ; --                        ;
; Holo:holo|spiParameter[5][7]~17                                                                                                                                                  ; LCCOMB_X23_Y10_N24 ; 8       ; Clock enable                          ; no     ; --                   ; --               ; --                        ;
; Holo:holo|spiParameter[6][12]~21                                                                                                                                                 ; LCCOMB_X23_Y10_N12 ; 5       ; Clock enable                          ; no     ; --                   ; --               ; --                        ;
; Holo:holo|spiParameter[6][7]~22                                                                                                                                                  ; LCCOMB_X23_Y10_N4  ; 8       ; Clock enable                          ; no     ; --                   ; --               ; --                        ;
; Holo:holo|spiParameter[7][12]~24                                                                                                                                                 ; LCCOMB_X23_Y10_N16 ; 5       ; Clock enable                          ; no     ; --                   ; --               ; --                        ;
; Holo:holo|spiParameter[7][7]~19                                                                                                                                                  ; LCCOMB_X23_Y10_N10 ; 8       ; Clock enable                          ; no     ; --                   ; --               ; --                        ;
; Holo:holo|spiState[1]                                                                                                                                                            ; FF_X22_Y11_N5      ; 18      ; Sync. clear                           ; no     ; --                   ; --               ; --                        ;
; Holo:holo|wraddress~0                                                                                                                                                            ; LCCOMB_X25_Y10_N26 ; 13      ; Clock enable                          ; no     ; --                   ; --               ; --                        ;
; Holo:holo|wren                                                                                                                                                                   ; FF_X25_Y10_N1      ; 60      ; Clock enable, Write enable            ; no     ; --                   ; --               ; --                        ;
; Pll:pll|altpll:altpll_component|Pll_altpll:auto_generated|wire_pll1_clk[0]                                                                                                       ; PLL_1              ; 4235    ; Clock                                 ; yes    ; Global Clock         ; GCLK3            ; --                        ;
; Reset:reset|nReset                                                                                                                                                               ; FF_X13_Y9_N1       ; 244     ; Clock enable, Sync. clear, Sync. load ; no     ; --                   ; --               ; --                        ;
; ncs                                                                                                                                                                              ; PIN_25             ; 10      ; Clock enable                          ; no     ; --                   ; --               ; --                        ;
; ncs                                                                                                                                                                              ; PIN_25             ; 4       ; Async. clear                          ; yes    ; Global Clock         ; GCLK0            ; --                        ;
; sck                                                                                                                                                                              ; PIN_24             ; 19      ; Clock                                 ; yes    ; Global Clock         ; GCLK4            ; --                        ;
+----------------------------------------------------------------------------------------------------------------------------------------------------------------------------------+--------------------+---------+---------------------------------------+--------+----------------------+------------------+---------------------------+


+--------------------------------------------------------------------------------------------------------------------------------------------------------------------------------------------------------------+
; Global & Other Fast Signals                                                                                                                                                                                  ;
+----------------------------------------------------------------------------+----------+---------+--------------------------------------+----------------------+------------------+---------------------------+
; Name                                                                       ; Location ; Fan-Out ; Fan-Out Using Intentional Clock Skew ; Global Resource Used ; Global Line Name ; Enable Signal Source Name ;
+----------------------------------------------------------------------------+----------+---------+--------------------------------------+----------------------+------------------+---------------------------+
; Pll:pll|altpll:altpll_component|Pll_altpll:auto_generated|wire_pll1_clk[0] ; PLL_1    ; 4235    ; 269                                  ; Global Clock         ; GCLK3            ; --                        ;
; ncs                                                                        ; PIN_25   ; 4       ; 0                                    ; Global Clock         ; GCLK0            ; --                        ;
; sck                                                                        ; PIN_24   ; 19      ; 0                                    ; Global Clock         ; GCLK4            ; --                        ;
+----------------------------------------------------------------------------+----------+---------+--------------------------------------+----------------------+------------------+---------------------------+


+---------------------------------------------------------------------------------------------------------------------------------------------------------------------------------------------------------------------------------------------------------------------------------------------------------------------------------------------------------------------------------------------------------------------------------------------------------------------------------------------------------------------------------------------------------------------------------------------------------------------------------------------------------------------------------------------------------------------------------------------------------------------------------------------------------------------------------------------------------------------------------------------------------------------------------------------------------------------------------------------------------------------------------------------------------------------------------------------------------------------------------------------------------------------------------------------------------------------------------------------------------------------------------------------------------------------------------------------------------------------+
; Fitter RAM Summary                                                                                                                                                                                                                                                                                                                                                                                                                                                                                                                                                                                                                                                                                                                                                                                                                                                                                                                                                                                                                                                                                                                                                                                                                                                                                                                                                  ;
+---------------------------------------------------------------------------------------------------------+------+------------------+--------------+--------------+--------------+--------------+--------------+------------------------+-------------------------+------------------------+-------------------------+--------+-----------------------------+-----------------------------+-----------------------------+-----------------------------+---------------------+------+------+----------------------------------------------------------------------------------------------------------------------------------------------------------------------------------------------------------------------------------------------------------------------------------------------------------------------------------------------------------------------------------------------------------------------------------------------------------------------------------------------------------------------------------------------------------------------------------------------------------------------------------------------------------------------------------------------------------------------------------------------+----------------------+------------------------+------------------------+----------+------------------------+---------------+
; Name                                                                                                    ; Type ; Mode             ; Clock Mode   ; Port A Depth ; Port A Width ; Port B Depth ; Port B Width ; Port A Input Registers ; Port A Output Registers ; Port B Input Registers ; Port B Output Registers ; Size   ; Implementation Port A Depth ; Implementation Port A Width ; Implementation Port B Depth ; Implementation Port B Width ; Implementation Bits ; M9Ks ; MIF  ; Location                                                                                                                                                                                                                                                                                                                                                                                                                                                                                                                                                                                                                                                                                                                                     ; Mixed Width RDW Mode ; Port A RDW Mode        ; Port B RDW Mode        ; ECC Mode ; ECC Pipeline Registers ; Fits in MLABs ;
+---------------------------------------------------------------------------------------------------------+------+------------------+--------------+--------------+--------------+--------------+--------------+------------------------+-------------------------+------------------------+-------------------------+--------+-----------------------------+-----------------------------+-----------------------------+-----------------------------+---------------------+------+------+----------------------------------------------------------------------------------------------------------------------------------------------------------------------------------------------------------------------------------------------------------------------------------------------------------------------------------------------------------------------------------------------------------------------------------------------------------------------------------------------------------------------------------------------------------------------------------------------------------------------------------------------------------------------------------------------------------------------------------------------+----------------------+------------------------+------------------------+----------+------------------------+---------------+
; Holo:holo|PosColRam:posColRam|altsyncram:altsyncram_component|altsyncram_4pn1:auto_generated|ALTSYNCRAM ; AUTO ; Simple Dual Port ; Single Clock ; 8192         ; 46           ; 8192         ; 46           ; yes                    ; no                      ; yes                    ; yes                     ; 376832 ; 8192                        ; 46                          ; 8192                        ; 46                          ; 376832              ; 46   ; None ; M9K_X27_Y7_N0, M9K_X27_Y2_N0, M9K_X15_Y3_N0, M9K_X27_Y3_N0, M9K_X27_Y4_N0, M9K_X27_Y1_N0, M9K_X27_Y5_N0, M9K_X27_Y15_N0, M9K_X15_Y11_N0, M9K_X15_Y8_N0, M9K_X15_Y6_N0, M9K_X15_Y13_N0, M9K_X15_Y14_N0, M9K_X15_Y10_N0, M9K_X15_Y7_N0, M9K_X15_Y17_N0, M9K_X15_Y4_N0, M9K_X15_Y5_N0, M9K_X15_Y12_N0, M9K_X15_Y2_N0, M9K_X15_Y1_N0, M9K_X15_Y22_N0, M9K_X27_Y18_N0, M9K_X15_Y18_N0, M9K_X15_Y21_N0, M9K_X27_Y6_N0, M9K_X27_Y9_N0, M9K_X27_Y17_N0, M9K_X15_Y9_N0, M9K_X15_Y19_N0, M9K_X15_Y23_N0, M9K_X15_Y16_N0, M9K_X15_Y20_N0, M9K_X27_Y20_N0, M9K_X27_Y14_N0, M9K_X27_Y11_N0, M9K_X27_Y21_N0, M9K_X27_Y22_N0, M9K_X27_Y19_N0, M9K_X27_Y23_N0, M9K_X27_Y13_N0, M9K_X27_Y16_N0, M9K_X15_Y15_N0, M9K_X27_Y10_N0, M9K_X27_Y8_N0, M9K_X27_Y12_N0 ; Don't care           ; New data with NBE Read ; New data with NBE Read ; Off      ; No                     ; No - Unknown  ;
+---------------------------------------------------------------------------------------------------------+------+------------------+--------------+--------------+--------------+--------------+--------------+------------------------+-------------------------+------------------------+-------------------------+--------+-----------------------------+-----------------------------+-----------------------------+-----------------------------+---------------------+------+------+----------------------------------------------------------------------------------------------------------------------------------------------------------------------------------------------------------------------------------------------------------------------------------------------------------------------------------------------------------------------------------------------------------------------------------------------------------------------------------------------------------------------------------------------------------------------------------------------------------------------------------------------------------------------------------------------------------------------------------------------+----------------------+------------------------+------------------------+----------+------------------------+---------------+
Note: Fitter may spread logical memories into multiple blocks to improve timing. The actual required RAM blocks can be found in the Fitter Resource Usage section.


+-----------------------------------------------------------------------------------------------+
; Fitter DSP Block Usage Summary                                                                ;
+---------------------------------------+-------------+---------------------+-------------------+
; Statistic                             ; Number Used ; Available per Block ; Maximum Available ;
+---------------------------------------+-------------+---------------------+-------------------+
; Simple Multipliers (9-bit)            ; 2           ; 2                   ; 46                ;
; Simple Multipliers (18-bit)           ; 15          ; 1                   ; 23                ;
; Embedded Multiplier Blocks            ; 17          ; --                  ; 23                ;
; Embedded Multiplier 9-bit elements    ; 32          ; 2                   ; 46                ;
; Signed Embedded Multipliers           ; 9           ; --                  ; --                ;
; Unsigned Embedded Multipliers         ; 8           ; --                  ; --                ;
; Mixed Sign Embedded Multipliers       ; 0           ; --                  ; --                ;
; Variable Sign Embedded Multipliers    ; 0           ; --                  ; --                ;
; Dedicated Input Shift Register Chains ; 0           ; --                  ; --                ;
+---------------------------------------+-------------+---------------------+-------------------+


+----------------------------------------------------------------------------------------------------------------------------------------------------------------------------------------------------------------------------------------------------------------------------------------------------------------------------------------------------------------+
; DSP Block Details                                                                                                                                                                                                                                                                                                                                              ;
+-----------------------------------------------------------------------------------------------------------------------------------------------------------------+----------------------------+--------------------+---------------------+--------------------------------+-----------------------+-----------------------+-------------------+-----------------+
; Name                                                                                                                                                            ; Mode                       ; Location           ; Sign Representation ; Has Input Shift Register Chain ; Data A Input Register ; Data B Input Register ; Pipeline Register ; Output Register ;
+-----------------------------------------------------------------------------------------------------------------------------------------------------------------+----------------------------+--------------------+---------------------+--------------------------------+-----------------------+-----------------------+-------------------+-----------------+
; Holo:holo|Rotate1D:transformX|CoeffMult:coeff3Mult|lpm_mult:lpm_mult_component|mult_i4p:auto_generated|result[0]                                                ; Simple Multiplier (18-bit) ; DSPOUT_X20_Y12_N2  ;                     ; No                             ;                       ;                       ;                   ; yes             ;
;    Holo:holo|Rotate1D:transformX|CoeffMult:coeff3Mult|lpm_mult:lpm_mult_component|mult_i4p:auto_generated|mac_mult1                                             ;                            ; DSPMULT_X20_Y12_N0 ; Signed              ;                                ; no                    ; no                    ; no                ;                 ;
; Holo:holo|Rotate1D:transformZ|CoeffMult:coeff3Mult|lpm_mult:lpm_mult_component|mult_i4p:auto_generated|result[0]                                                ; Simple Multiplier (18-bit) ; DSPOUT_X20_Y13_N2  ;                     ; No                             ;                       ;                       ;                   ; yes             ;
;    Holo:holo|Rotate1D:transformZ|CoeffMult:coeff3Mult|lpm_mult:lpm_mult_component|mult_i4p:auto_generated|mac_mult1                                             ;                            ; DSPMULT_X20_Y13_N0 ; Signed              ;                                ; no                    ; no                    ; no                ;                 ;
; Holo:holo|Rotate1D:transformX|CoeffMult:coeff2Mult|lpm_mult:lpm_mult_component|mult_i4p:auto_generated|result[0]                                                ; Simple Multiplier (18-bit) ; DSPOUT_X20_Y16_N2  ;                     ; No                             ;                       ;                       ;                   ; yes             ;
;    Holo:holo|Rotate1D:transformX|CoeffMult:coeff2Mult|lpm_mult:lpm_mult_component|mult_i4p:auto_generated|mac_mult1                                             ;                            ; DSPMULT_X20_Y16_N0 ; Signed              ;                                ; no                    ; no                    ; no                ;                 ;
; Holo:holo|Rotate1D:transformX|CoeffMult:coeff1Mult|lpm_mult:lpm_mult_component|mult_i4p:auto_generated|result[0]                                                ; Simple Multiplier (18-bit) ; DSPOUT_X20_Y15_N2  ;                     ; No                             ;                       ;                       ;                   ; yes             ;
;    Holo:holo|Rotate1D:transformX|CoeffMult:coeff1Mult|lpm_mult:lpm_mult_component|mult_i4p:auto_generated|mac_mult1                                             ;                            ; DSPMULT_X20_Y15_N0 ; Signed              ;                                ; no                    ; no                    ; no                ;                 ;
; Holo:holo|Rotate1D:transformZ|CoeffMult:coeff2Mult|lpm_mult:lpm_mult_component|mult_i4p:auto_generated|result[0]                                                ; Simple Multiplier (18-bit) ; DSPOUT_X20_Y17_N2  ;                     ; No                             ;                       ;                       ;                   ; yes             ;
;    Holo:holo|Rotate1D:transformZ|CoeffMult:coeff2Mult|lpm_mult:lpm_mult_component|mult_i4p:auto_generated|mac_mult1                                             ;                            ; DSPMULT_X20_Y17_N0 ; Signed              ;                                ; no                    ; no                    ; no                ;                 ;
; Holo:holo|Rotate1D:transformZ|CoeffMult:coeff1Mult|lpm_mult:lpm_mult_component|mult_i4p:auto_generated|result[0]                                                ; Simple Multiplier (18-bit) ; DSPOUT_X20_Y14_N2  ;                     ; No                             ;                       ;                       ;                   ; yes             ;
;    Holo:holo|Rotate1D:transformZ|CoeffMult:coeff1Mult|lpm_mult:lpm_mult_component|mult_i4p:auto_generated|mac_mult1                                             ;                            ; DSPMULT_X20_Y14_N0 ; Signed              ;                                ; no                    ; no                    ; no                ;                 ;
; Holo:holo|CalcPhase:calcPhase|MultK:scaleOp|MultK_altfp_mult_mrn:MultK_altfp_mult_mrn_component|lpm_mult:man_product2_mult|mult_ujs:auto_generated|mac_out8     ; Simple Multiplier (9-bit)  ; DSPOUT_X20_Y8_N2   ;                     ; No                             ;                       ;                       ;                   ; yes             ;
;    Holo:holo|CalcPhase:calcPhase|MultK:scaleOp|MultK_altfp_mult_mrn:MultK_altfp_mult_mrn_component|lpm_mult:man_product2_mult|mult_ujs:auto_generated|mac_mult7 ;                            ; DSPMULT_X20_Y8_N0  ; Unsigned            ;                                ; no                    ; no                    ; no                ;                 ;
; Holo:holo|CalcPhase:calcPhase|MultK:scaleOp|MultK_altfp_mult_mrn:MultK_altfp_mult_mrn_component|lpm_mult:man_product2_mult|mult_ujs:auto_generated|mac_out6     ; Simple Multiplier (18-bit) ; DSPOUT_X20_Y5_N2   ;                     ; No                             ;                       ;                       ;                   ; yes             ;
;    Holo:holo|CalcPhase:calcPhase|MultK:scaleOp|MultK_altfp_mult_mrn:MultK_altfp_mult_mrn_component|lpm_mult:man_product2_mult|mult_ujs:auto_generated|mac_mult5 ;                            ; DSPMULT_X20_Y5_N0  ; Unsigned            ;                                ; no                    ; no                    ; no                ;                 ;
; Holo:holo|CalcPhase:calcPhase|MultK:scaleOp|MultK_altfp_mult_mrn:MultK_altfp_mult_mrn_component|lpm_mult:man_product2_mult|mult_ujs:auto_generated|mac_out4     ; Simple Multiplier (18-bit) ; DSPOUT_X20_Y6_N2   ;                     ; No                             ;                       ;                       ;                   ; yes             ;
;    Holo:holo|CalcPhase:calcPhase|MultK:scaleOp|MultK_altfp_mult_mrn:MultK_altfp_mult_mrn_component|lpm_mult:man_product2_mult|mult_ujs:auto_generated|mac_mult3 ;                            ; DSPMULT_X20_Y6_N0  ; Unsigned            ;                                ; yes                   ; no                    ; no                ;                 ;
; Holo:holo|CalcPhase:calcPhase|MultK:scaleOp|MultK_altfp_mult_mrn:MultK_altfp_mult_mrn_component|lpm_mult:man_product2_mult|mult_ujs:auto_generated|mac_out2     ; Simple Multiplier (18-bit) ; DSPOUT_X20_Y7_N2   ;                     ; No                             ;                       ;                       ;                   ; yes             ;
;    Holo:holo|CalcPhase:calcPhase|MultK:scaleOp|MultK_altfp_mult_mrn:MultK_altfp_mult_mrn_component|lpm_mult:man_product2_mult|mult_ujs:auto_generated|mac_mult1 ;                            ; DSPMULT_X20_Y7_N0  ; Unsigned            ;                                ; yes                   ; no                    ; no                ;                 ;
; Holo:holo|CalcPhase:calcPhase|MultK:multKop|MultK_altfp_mult_mrn:MultK_altfp_mult_mrn_component|lpm_mult:man_product2_mult|mult_ujs:auto_generated|mac_out8     ; Simple Multiplier (9-bit)  ; DSPOUT_X20_Y3_N2   ;                     ; No                             ;                       ;                       ;                   ; yes             ;
;    Holo:holo|CalcPhase:calcPhase|MultK:multKop|MultK_altfp_mult_mrn:MultK_altfp_mult_mrn_component|lpm_mult:man_product2_mult|mult_ujs:auto_generated|mac_mult7 ;                            ; DSPMULT_X20_Y3_N0  ; Unsigned            ;                                ; no                    ; no                    ; no                ;                 ;
; Holo:holo|CalcPhase:calcPhase|MultK:multKop|MultK_altfp_mult_mrn:MultK_altfp_mult_mrn_component|lpm_mult:man_product2_mult|mult_ujs:auto_generated|mac_out6     ; Simple Multiplier (18-bit) ; DSPOUT_X20_Y4_N2   ;                     ; No                             ;                       ;                       ;                   ; yes             ;
;    Holo:holo|CalcPhase:calcPhase|MultK:multKop|MultK_altfp_mult_mrn:MultK_altfp_mult_mrn_component|lpm_mult:man_product2_mult|mult_ujs:auto_generated|mac_mult5 ;                            ; DSPMULT_X20_Y4_N0  ; Unsigned            ;                                ; no                    ; no                    ; no                ;                 ;
; Holo:holo|CalcPhase:calcPhase|MultK:multKop|MultK_altfp_mult_mrn:MultK_altfp_mult_mrn_component|lpm_mult:man_product2_mult|mult_ujs:auto_generated|mac_out4     ; Simple Multiplier (18-bit) ; DSPOUT_X20_Y1_N2   ;                     ; No                             ;                       ;                       ;                   ; yes             ;
;    Holo:holo|CalcPhase:calcPhase|MultK:multKop|MultK_altfp_mult_mrn:MultK_altfp_mult_mrn_component|lpm_mult:man_product2_mult|mult_ujs:auto_generated|mac_mult3 ;                            ; DSPMULT_X20_Y1_N0  ; Unsigned            ;                                ; yes                   ; no                    ; no                ;                 ;
; Holo:holo|CalcPhase:calcPhase|MultK:multKop|MultK_altfp_mult_mrn:MultK_altfp_mult_mrn_component|lpm_mult:man_product2_mult|mult_ujs:auto_generated|mac_out2     ; Simple Multiplier (18-bit) ; DSPOUT_X20_Y2_N2   ;                     ; No                             ;                       ;                       ;                   ; yes             ;
;    Holo:holo|CalcPhase:calcPhase|MultK:multKop|MultK_altfp_mult_mrn:MultK_altfp_mult_mrn_component|lpm_mult:man_product2_mult|mult_ujs:auto_generated|mac_mult1 ;                            ; DSPMULT_X20_Y2_N0  ; Unsigned            ;                                ; yes                   ; no                    ; no                ;                 ;
; Holo:holo|Rotate1D:transformY|CoeffMult:coeff3Mult|lpm_mult:lpm_mult_component|mult_i4p:auto_generated|result[0]                                                ; Simple Multiplier (18-bit) ; DSPOUT_X20_Y9_N2   ;                     ; No                             ;                       ;                       ;                   ; yes             ;
;    Holo:holo|Rotate1D:transformY|CoeffMult:coeff3Mult|lpm_mult:lpm_mult_component|mult_i4p:auto_generated|mac_mult1                                             ;                            ; DSPMULT_X20_Y9_N0  ; Signed              ;                                ; no                    ; no                    ; no                ;                 ;
; Holo:holo|Rotate1D:transformY|CoeffMult:coeff2Mult|lpm_mult:lpm_mult_component|mult_i4p:auto_generated|result[0]                                                ; Simple Multiplier (18-bit) ; DSPOUT_X20_Y10_N2  ;                     ; No                             ;                       ;                       ;                   ; yes             ;
;    Holo:holo|Rotate1D:transformY|CoeffMult:coeff2Mult|lpm_mult:lpm_mult_component|mult_i4p:auto_generated|mac_mult1                                             ;                            ; DSPMULT_X20_Y10_N0 ; Signed              ;                                ; no                    ; no                    ; no                ;                 ;
; Holo:holo|Rotate1D:transformY|CoeffMult:coeff1Mult|lpm_mult:lpm_mult_component|mult_i4p:auto_generated|result[0]                                                ; Simple Multiplier (18-bit) ; DSPOUT_X20_Y11_N2  ;                     ; No                             ;                       ;                       ;                   ; yes             ;
;    Holo:holo|Rotate1D:transformY|CoeffMult:coeff1Mult|lpm_mult:lpm_mult_component|mult_i4p:auto_generated|mac_mult1                                             ;                            ; DSPMULT_X20_Y11_N0 ; Signed              ;                                ; no                    ; no                    ; no                ;                 ;
+-----------------------------------------------------------------------------------------------------------------------------------------------------------------+----------------------------+--------------------+---------------------+--------------------------------+-----------------------+-----------------------+-------------------+-----------------+


+-------------------------------------------------+
; Routing Usage Summary                           ;
+-----------------------+-------------------------+
; Routing Resource Type ; Usage                   ;
+-----------------------+-------------------------+
; Block interconnects   ; 9,202 / 32,401 ( 28 % ) ;
; C16 interconnects     ; 81 / 1,326 ( 6 % )      ;
; C4 interconnects      ; 3,667 / 21,816 ( 17 % ) ;
; Direct links          ; 2,006 / 32,401 ( 6 % )  ;
; Global clocks         ; 3 / 10 ( 30 % )         ;
; Local interconnects   ; 2,348 / 10,320 ( 23 % ) ;
; R24 interconnects     ; 67 / 1,289 ( 5 % )      ;
; R4 interconnects      ; 4,207 / 28,186 ( 15 % ) ;
+-----------------------+-------------------------+


+-----------------------------------------------------------------------------+
; LAB Logic Elements                                                          ;
+---------------------------------------------+-------------------------------+
; Number of Logic Elements  (Average = 12.99) ; Number of LABs  (Total = 477) ;
+---------------------------------------------+-------------------------------+
; 1                                           ; 15                            ;
; 2                                           ; 10                            ;
; 3                                           ; 5                             ;
; 4                                           ; 12                            ;
; 5                                           ; 9                             ;
; 6                                           ; 11                            ;
; 7                                           ; 13                            ;
; 8                                           ; 12                            ;
; 9                                           ; 9                             ;
; 10                                          ; 14                            ;
; 11                                          ; 19                            ;
; 12                                          ; 18                            ;
; 13                                          ; 22                            ;
; 14                                          ; 16                            ;
; 15                                          ; 26                            ;
; 16                                          ; 266                           ;
+---------------------------------------------+-------------------------------+


+--------------------------------------------------------------------+
; LAB-wide Signals                                                   ;
+------------------------------------+-------------------------------+
; LAB-wide Signals  (Average = 1.47) ; Number of LABs  (Total = 477) ;
+------------------------------------+-------------------------------+
; 1 Async. clear                     ; 1                             ;
; 1 Clock                            ; 441                           ;
; 1 Clock enable                     ; 61                            ;
; 1 Sync. clear                      ; 26                            ;
; 1 Sync. load                       ; 21                            ;
; 2 Clock enables                    ; 152                           ;
; 2 Clocks                           ; 1                             ;
+------------------------------------+-------------------------------+


+------------------------------------------------------------------------------+
; LAB Signals Sourced                                                          ;
+----------------------------------------------+-------------------------------+
; Number of Signals Sourced  (Average = 20.32) ; Number of LABs  (Total = 477) ;
+----------------------------------------------+-------------------------------+
; 0                                            ; 0                             ;
; 1                                            ; 3                             ;
; 2                                            ; 14                            ;
; 3                                            ; 6                             ;
; 4                                            ; 8                             ;
; 5                                            ; 4                             ;
; 6                                            ; 6                             ;
; 7                                            ; 4                             ;
; 8                                            ; 9                             ;
; 9                                            ; 10                            ;
; 10                                           ; 7                             ;
; 11                                           ; 7                             ;
; 12                                           ; 8                             ;
; 13                                           ; 9                             ;
; 14                                           ; 21                            ;
; 15                                           ; 13                            ;
; 16                                           ; 24                            ;
; 17                                           ; 14                            ;
; 18                                           ; 16                            ;
; 19                                           ; 6                             ;
; 20                                           ; 12                            ;
; 21                                           ; 15                            ;
; 22                                           ; 21                            ;
; 23                                           ; 21                            ;
; 24                                           ; 29                            ;
; 25                                           ; 37                            ;
; 26                                           ; 31                            ;
; 27                                           ; 27                            ;
; 28                                           ; 22                            ;
; 29                                           ; 23                            ;
; 30                                           ; 18                            ;
; 31                                           ; 12                            ;
; 32                                           ; 20                            ;
+----------------------------------------------+-------------------------------+


+---------------------------------------------------------------------------------+
; LAB Signals Sourced Out                                                         ;
+-------------------------------------------------+-------------------------------+
; Number of Signals Sourced Out  (Average = 9.09) ; Number of LABs  (Total = 477) ;
+-------------------------------------------------+-------------------------------+
; 0                                               ; 0                             ;
; 1                                               ; 39                            ;
; 2                                               ; 33                            ;
; 3                                               ; 22                            ;
; 4                                               ; 27                            ;
; 5                                               ; 27                            ;
; 6                                               ; 16                            ;
; 7                                               ; 16                            ;
; 8                                               ; 31                            ;
; 9                                               ; 24                            ;
; 10                                              ; 36                            ;
; 11                                              ; 31                            ;
; 12                                              ; 29                            ;
; 13                                              ; 34                            ;
; 14                                              ; 24                            ;
; 15                                              ; 30                            ;
; 16                                              ; 44                            ;
; 17                                              ; 6                             ;
; 18                                              ; 4                             ;
; 19                                              ; 1                             ;
; 20                                              ; 1                             ;
; 21                                              ; 0                             ;
; 22                                              ; 0                             ;
; 23                                              ; 0                             ;
; 24                                              ; 0                             ;
; 25                                              ; 0                             ;
; 26                                              ; 1                             ;
; 27                                              ; 0                             ;
; 28                                              ; 0                             ;
; 29                                              ; 0                             ;
; 30                                              ; 1                             ;
+-------------------------------------------------+-------------------------------+


+------------------------------------------------------------------------------+
; LAB Distinct Inputs                                                          ;
+----------------------------------------------+-------------------------------+
; Number of Distinct Inputs  (Average = 15.76) ; Number of LABs  (Total = 477) ;
+----------------------------------------------+-------------------------------+
; 0                                            ; 0                             ;
; 1                                            ; 0                             ;
; 2                                            ; 17                            ;
; 3                                            ; 10                            ;
; 4                                            ; 10                            ;
; 5                                            ; 17                            ;
; 6                                            ; 11                            ;
; 7                                            ; 11                            ;
; 8                                            ; 15                            ;
; 9                                            ; 22                            ;
; 10                                           ; 14                            ;
; 11                                           ; 24                            ;
; 12                                           ; 41                            ;
; 13                                           ; 16                            ;
; 14                                           ; 10                            ;
; 15                                           ; 28                            ;
; 16                                           ; 26                            ;
; 17                                           ; 13                            ;
; 18                                           ; 20                            ;
; 19                                           ; 17                            ;
; 20                                           ; 7                             ;
; 21                                           ; 10                            ;
; 22                                           ; 19                            ;
; 23                                           ; 20                            ;
; 24                                           ; 28                            ;
; 25                                           ; 11                            ;
; 26                                           ; 17                            ;
; 27                                           ; 9                             ;
; 28                                           ; 8                             ;
; 29                                           ; 7                             ;
; 30                                           ; 5                             ;
; 31                                           ; 8                             ;
; 32                                           ; 2                             ;
; 33                                           ; 1                             ;
; 34                                           ; 3                             ;
+----------------------------------------------+-------------------------------+


+------------------------------------------+
; I/O Rules Summary                        ;
+----------------------------------+-------+
; I/O Rules Statistic              ; Total ;
+----------------------------------+-------+
; Total I/O Rules                  ; 30    ;
; Number of I/O Rules Passed       ; 14    ;
; Number of I/O Rules Failed       ; 0     ;
; Number of I/O Rules Unchecked    ; 0     ;
; Number of I/O Rules Inapplicable ; 16    ;
+----------------------------------+-------+


+----------------------------------------------------------------------------------------------------------------------------------------------------------------------------------------------------------------------------------------------------------------------------+
; I/O Rules Details                                                                                                                                                                                                                                                          ;
+--------------+-----------+-----------------------------------+------------------------------------------------------------------------------------------------------+----------+-------------------------------------------------+---------------------+-------------------+
; Status       ; ID        ; Category                          ; Rule Description                                                                                     ; Severity ; Information                                     ; Area                ; Extra Information ;
+--------------+-----------+-----------------------------------+------------------------------------------------------------------------------------------------------+----------+-------------------------------------------------+---------------------+-------------------+
; Pass         ; IO_000001 ; Capacity Checks                   ; Number of pins in an I/O bank should not exceed the number of locations available.                   ; Critical ; 0 such failures found.                          ; I/O                 ;                   ;
; Inapplicable ; IO_000002 ; Capacity Checks                   ; Number of clocks in an I/O bank should not exceed the number of clocks available.                    ; Critical ; No Global Signal assignments found.             ; I/O                 ;                   ;
; Pass         ; IO_000003 ; Capacity Checks                   ; Number of pins in a Vrefgroup should not exceed the number of locations available.                   ; Critical ; 0 such failures found.                          ; I/O                 ;                   ;
; Inapplicable ; IO_000004 ; Voltage Compatibility Checks      ; The I/O bank should support the requested VCCIO.                                                     ; Critical ; No IOBANK_VCCIO assignments found.              ; I/O                 ;                   ;
; Inapplicable ; IO_000005 ; Voltage Compatibility Checks      ; The I/O bank should not have competing VREF values.                                                  ; Critical ; No VREF I/O Standard assignments found.         ; I/O                 ;                   ;
; Pass         ; IO_000006 ; Voltage Compatibility Checks      ; The I/O bank should not have competing VCCIO values.                                                 ; Critical ; 0 such failures found.                          ; I/O                 ;                   ;
; Pass         ; IO_000007 ; Valid Location Checks             ; Checks for unavailable locations.                                                                    ; Critical ; 0 such failures found.                          ; I/O                 ;                   ;
; Inapplicable ; IO_000008 ; Valid Location Checks             ; Checks for reserved locations.                                                                       ; Critical ; No reserved LogicLock region found.             ; I/O                 ;                   ;
; Pass         ; IO_000009 ; I/O Properties Checks for One I/O ; The location should support the requested I/O standard.                                              ; Critical ; 0 such failures found.                          ; I/O                 ;                   ;
; Pass         ; IO_000010 ; I/O Properties Checks for One I/O ; The location should support the requested I/O direction.                                             ; Critical ; 0 such failures found.                          ; I/O                 ;                   ;
; Inapplicable ; IO_000011 ; I/O Properties Checks for One I/O ; The location should support the requested Current Strength.                                          ; Critical ; No Current Strength assignments found.          ; I/O                 ;                   ;
; Pass         ; IO_000012 ; I/O Properties Checks for One I/O ; The location should support the requested On Chip Termination value.                                 ; Critical ; 0 such failures found.                          ; I/O                 ;                   ;
; Inapplicable ; IO_000013 ; I/O Properties Checks for One I/O ; The location should support the requested Bus Hold value.                                            ; Critical ; No Enable Bus-Hold Circuitry assignments found. ; I/O                 ;                   ;
; Pass         ; IO_000014 ; I/O Properties Checks for One I/O ; The location should support the requested Weak Pull Up value.                                        ; Critical ; 0 such failures found.                          ; I/O                 ;                   ;
; Pass         ; IO_000015 ; I/O Properties Checks for One I/O ; The location should support the requested PCI Clamp Diode.                                           ; Critical ; 0 such failures found.                          ; I/O                 ;                   ;
; Inapplicable ; IO_000018 ; I/O Properties Checks for One I/O ; The I/O standard should support the requested Current Strength.                                      ; Critical ; No Current Strength assignments found.          ; I/O                 ;                   ;
; Pass         ; IO_000019 ; I/O Properties Checks for One I/O ; The I/O standard should support the requested On Chip Termination value.                             ; Critical ; 0 such failures found.                          ; I/O                 ;                   ;
; Pass         ; IO_000020 ; I/O Properties Checks for One I/O ; The I/O standard should support the requested PCI Clamp Diode.                                       ; Critical ; 0 such failures found.                          ; I/O                 ;                   ;
; Pass         ; IO_000021 ; I/O Properties Checks for One I/O ; The I/O standard should support the requested Weak Pull Up value.                                    ; Critical ; 0 such failures found.                          ; I/O                 ;                   ;
; Inapplicable ; IO_000022 ; I/O Properties Checks for One I/O ; The I/O standard should support the requested Bus Hold value.                                        ; Critical ; No Enable Bus-Hold Circuitry assignments found. ; I/O                 ;                   ;
; Inapplicable ; IO_000023 ; I/O Properties Checks for One I/O ; The I/O standard should support the Open Drain value.                                                ; Critical ; No open drain assignments found.                ; I/O                 ;                   ;
; Pass         ; IO_000024 ; I/O Properties Checks for One I/O ; The I/O direction should support the On Chip Termination value.                                      ; Critical ; 0 such failures found.                          ; I/O                 ;                   ;
; Inapplicable ; IO_000026 ; I/O Properties Checks for One I/O ; On Chip Termination and Current Strength should not be used at the same time.                        ; Critical ; No Current Strength assignments found.          ; I/O                 ;                   ;
; Inapplicable ; IO_000027 ; I/O Properties Checks for One I/O ; Weak Pull Up and Bus Hold should not be used at the same time.                                       ; Critical ; No Enable Bus-Hold Circuitry assignments found. ; I/O                 ;                   ;
; Inapplicable ; IO_000045 ; I/O Properties Checks for One I/O ; The I/O standard should support the requested Slew Rate value.                                       ; Critical ; No Slew Rate assignments found.                 ; I/O                 ;                   ;
; Inapplicable ; IO_000046 ; I/O Properties Checks for One I/O ; The location should support the requested Slew Rate value.                                           ; Critical ; No Slew Rate assignments found.                 ; I/O                 ;                   ;
; Inapplicable ; IO_000047 ; I/O Properties Checks for One I/O ; On Chip Termination and Slew Rate should not be used at the same time.                               ; Critical ; No Slew Rate assignments found.                 ; I/O                 ;                   ;
; Pass         ; IO_000033 ; Electromigration Checks           ; Current density for consecutive I/Os should not exceed 240mA for row I/Os and 240mA for column I/Os. ; Critical ; 0 such failures found.                          ; I/O                 ;                   ;
; Inapplicable ; IO_000034 ; SI Related Distance Checks        ; Single-ended outputs should be 5 LAB row(s) away from a differential I/O.                            ; High     ; No Differential I/O Standard assignments found. ; I/O                 ;                   ;
; Inapplicable ; IO_000042 ; SI Related SSO Limit Checks       ; No more than 20 outputs are allowed in a VREF group when VREF is being read from.                    ; High     ; No VREF I/O Standard assignments found.         ; I/O                 ;                   ;
; ----         ; ----      ; Disclaimer                        ; OCT rules are checked but not reported.                                                              ; None     ; ----                                            ; On Chip Termination ;                   ;
+--------------+-----------+-----------------------------------+------------------------------------------------------------------------------------------------------+----------+-------------------------------------------------+---------------------+-------------------+


+--------------------------------------------------------------------------------------------------------------------------------------------------------------------------------------------------------------------------------------------------------------------------------------------------------------------------------------------------------------------------------------------------------------------------------------------------------------------------+
; I/O Rules Matrix                                                                                                                                                                                                                                                                                                                                                                                                                                                         ;
+--------------------+--------------+--------------+--------------+--------------+--------------+-----------+--------------+--------------+-----------+-----------+--------------+--------------+--------------+--------------+--------------+--------------+--------------+--------------+--------------+--------------+--------------+--------------+--------------+--------------+--------------+--------------+--------------+-----------+--------------+--------------+
; Pin/Rules          ; IO_000001    ; IO_000002    ; IO_000003    ; IO_000004    ; IO_000005    ; IO_000006 ; IO_000007    ; IO_000008    ; IO_000009 ; IO_000010 ; IO_000011    ; IO_000012    ; IO_000013    ; IO_000014    ; IO_000015    ; IO_000018    ; IO_000019    ; IO_000020    ; IO_000021    ; IO_000022    ; IO_000023    ; IO_000024    ; IO_000026    ; IO_000027    ; IO_000045    ; IO_000046    ; IO_000047    ; IO_000033 ; IO_000034    ; IO_000042    ;
+--------------------+--------------+--------------+--------------+--------------+--------------+-----------+--------------+--------------+-----------+-----------+--------------+--------------+--------------+--------------+--------------+--------------+--------------+--------------+--------------+--------------+--------------+--------------+--------------+--------------+--------------+--------------+--------------+-----------+--------------+--------------+
; Total Pass         ; 61           ; 0            ; 61           ; 0            ; 0            ; 65        ; 61           ; 0            ; 65        ; 65        ; 0            ; 55           ; 0            ; 4            ; 10           ; 0            ; 55           ; 10           ; 4            ; 0            ; 0            ; 55           ; 0            ; 0            ; 0            ; 0            ; 0            ; 65        ; 0            ; 0            ;
; Total Unchecked    ; 0            ; 0            ; 0            ; 0            ; 0            ; 0         ; 0            ; 0            ; 0         ; 0         ; 0            ; 0            ; 0            ; 0            ; 0            ; 0            ; 0            ; 0            ; 0            ; 0            ; 0            ; 0            ; 0            ; 0            ; 0            ; 0            ; 0            ; 0         ; 0            ; 0            ;
; Total Inapplicable ; 4            ; 65           ; 4            ; 65           ; 65           ; 0         ; 4            ; 65           ; 0         ; 0         ; 65           ; 10           ; 65           ; 61           ; 55           ; 65           ; 10           ; 55           ; 61           ; 65           ; 65           ; 10           ; 65           ; 65           ; 65           ; 65           ; 65           ; 0         ; 65           ; 65           ;
; Total Fail         ; 0            ; 0            ; 0            ; 0            ; 0            ; 0         ; 0            ; 0            ; 0         ; 0         ; 0            ; 0            ; 0            ; 0            ; 0            ; 0            ; 0            ; 0            ; 0            ; 0            ; 0            ; 0            ; 0            ; 0            ; 0            ; 0            ; 0            ; 0         ; 0            ; 0            ;
; t[0]               ; Pass         ; Inapplicable ; Pass         ; Inapplicable ; Inapplicable ; Pass      ; Pass         ; Inapplicable ; Pass      ; Pass      ; Inapplicable ; Pass         ; Inapplicable ; Inapplicable ; Inapplicable ; Inapplicable ; Pass         ; Inapplicable ; Inapplicable ; Inapplicable ; Inapplicable ; Pass         ; Inapplicable ; Inapplicable ; Inapplicable ; Inapplicable ; Inapplicable ; Pass      ; Inapplicable ; Inapplicable ;
; t[1]               ; Pass         ; Inapplicable ; Pass         ; Inapplicable ; Inapplicable ; Pass      ; Pass         ; Inapplicable ; Pass      ; Pass      ; Inapplicable ; Pass         ; Inapplicable ; Inapplicable ; Inapplicable ; Inapplicable ; Pass         ; Inapplicable ; Inapplicable ; Inapplicable ; Inapplicable ; Pass         ; Inapplicable ; Inapplicable ; Inapplicable ; Inapplicable ; Inapplicable ; Pass      ; Inapplicable ; Inapplicable ;
; t[2]               ; Pass         ; Inapplicable ; Pass         ; Inapplicable ; Inapplicable ; Pass      ; Pass         ; Inapplicable ; Pass      ; Pass      ; Inapplicable ; Pass         ; Inapplicable ; Inapplicable ; Inapplicable ; Inapplicable ; Pass         ; Inapplicable ; Inapplicable ; Inapplicable ; Inapplicable ; Pass         ; Inapplicable ; Inapplicable ; Inapplicable ; Inapplicable ; Inapplicable ; Pass      ; Inapplicable ; Inapplicable ;
; t[3]               ; Pass         ; Inapplicable ; Pass         ; Inapplicable ; Inapplicable ; Pass      ; Pass         ; Inapplicable ; Pass      ; Pass      ; Inapplicable ; Pass         ; Inapplicable ; Inapplicable ; Inapplicable ; Inapplicable ; Pass         ; Inapplicable ; Inapplicable ; Inapplicable ; Inapplicable ; Pass         ; Inapplicable ; Inapplicable ; Inapplicable ; Inapplicable ; Inapplicable ; Pass      ; Inapplicable ; Inapplicable ;
; t[4]               ; Pass         ; Inapplicable ; Pass         ; Inapplicable ; Inapplicable ; Pass      ; Pass         ; Inapplicable ; Pass      ; Pass      ; Inapplicable ; Pass         ; Inapplicable ; Inapplicable ; Inapplicable ; Inapplicable ; Pass         ; Inapplicable ; Inapplicable ; Inapplicable ; Inapplicable ; Pass         ; Inapplicable ; Inapplicable ; Inapplicable ; Inapplicable ; Inapplicable ; Pass      ; Inapplicable ; Inapplicable ;
; t[5]               ; Pass         ; Inapplicable ; Pass         ; Inapplicable ; Inapplicable ; Pass      ; Pass         ; Inapplicable ; Pass      ; Pass      ; Inapplicable ; Pass         ; Inapplicable ; Inapplicable ; Inapplicable ; Inapplicable ; Pass         ; Inapplicable ; Inapplicable ; Inapplicable ; Inapplicable ; Pass         ; Inapplicable ; Inapplicable ; Inapplicable ; Inapplicable ; Inapplicable ; Pass      ; Inapplicable ; Inapplicable ;
; t[6]               ; Pass         ; Inapplicable ; Pass         ; Inapplicable ; Inapplicable ; Pass      ; Pass         ; Inapplicable ; Pass      ; Pass      ; Inapplicable ; Pass         ; Inapplicable ; Inapplicable ; Inapplicable ; Inapplicable ; Pass         ; Inapplicable ; Inapplicable ; Inapplicable ; Inapplicable ; Pass         ; Inapplicable ; Inapplicable ; Inapplicable ; Inapplicable ; Inapplicable ; Pass      ; Inapplicable ; Inapplicable ;
; t[7]               ; Pass         ; Inapplicable ; Pass         ; Inapplicable ; Inapplicable ; Pass      ; Pass         ; Inapplicable ; Pass      ; Pass      ; Inapplicable ; Pass         ; Inapplicable ; Inapplicable ; Inapplicable ; Inapplicable ; Pass         ; Inapplicable ; Inapplicable ; Inapplicable ; Inapplicable ; Pass         ; Inapplicable ; Inapplicable ; Inapplicable ; Inapplicable ; Inapplicable ; Pass      ; Inapplicable ; Inapplicable ;
; t[8]               ; Pass         ; Inapplicable ; Pass         ; Inapplicable ; Inapplicable ; Pass      ; Pass         ; Inapplicable ; Pass      ; Pass      ; Inapplicable ; Pass         ; Inapplicable ; Inapplicable ; Inapplicable ; Inapplicable ; Pass         ; Inapplicable ; Inapplicable ; Inapplicable ; Inapplicable ; Pass         ; Inapplicable ; Inapplicable ; Inapplicable ; Inapplicable ; Inapplicable ; Pass      ; Inapplicable ; Inapplicable ;
; t[9]               ; Pass         ; Inapplicable ; Pass         ; Inapplicable ; Inapplicable ; Pass      ; Pass         ; Inapplicable ; Pass      ; Pass      ; Inapplicable ; Pass         ; Inapplicable ; Inapplicable ; Inapplicable ; Inapplicable ; Pass         ; Inapplicable ; Inapplicable ; Inapplicable ; Inapplicable ; Pass         ; Inapplicable ; Inapplicable ; Inapplicable ; Inapplicable ; Inapplicable ; Pass      ; Inapplicable ; Inapplicable ;
; t[10]              ; Pass         ; Inapplicable ; Pass         ; Inapplicable ; Inapplicable ; Pass      ; Pass         ; Inapplicable ; Pass      ; Pass      ; Inapplicable ; Pass         ; Inapplicable ; Inapplicable ; Inapplicable ; Inapplicable ; Pass         ; Inapplicable ; Inapplicable ; Inapplicable ; Inapplicable ; Pass         ; Inapplicable ; Inapplicable ; Inapplicable ; Inapplicable ; Inapplicable ; Pass      ; Inapplicable ; Inapplicable ;
; t[11]              ; Pass         ; Inapplicable ; Pass         ; Inapplicable ; Inapplicable ; Pass      ; Pass         ; Inapplicable ; Pass      ; Pass      ; Inapplicable ; Pass         ; Inapplicable ; Inapplicable ; Inapplicable ; Inapplicable ; Pass         ; Inapplicable ; Inapplicable ; Inapplicable ; Inapplicable ; Pass         ; Inapplicable ; Inapplicable ; Inapplicable ; Inapplicable ; Inapplicable ; Pass      ; Inapplicable ; Inapplicable ;
; t[12]              ; Pass         ; Inapplicable ; Pass         ; Inapplicable ; Inapplicable ; Pass      ; Pass         ; Inapplicable ; Pass      ; Pass      ; Inapplicable ; Pass         ; Inapplicable ; Inapplicable ; Inapplicable ; Inapplicable ; Pass         ; Inapplicable ; Inapplicable ; Inapplicable ; Inapplicable ; Pass         ; Inapplicable ; Inapplicable ; Inapplicable ; Inapplicable ; Inapplicable ; Pass      ; Inapplicable ; Inapplicable ;
; t[13]              ; Pass         ; Inapplicable ; Pass         ; Inapplicable ; Inapplicable ; Pass      ; Pass         ; Inapplicable ; Pass      ; Pass      ; Inapplicable ; Pass         ; Inapplicable ; Inapplicable ; Inapplicable ; Inapplicable ; Pass         ; Inapplicable ; Inapplicable ; Inapplicable ; Inapplicable ; Pass         ; Inapplicable ; Inapplicable ; Inapplicable ; Inapplicable ; Inapplicable ; Pass      ; Inapplicable ; Inapplicable ;
; t[14]              ; Pass         ; Inapplicable ; Pass         ; Inapplicable ; Inapplicable ; Pass      ; Pass         ; Inapplicable ; Pass      ; Pass      ; Inapplicable ; Pass         ; Inapplicable ; Inapplicable ; Inapplicable ; Inapplicable ; Pass         ; Inapplicable ; Inapplicable ; Inapplicable ; Inapplicable ; Pass         ; Inapplicable ; Inapplicable ; Inapplicable ; Inapplicable ; Inapplicable ; Pass      ; Inapplicable ; Inapplicable ;
; t[15]              ; Pass         ; Inapplicable ; Pass         ; Inapplicable ; Inapplicable ; Pass      ; Pass         ; Inapplicable ; Pass      ; Pass      ; Inapplicable ; Pass         ; Inapplicable ; Inapplicable ; Inapplicable ; Inapplicable ; Pass         ; Inapplicable ; Inapplicable ; Inapplicable ; Inapplicable ; Pass         ; Inapplicable ; Inapplicable ; Inapplicable ; Inapplicable ; Inapplicable ; Pass      ; Inapplicable ; Inapplicable ;
; t[16]              ; Pass         ; Inapplicable ; Pass         ; Inapplicable ; Inapplicable ; Pass      ; Pass         ; Inapplicable ; Pass      ; Pass      ; Inapplicable ; Pass         ; Inapplicable ; Inapplicable ; Inapplicable ; Inapplicable ; Pass         ; Inapplicable ; Inapplicable ; Inapplicable ; Inapplicable ; Pass         ; Inapplicable ; Inapplicable ; Inapplicable ; Inapplicable ; Inapplicable ; Pass      ; Inapplicable ; Inapplicable ;
; t[17]              ; Pass         ; Inapplicable ; Pass         ; Inapplicable ; Inapplicable ; Pass      ; Pass         ; Inapplicable ; Pass      ; Pass      ; Inapplicable ; Pass         ; Inapplicable ; Inapplicable ; Inapplicable ; Inapplicable ; Pass         ; Inapplicable ; Inapplicable ; Inapplicable ; Inapplicable ; Pass         ; Inapplicable ; Inapplicable ; Inapplicable ; Inapplicable ; Inapplicable ; Pass      ; Inapplicable ; Inapplicable ;
; t[18]              ; Pass         ; Inapplicable ; Pass         ; Inapplicable ; Inapplicable ; Pass      ; Pass         ; Inapplicable ; Pass      ; Pass      ; Inapplicable ; Pass         ; Inapplicable ; Inapplicable ; Inapplicable ; Inapplicable ; Pass         ; Inapplicable ; Inapplicable ; Inapplicable ; Inapplicable ; Pass         ; Inapplicable ; Inapplicable ; Inapplicable ; Inapplicable ; Inapplicable ; Pass      ; Inapplicable ; Inapplicable ;
; t[19]              ; Pass         ; Inapplicable ; Pass         ; Inapplicable ; Inapplicable ; Pass      ; Pass         ; Inapplicable ; Pass      ; Pass      ; Inapplicable ; Pass         ; Inapplicable ; Inapplicable ; Inapplicable ; Inapplicable ; Pass         ; Inapplicable ; Inapplicable ; Inapplicable ; Inapplicable ; Pass         ; Inapplicable ; Inapplicable ; Inapplicable ; Inapplicable ; Inapplicable ; Pass      ; Inapplicable ; Inapplicable ;
; t[20]              ; Pass         ; Inapplicable ; Pass         ; Inapplicable ; Inapplicable ; Pass      ; Pass         ; Inapplicable ; Pass      ; Pass      ; Inapplicable ; Pass         ; Inapplicable ; Inapplicable ; Inapplicable ; Inapplicable ; Pass         ; Inapplicable ; Inapplicable ; Inapplicable ; Inapplicable ; Pass         ; Inapplicable ; Inapplicable ; Inapplicable ; Inapplicable ; Inapplicable ; Pass      ; Inapplicable ; Inapplicable ;
; t[21]              ; Pass         ; Inapplicable ; Pass         ; Inapplicable ; Inapplicable ; Pass      ; Pass         ; Inapplicable ; Pass      ; Pass      ; Inapplicable ; Pass         ; Inapplicable ; Inapplicable ; Inapplicable ; Inapplicable ; Pass         ; Inapplicable ; Inapplicable ; Inapplicable ; Inapplicable ; Pass         ; Inapplicable ; Inapplicable ; Inapplicable ; Inapplicable ; Inapplicable ; Pass      ; Inapplicable ; Inapplicable ;
; t[22]              ; Pass         ; Inapplicable ; Pass         ; Inapplicable ; Inapplicable ; Pass      ; Pass         ; Inapplicable ; Pass      ; Pass      ; Inapplicable ; Pass         ; Inapplicable ; Inapplicable ; Inapplicable ; Inapplicable ; Pass         ; Inapplicable ; Inapplicable ; Inapplicable ; Inapplicable ; Pass         ; Inapplicable ; Inapplicable ; Inapplicable ; Inapplicable ; Inapplicable ; Pass      ; Inapplicable ; Inapplicable ;
; t[23]              ; Pass         ; Inapplicable ; Pass         ; Inapplicable ; Inapplicable ; Pass      ; Pass         ; Inapplicable ; Pass      ; Pass      ; Inapplicable ; Pass         ; Inapplicable ; Inapplicable ; Inapplicable ; Inapplicable ; Pass         ; Inapplicable ; Inapplicable ; Inapplicable ; Inapplicable ; Pass         ; Inapplicable ; Inapplicable ; Inapplicable ; Inapplicable ; Inapplicable ; Pass      ; Inapplicable ; Inapplicable ;
; t[24]              ; Pass         ; Inapplicable ; Pass         ; Inapplicable ; Inapplicable ; Pass      ; Pass         ; Inapplicable ; Pass      ; Pass      ; Inapplicable ; Pass         ; Inapplicable ; Inapplicable ; Inapplicable ; Inapplicable ; Pass         ; Inapplicable ; Inapplicable ; Inapplicable ; Inapplicable ; Pass         ; Inapplicable ; Inapplicable ; Inapplicable ; Inapplicable ; Inapplicable ; Pass      ; Inapplicable ; Inapplicable ;
; t[25]              ; Pass         ; Inapplicable ; Pass         ; Inapplicable ; Inapplicable ; Pass      ; Pass         ; Inapplicable ; Pass      ; Pass      ; Inapplicable ; Pass         ; Inapplicable ; Inapplicable ; Inapplicable ; Inapplicable ; Pass         ; Inapplicable ; Inapplicable ; Inapplicable ; Inapplicable ; Pass         ; Inapplicable ; Inapplicable ; Inapplicable ; Inapplicable ; Inapplicable ; Pass      ; Inapplicable ; Inapplicable ;
; t[26]              ; Pass         ; Inapplicable ; Pass         ; Inapplicable ; Inapplicable ; Pass      ; Pass         ; Inapplicable ; Pass      ; Pass      ; Inapplicable ; Pass         ; Inapplicable ; Inapplicable ; Inapplicable ; Inapplicable ; Pass         ; Inapplicable ; Inapplicable ; Inapplicable ; Inapplicable ; Pass         ; Inapplicable ; Inapplicable ; Inapplicable ; Inapplicable ; Inapplicable ; Pass      ; Inapplicable ; Inapplicable ;
; t[27]              ; Pass         ; Inapplicable ; Pass         ; Inapplicable ; Inapplicable ; Pass      ; Pass         ; Inapplicable ; Pass      ; Pass      ; Inapplicable ; Pass         ; Inapplicable ; Inapplicable ; Inapplicable ; Inapplicable ; Pass         ; Inapplicable ; Inapplicable ; Inapplicable ; Inapplicable ; Pass         ; Inapplicable ; Inapplicable ; Inapplicable ; Inapplicable ; Inapplicable ; Pass      ; Inapplicable ; Inapplicable ;
; t[28]              ; Pass         ; Inapplicable ; Pass         ; Inapplicable ; Inapplicable ; Pass      ; Pass         ; Inapplicable ; Pass      ; Pass      ; Inapplicable ; Pass         ; Inapplicable ; Inapplicable ; Inapplicable ; Inapplicable ; Pass         ; Inapplicable ; Inapplicable ; Inapplicable ; Inapplicable ; Pass         ; Inapplicable ; Inapplicable ; Inapplicable ; Inapplicable ; Inapplicable ; Pass      ; Inapplicable ; Inapplicable ;
; t[29]              ; Pass         ; Inapplicable ; Pass         ; Inapplicable ; Inapplicable ; Pass      ; Pass         ; Inapplicable ; Pass      ; Pass      ; Inapplicable ; Pass         ; Inapplicable ; Inapplicable ; Inapplicable ; Inapplicable ; Pass         ; Inapplicable ; Inapplicable ; Inapplicable ; Inapplicable ; Pass         ; Inapplicable ; Inapplicable ; Inapplicable ; Inapplicable ; Inapplicable ; Pass      ; Inapplicable ; Inapplicable ;
; t[30]              ; Pass         ; Inapplicable ; Pass         ; Inapplicable ; Inapplicable ; Pass      ; Pass         ; Inapplicable ; Pass      ; Pass      ; Inapplicable ; Pass         ; Inapplicable ; Inapplicable ; Inapplicable ; Inapplicable ; Pass         ; Inapplicable ; Inapplicable ; Inapplicable ; Inapplicable ; Pass         ; Inapplicable ; Inapplicable ; Inapplicable ; Inapplicable ; Inapplicable ; Pass      ; Inapplicable ; Inapplicable ;
; t[31]              ; Pass         ; Inapplicable ; Pass         ; Inapplicable ; Inapplicable ; Pass      ; Pass         ; Inapplicable ; Pass      ; Pass      ; Inapplicable ; Pass         ; Inapplicable ; Inapplicable ; Inapplicable ; Inapplicable ; Pass         ; Inapplicable ; Inapplicable ; Inapplicable ; Inapplicable ; Pass         ; Inapplicable ; Inapplicable ; Inapplicable ; Inapplicable ; Inapplicable ; Pass      ; Inapplicable ; Inapplicable ;
; t[32]              ; Pass         ; Inapplicable ; Pass         ; Inapplicable ; Inapplicable ; Pass      ; Pass         ; Inapplicable ; Pass      ; Pass      ; Inapplicable ; Pass         ; Inapplicable ; Inapplicable ; Inapplicable ; Inapplicable ; Pass         ; Inapplicable ; Inapplicable ; Inapplicable ; Inapplicable ; Pass         ; Inapplicable ; Inapplicable ; Inapplicable ; Inapplicable ; Inapplicable ; Pass      ; Inapplicable ; Inapplicable ;
; t[33]              ; Pass         ; Inapplicable ; Pass         ; Inapplicable ; Inapplicable ; Pass      ; Pass         ; Inapplicable ; Pass      ; Pass      ; Inapplicable ; Pass         ; Inapplicable ; Inapplicable ; Inapplicable ; Inapplicable ; Pass         ; Inapplicable ; Inapplicable ; Inapplicable ; Inapplicable ; Pass         ; Inapplicable ; Inapplicable ; Inapplicable ; Inapplicable ; Inapplicable ; Pass      ; Inapplicable ; Inapplicable ;
; t[34]              ; Pass         ; Inapplicable ; Pass         ; Inapplicable ; Inapplicable ; Pass      ; Pass         ; Inapplicable ; Pass      ; Pass      ; Inapplicable ; Pass         ; Inapplicable ; Inapplicable ; Inapplicable ; Inapplicable ; Pass         ; Inapplicable ; Inapplicable ; Inapplicable ; Inapplicable ; Pass         ; Inapplicable ; Inapplicable ; Inapplicable ; Inapplicable ; Inapplicable ; Pass      ; Inapplicable ; Inapplicable ;
; t[35]              ; Pass         ; Inapplicable ; Pass         ; Inapplicable ; Inapplicable ; Pass      ; Pass         ; Inapplicable ; Pass      ; Pass      ; Inapplicable ; Pass         ; Inapplicable ; Inapplicable ; Inapplicable ; Inapplicable ; Pass         ; Inapplicable ; Inapplicable ; Inapplicable ; Inapplicable ; Pass         ; Inapplicable ; Inapplicable ; Inapplicable ; Inapplicable ; Inapplicable ; Pass      ; Inapplicable ; Inapplicable ;
; t[36]              ; Pass         ; Inapplicable ; Pass         ; Inapplicable ; Inapplicable ; Pass      ; Pass         ; Inapplicable ; Pass      ; Pass      ; Inapplicable ; Pass         ; Inapplicable ; Inapplicable ; Inapplicable ; Inapplicable ; Pass         ; Inapplicable ; Inapplicable ; Inapplicable ; Inapplicable ; Pass         ; Inapplicable ; Inapplicable ; Inapplicable ; Inapplicable ; Inapplicable ; Pass      ; Inapplicable ; Inapplicable ;
; t[37]              ; Pass         ; Inapplicable ; Pass         ; Inapplicable ; Inapplicable ; Pass      ; Pass         ; Inapplicable ; Pass      ; Pass      ; Inapplicable ; Pass         ; Inapplicable ; Inapplicable ; Inapplicable ; Inapplicable ; Pass         ; Inapplicable ; Inapplicable ; Inapplicable ; Inapplicable ; Pass         ; Inapplicable ; Inapplicable ; Inapplicable ; Inapplicable ; Inapplicable ; Pass      ; Inapplicable ; Inapplicable ;
; t[38]              ; Pass         ; Inapplicable ; Pass         ; Inapplicable ; Inapplicable ; Pass      ; Pass         ; Inapplicable ; Pass      ; Pass      ; Inapplicable ; Pass         ; Inapplicable ; Inapplicable ; Inapplicable ; Inapplicable ; Pass         ; Inapplicable ; Inapplicable ; Inapplicable ; Inapplicable ; Pass         ; Inapplicable ; Inapplicable ; Inapplicable ; Inapplicable ; Inapplicable ; Pass      ; Inapplicable ; Inapplicable ;
; t[39]              ; Pass         ; Inapplicable ; Pass         ; Inapplicable ; Inapplicable ; Pass      ; Pass         ; Inapplicable ; Pass      ; Pass      ; Inapplicable ; Pass         ; Inapplicable ; Inapplicable ; Inapplicable ; Inapplicable ; Pass         ; Inapplicable ; Inapplicable ; Inapplicable ; Inapplicable ; Pass         ; Inapplicable ; Inapplicable ; Inapplicable ; Inapplicable ; Inapplicable ; Pass      ; Inapplicable ; Inapplicable ;
; t[40]              ; Pass         ; Inapplicable ; Pass         ; Inapplicable ; Inapplicable ; Pass      ; Pass         ; Inapplicable ; Pass      ; Pass      ; Inapplicable ; Pass         ; Inapplicable ; Inapplicable ; Inapplicable ; Inapplicable ; Pass         ; Inapplicable ; Inapplicable ; Inapplicable ; Inapplicable ; Pass         ; Inapplicable ; Inapplicable ; Inapplicable ; Inapplicable ; Inapplicable ; Pass      ; Inapplicable ; Inapplicable ;
; t[41]              ; Pass         ; Inapplicable ; Pass         ; Inapplicable ; Inapplicable ; Pass      ; Pass         ; Inapplicable ; Pass      ; Pass      ; Inapplicable ; Pass         ; Inapplicable ; Inapplicable ; Inapplicable ; Inapplicable ; Pass         ; Inapplicable ; Inapplicable ; Inapplicable ; Inapplicable ; Pass         ; Inapplicable ; Inapplicable ; Inapplicable ; Inapplicable ; Inapplicable ; Pass      ; Inapplicable ; Inapplicable ;
; t[42]              ; Pass         ; Inapplicable ; Pass         ; Inapplicable ; Inapplicable ; Pass      ; Pass         ; Inapplicable ; Pass      ; Pass      ; Inapplicable ; Pass         ; Inapplicable ; Inapplicable ; Inapplicable ; Inapplicable ; Pass         ; Inapplicable ; Inapplicable ; Inapplicable ; Inapplicable ; Pass         ; Inapplicable ; Inapplicable ; Inapplicable ; Inapplicable ; Inapplicable ; Pass      ; Inapplicable ; Inapplicable ;
; t[43]              ; Pass         ; Inapplicable ; Pass         ; Inapplicable ; Inapplicable ; Pass      ; Pass         ; Inapplicable ; Pass      ; Pass      ; Inapplicable ; Pass         ; Inapplicable ; Inapplicable ; Inapplicable ; Inapplicable ; Pass         ; Inapplicable ; Inapplicable ; Inapplicable ; Inapplicable ; Pass         ; Inapplicable ; Inapplicable ; Inapplicable ; Inapplicable ; Inapplicable ; Pass      ; Inapplicable ; Inapplicable ;
; t[44]              ; Pass         ; Inapplicable ; Pass         ; Inapplicable ; Inapplicable ; Pass      ; Pass         ; Inapplicable ; Pass      ; Pass      ; Inapplicable ; Pass         ; Inapplicable ; Inapplicable ; Inapplicable ; Inapplicable ; Pass         ; Inapplicable ; Inapplicable ; Inapplicable ; Inapplicable ; Pass         ; Inapplicable ; Inapplicable ; Inapplicable ; Inapplicable ; Inapplicable ; Pass      ; Inapplicable ; Inapplicable ;
; t[45]              ; Pass         ; Inapplicable ; Pass         ; Inapplicable ; Inapplicable ; Pass      ; Pass         ; Inapplicable ; Pass      ; Pass      ; Inapplicable ; Pass         ; Inapplicable ; Inapplicable ; Inapplicable ; Inapplicable ; Pass         ; Inapplicable ; Inapplicable ; Inapplicable ; Inapplicable ; Pass         ; Inapplicable ; Inapplicable ; Inapplicable ; Inapplicable ; Inapplicable ; Pass      ; Inapplicable ; Inapplicable ;
; t[46]              ; Pass         ; Inapplicable ; Pass         ; Inapplicable ; Inapplicable ; Pass      ; Pass         ; Inapplicable ; Pass      ; Pass      ; Inapplicable ; Pass         ; Inapplicable ; Inapplicable ; Inapplicable ; Inapplicable ; Pass         ; Inapplicable ; Inapplicable ; Inapplicable ; Inapplicable ; Pass         ; Inapplicable ; Inapplicable ; Inapplicable ; Inapplicable ; Inapplicable ; Pass      ; Inapplicable ; Inapplicable ;
; t[47]              ; Pass         ; Inapplicable ; Pass         ; Inapplicable ; Inapplicable ; Pass      ; Pass         ; Inapplicable ; Pass      ; Pass      ; Inapplicable ; Pass         ; Inapplicable ; Inapplicable ; Inapplicable ; Inapplicable ; Pass         ; Inapplicable ; Inapplicable ; Inapplicable ; Inapplicable ; Pass         ; Inapplicable ; Inapplicable ; Inapplicable ; Inapplicable ; Inapplicable ; Pass      ; Inapplicable ; Inapplicable ;
; t[48]              ; Pass         ; Inapplicable ; Pass         ; Inapplicable ; Inapplicable ; Pass      ; Pass         ; Inapplicable ; Pass      ; Pass      ; Inapplicable ; Pass         ; Inapplicable ; Inapplicable ; Inapplicable ; Inapplicable ; Pass         ; Inapplicable ; Inapplicable ; Inapplicable ; Inapplicable ; Pass         ; Inapplicable ; Inapplicable ; Inapplicable ; Inapplicable ; Inapplicable ; Pass      ; Inapplicable ; Inapplicable ;
; t[49]              ; Pass         ; Inapplicable ; Pass         ; Inapplicable ; Inapplicable ; Pass      ; Pass         ; Inapplicable ; Pass      ; Pass      ; Inapplicable ; Pass         ; Inapplicable ; Inapplicable ; Inapplicable ; Inapplicable ; Pass         ; Inapplicable ; Inapplicable ; Inapplicable ; Inapplicable ; Pass         ; Inapplicable ; Inapplicable ; Inapplicable ; Inapplicable ; Inapplicable ; Pass      ; Inapplicable ; Inapplicable ;
; blue               ; Pass         ; Inapplicable ; Pass         ; Inapplicable ; Inapplicable ; Pass      ; Pass         ; Inapplicable ; Pass      ; Pass      ; Inapplicable ; Pass         ; Inapplicable ; Inapplicable ; Inapplicable ; Inapplicable ; Pass         ; Inapplicable ; Inapplicable ; Inapplicable ; Inapplicable ; Pass         ; Inapplicable ; Inapplicable ; Inapplicable ; Inapplicable ; Inapplicable ; Pass      ; Inapplicable ; Inapplicable ;
; green              ; Pass         ; Inapplicable ; Pass         ; Inapplicable ; Inapplicable ; Pass      ; Pass         ; Inapplicable ; Pass      ; Pass      ; Inapplicable ; Pass         ; Inapplicable ; Inapplicable ; Inapplicable ; Inapplicable ; Pass         ; Inapplicable ; Inapplicable ; Inapplicable ; Inapplicable ; Pass         ; Inapplicable ; Inapplicable ; Inapplicable ; Inapplicable ; Inapplicable ; Pass      ; Inapplicable ; Inapplicable ;
; red                ; Pass         ; Inapplicable ; Pass         ; Inapplicable ; Inapplicable ; Pass      ; Pass         ; Inapplicable ; Pass      ; Pass      ; Inapplicable ; Pass         ; Inapplicable ; Inapplicable ; Inapplicable ; Inapplicable ; Pass         ; Inapplicable ; Inapplicable ; Inapplicable ; Inapplicable ; Pass         ; Inapplicable ; Inapplicable ; Inapplicable ; Inapplicable ; Inapplicable ; Pass      ; Inapplicable ; Inapplicable ;
; syncout            ; Pass         ; Inapplicable ; Pass         ; Inapplicable ; Inapplicable ; Pass      ; Pass         ; Inapplicable ; Pass      ; Pass      ; Inapplicable ; Pass         ; Inapplicable ; Inapplicable ; Inapplicable ; Inapplicable ; Pass         ; Inapplicable ; Inapplicable ; Inapplicable ; Inapplicable ; Pass         ; Inapplicable ; Inapplicable ; Inapplicable ; Inapplicable ; Inapplicable ; Pass      ; Inapplicable ; Inapplicable ;
; CLK_24M576         ; Pass         ; Inapplicable ; Pass         ; Inapplicable ; Inapplicable ; Pass      ; Pass         ; Inapplicable ; Pass      ; Pass      ; Inapplicable ; Inapplicable ; Inapplicable ; Inapplicable ; Pass         ; Inapplicable ; Inapplicable ; Pass         ; Inapplicable ; Inapplicable ; Inapplicable ; Inapplicable ; Inapplicable ; Inapplicable ; Inapplicable ; Inapplicable ; Inapplicable ; Pass      ; Inapplicable ; Inapplicable ;
; left               ; Pass         ; Inapplicable ; Pass         ; Inapplicable ; Inapplicable ; Pass      ; Pass         ; Inapplicable ; Pass      ; Pass      ; Inapplicable ; Inapplicable ; Inapplicable ; Pass         ; Pass         ; Inapplicable ; Inapplicable ; Pass         ; Pass         ; Inapplicable ; Inapplicable ; Inapplicable ; Inapplicable ; Inapplicable ; Inapplicable ; Inapplicable ; Inapplicable ; Pass      ; Inapplicable ; Inapplicable ;
; top                ; Pass         ; Inapplicable ; Pass         ; Inapplicable ; Inapplicable ; Pass      ; Pass         ; Inapplicable ; Pass      ; Pass      ; Inapplicable ; Inapplicable ; Inapplicable ; Pass         ; Pass         ; Inapplicable ; Inapplicable ; Pass         ; Pass         ; Inapplicable ; Inapplicable ; Inapplicable ; Inapplicable ; Inapplicable ; Inapplicable ; Inapplicable ; Inapplicable ; Pass      ; Inapplicable ; Inapplicable ;
; mosi               ; Pass         ; Inapplicable ; Pass         ; Inapplicable ; Inapplicable ; Pass      ; Pass         ; Inapplicable ; Pass      ; Pass      ; Inapplicable ; Inapplicable ; Inapplicable ; Inapplicable ; Pass         ; Inapplicable ; Inapplicable ; Pass         ; Inapplicable ; Inapplicable ; Inapplicable ; Inapplicable ; Inapplicable ; Inapplicable ; Inapplicable ; Inapplicable ; Inapplicable ; Pass      ; Inapplicable ; Inapplicable ;
; sck                ; Pass         ; Inapplicable ; Pass         ; Inapplicable ; Inapplicable ; Pass      ; Pass         ; Inapplicable ; Pass      ; Pass      ; Inapplicable ; Inapplicable ; Inapplicable ; Inapplicable ; Pass         ; Inapplicable ; Inapplicable ; Pass         ; Inapplicable ; Inapplicable ; Inapplicable ; Inapplicable ; Inapplicable ; Inapplicable ; Inapplicable ; Inapplicable ; Inapplicable ; Pass      ; Inapplicable ; Inapplicable ;
; ncs                ; Pass         ; Inapplicable ; Pass         ; Inapplicable ; Inapplicable ; Pass      ; Pass         ; Inapplicable ; Pass      ; Pass      ; Inapplicable ; Inapplicable ; Inapplicable ; Inapplicable ; Pass         ; Inapplicable ; Inapplicable ; Pass         ; Inapplicable ; Inapplicable ; Inapplicable ; Inapplicable ; Inapplicable ; Inapplicable ; Inapplicable ; Inapplicable ; Inapplicable ; Pass      ; Inapplicable ; Inapplicable ;
; syncin             ; Pass         ; Inapplicable ; Pass         ; Inapplicable ; Inapplicable ; Pass      ; Pass         ; Inapplicable ; Pass      ; Pass      ; Inapplicable ; Inapplicable ; Inapplicable ; Inapplicable ; Pass         ; Inapplicable ; Inapplicable ; Pass         ; Inapplicable ; Inapplicable ; Inapplicable ; Inapplicable ; Inapplicable ; Inapplicable ; Inapplicable ; Inapplicable ; Inapplicable ; Pass      ; Inapplicable ; Inapplicable ;
; f_ncs              ; Inapplicable ; Inapplicable ; Inapplicable ; Inapplicable ; Inapplicable ; Pass      ; Inapplicable ; Inapplicable ; Pass      ; Pass      ; Inapplicable ; Pass         ; Inapplicable ; Inapplicable ; Inapplicable ; Inapplicable ; Pass         ; Inapplicable ; Inapplicable ; Inapplicable ; Inapplicable ; Pass         ; Inapplicable ; Inapplicable ; Inapplicable ; Inapplicable ; Inapplicable ; Pass      ; Inapplicable ; Inapplicable ;
; misc0              ; Inapplicable ; Inapplicable ; Inapplicable ; Inapplicable ; Inapplicable ; Pass      ; Inapplicable ; Inapplicable ; Pass      ; Pass      ; Inapplicable ; Inapplicable ; Inapplicable ; Pass         ; Pass         ; Inapplicable ; Inapplicable ; Pass         ; Pass         ; Inapplicable ; Inapplicable ; Inapplicable ; Inapplicable ; Inapplicable ; Inapplicable ; Inapplicable ; Inapplicable ; Pass      ; Inapplicable ; Inapplicable ;
; misc1              ; Inapplicable ; Inapplicable ; Inapplicable ; Inapplicable ; Inapplicable ; Pass      ; Inapplicable ; Inapplicable ; Pass      ; Pass      ; Inapplicable ; Inapplicable ; Inapplicable ; Pass         ; Pass         ; Inapplicable ; Inapplicable ; Pass         ; Pass         ; Inapplicable ; Inapplicable ; Inapplicable ; Inapplicable ; Inapplicable ; Inapplicable ; Inapplicable ; Inapplicable ; Pass      ; Inapplicable ; Inapplicable ;
; miso               ; Inapplicable ; Inapplicable ; Inapplicable ; Inapplicable ; Inapplicable ; Pass      ; Inapplicable ; Inapplicable ; Pass      ; Pass      ; Inapplicable ; Inapplicable ; Inapplicable ; Inapplicable ; Pass         ; Inapplicable ; Inapplicable ; Pass         ; Inapplicable ; Inapplicable ; Inapplicable ; Inapplicable ; Inapplicable ; Inapplicable ; Inapplicable ; Inapplicable ; Inapplicable ; Pass      ; Inapplicable ; Inapplicable ;
+--------------------+--------------+--------------+--------------+--------------+--------------+-----------+--------------+--------------+-----------+-----------+--------------+--------------+--------------+--------------+--------------+--------------+--------------+--------------+--------------+--------------+--------------+--------------+--------------+--------------+--------------+--------------+--------------+-----------+--------------+--------------+


+---------------------------------------------------------------------------------------------+
; Fitter Device Options                                                                       ;
+------------------------------------------------------------------+--------------------------+
; Option                                                           ; Setting                  ;
+------------------------------------------------------------------+--------------------------+
; Enable user-supplied start-up clock (CLKUSR)                     ; Off                      ;
; Enable device-wide reset (DEV_CLRn)                              ; Off                      ;
; Enable device-wide output enable (DEV_OE)                        ; Off                      ;
; Enable INIT_DONE output                                          ; Off                      ;
; Configuration scheme                                             ; Active Serial            ;
; Error detection CRC                                              ; Off                      ;
; Enable open drain on CRC_ERROR pin                               ; Off                      ;
; Enable input tri-state on active configuration pins in user mode ; Off                      ;
; Configuration Voltage Level                                      ; 3.0V                     ;
; Force Configuration Voltage Level                                ; Off                      ;
; nCEO                                                             ; Unreserved               ;
; Data[0]                                                          ; As input tri-stated      ;
; Data[1]/ASDO                                                     ; As input tri-stated      ;
; Data[7..2]                                                       ; Unreserved               ;
; FLASH_nCE/nCSO                                                   ; As input tri-stated      ;
; Other Active Parallel pins                                       ; Unreserved               ;
; DCLK                                                             ; As output driving ground ;
+------------------------------------------------------------------+--------------------------+


+------------------------------------+
; Operating Settings and Conditions  ;
+---------------------------+--------+
; Setting                   ; Value  ;
+---------------------------+--------+
; Nominal Core Voltage      ; 1.20 V ;
; Low Junction Temperature  ; 0 °C   ;
; High Junction Temperature ; 85 °C  ;
+---------------------------+--------+


+-----------------------------------------------------------------------------------------------------------------------+
; Estimated Delay Added for Hold Timing Summary                                                                         ;
+-------------------------------------------------+-------------------------------------------------+-------------------+
; Source Clock(s)                                 ; Destination Clock(s)                            ; Delay Added in ns ;
+-------------------------------------------------+-------------------------------------------------+-------------------+
; pll|altpll_component|auto_generated|pll1|clk[0] ; pll|altpll_component|auto_generated|pll1|clk[0] ; 48.4              ;
+-------------------------------------------------+-------------------------------------------------+-------------------+
Note: For more information on problematic transfers, consider running the Fitter again with the Optimize hold timing option (Settings Menu) turned off.
This will disable optimization of problematic paths and expose them for further analysis using the Timing Analyzer.


+---------------------------------------------------------------------------------------------------------------------------------------------------------------------------------------+
; Estimated Delay Added for Hold Timing Details                                                                                                                                         ;
+-----------------------------------+-------------------------------------------------------------------------------------------------------------------------------+-------------------+
; Source Register                   ; Destination Register                                                                                                          ; Delay Added in ns ;
+-----------------------------------+-------------------------------------------------------------------------------------------------------------------------------+-------------------+
; Holo:holo|ramWriteData[36]        ; Holo:holo|PosColRam:posColRam|altsyncram:altsyncram_component|altsyncram_4pn1:auto_generated|ram_block1a36~porta_datain_reg0  ; 0.493             ;
; Holo:holo|ramWriteData[5]         ; Holo:holo|PosColRam:posColRam|altsyncram:altsyncram_component|altsyncram_4pn1:auto_generated|ram_block1a5~porta_datain_reg0   ; 0.434             ;
; Holo:holo|rdaddress[1]            ; Holo:holo|PosColRam:posColRam|altsyncram:altsyncram_component|altsyncram_4pn1:auto_generated|ram_block1a28~portb_address_reg0 ; 0.252             ;
; Holo:holo|rdaddress[2]            ; Holo:holo|PosColRam:posColRam|altsyncram:altsyncram_component|altsyncram_4pn1:auto_generated|ram_block1a28~portb_address_reg0 ; 0.252             ;
; Holo:holo|rdaddress[4]            ; Holo:holo|PosColRam:posColRam|altsyncram:altsyncram_component|altsyncram_4pn1:auto_generated|ram_block1a28~portb_address_reg0 ; 0.252             ;
; Holo:holo|ramWriteData[37]        ; Holo:holo|PosColRam:posColRam|altsyncram:altsyncram_component|altsyncram_4pn1:auto_generated|ram_block1a37~porta_datain_reg0  ; 0.212             ;
; Holo:holo|wraddress[1]            ; Holo:holo|PosColRam:posColRam|altsyncram:altsyncram_component|altsyncram_4pn1:auto_generated|ram_block1a36~porta_address_reg0 ; 0.153             ;
; Holo:holo|wraddress[0]            ; Holo:holo|PosColRam:posColRam|altsyncram:altsyncram_component|altsyncram_4pn1:auto_generated|ram_block1a36~porta_address_reg0 ; 0.153             ;
; Holo:holo|wraddress[11]           ; Holo:holo|PosColRam:posColRam|altsyncram:altsyncram_component|altsyncram_4pn1:auto_generated|ram_block1a36~porta_address_reg0 ; 0.150             ;
; Holo:holo|wraddress[10]           ; Holo:holo|PosColRam:posColRam|altsyncram:altsyncram_component|altsyncram_4pn1:auto_generated|ram_block1a36~porta_address_reg0 ; 0.150             ;
; Holo:holo|wraddress[9]            ; Holo:holo|PosColRam:posColRam|altsyncram:altsyncram_component|altsyncram_4pn1:auto_generated|ram_block1a36~porta_address_reg0 ; 0.150             ;
; Holo:holo|wraddress[12]           ; Holo:holo|PosColRam:posColRam|altsyncram:altsyncram_component|altsyncram_4pn1:auto_generated|ram_block1a36~porta_address_reg0 ; 0.150             ;
; Holo:holo|wraddress[7]            ; Holo:holo|PosColRam:posColRam|altsyncram:altsyncram_component|altsyncram_4pn1:auto_generated|ram_block1a36~porta_address_reg0 ; 0.150             ;
; Holo:holo|wraddress[6]            ; Holo:holo|PosColRam:posColRam|altsyncram:altsyncram_component|altsyncram_4pn1:auto_generated|ram_block1a36~porta_address_reg0 ; 0.150             ;
; Holo:holo|wraddress[5]            ; Holo:holo|PosColRam:posColRam|altsyncram:altsyncram_component|altsyncram_4pn1:auto_generated|ram_block1a36~porta_address_reg0 ; 0.150             ;
; Holo:holo|wraddress[8]            ; Holo:holo|PosColRam:posColRam|altsyncram:altsyncram_component|altsyncram_4pn1:auto_generated|ram_block1a36~porta_address_reg0 ; 0.150             ;
; Holo:holo|RotBuf[4][1]            ; Holo:holo|Rot[4][1]                                                                                                           ; 0.144             ;
; Holo:holo|RotBuf[4][2]            ; Holo:holo|Rot[4][2]                                                                                                           ; 0.144             ;
; Holo:holo|RotBuf[4][3]            ; Holo:holo|Rot[4][3]                                                                                                           ; 0.144             ;
; Holo:holo|RotBuf[4][4]            ; Holo:holo|Rot[4][4]                                                                                                           ; 0.144             ;
; Holo:holo|RotBuf[4][5]            ; Holo:holo|Rot[4][5]                                                                                                           ; 0.144             ;
; Holo:holo|RotBuf[4][6]            ; Holo:holo|Rot[4][6]                                                                                                           ; 0.144             ;
; Holo:holo|RotBuf[4][7]            ; Holo:holo|Rot[4][7]                                                                                                           ; 0.144             ;
; Holo:holo|phaseFrameShadow[2][1]  ; Holo:holo|phase[2][1]                                                                                                         ; 0.143             ;
; Holo:holo|phaseFrameShadow[2][0]  ; Holo:holo|phase[2][0]                                                                                                         ; 0.143             ;
; Holo:holo|phaseFrameShadow[2][5]  ; Holo:holo|phase[2][5]                                                                                                         ; 0.143             ;
; Holo:holo|phaseFrameShadow[2][4]  ; Holo:holo|phase[2][4]                                                                                                         ; 0.143             ;
; Holo:holo|phaseFrameShadow[2][7]  ; Holo:holo|phase[2][7]                                                                                                         ; 0.143             ;
; Holo:holo|phaseFrameShadow[2][6]  ; Holo:holo|phase[2][6]                                                                                                         ; 0.143             ;
; Holo:holo|phaseFrameShadow[9][8]  ; Holo:holo|phase[9][8]                                                                                                         ; 0.143             ;
; Holo:holo|phaseFrameShadow[9][1]  ; Holo:holo|phase[9][1]                                                                                                         ; 0.143             ;
; Holo:holo|phaseFrameShadow[9][0]  ; Holo:holo|phase[9][0]                                                                                                         ; 0.143             ;
; Holo:holo|phaseFrameShadow[9][5]  ; Holo:holo|phase[9][5]                                                                                                         ; 0.143             ;
; Holo:holo|phaseFrameShadow[9][4]  ; Holo:holo|phase[9][4]                                                                                                         ; 0.143             ;
; Holo:holo|phaseFrameShadow[9][7]  ; Holo:holo|phase[9][7]                                                                                                         ; 0.143             ;
; Holo:holo|phaseFrameShadow[10][1] ; Holo:holo|phase[10][1]                                                                                                        ; 0.143             ;
; Holo:holo|phaseFrameShadow[10][0] ; Holo:holo|phase[10][0]                                                                                                        ; 0.143             ;
; Holo:holo|phaseFrameShadow[10][3] ; Holo:holo|phase[10][3]                                                                                                        ; 0.143             ;
; Holo:holo|phaseFrameShadow[10][2] ; Holo:holo|phase[10][2]                                                                                                        ; 0.143             ;
; Holo:holo|phaseFrameShadow[10][5] ; Holo:holo|phase[10][5]                                                                                                        ; 0.143             ;
; Holo:holo|phaseFrameShadow[10][4] ; Holo:holo|phase[10][4]                                                                                                        ; 0.143             ;
; Holo:holo|phaseFrameShadow[10][7] ; Holo:holo|phase[10][7]                                                                                                        ; 0.143             ;
; Holo:holo|phaseFrameShadow[10][6] ; Holo:holo|phase[10][6]                                                                                                        ; 0.143             ;
; Holo:holo|phaseFrameShadow[11][8] ; Holo:holo|phase[11][8]                                                                                                        ; 0.143             ;
; Holo:holo|phaseFrameShadow[11][3] ; Holo:holo|phase[11][3]                                                                                                        ; 0.143             ;
; Holo:holo|phaseFrameShadow[11][5] ; Holo:holo|phase[11][5]                                                                                                        ; 0.143             ;
; Holo:holo|phaseFrameShadow[11][4] ; Holo:holo|phase[11][4]                                                                                                        ; 0.143             ;
; Holo:holo|phaseFrameShadow[11][7] ; Holo:holo|phase[11][7]                                                                                                        ; 0.143             ;
; Holo:holo|phaseFrameShadow[13][8] ; Holo:holo|phase[13][8]                                                                                                        ; 0.143             ;
; Holo:holo|phaseFrameShadow[13][1] ; Holo:holo|phase[13][1]                                                                                                        ; 0.143             ;
; Holo:holo|phaseFrameShadow[13][0] ; Holo:holo|phase[13][0]                                                                                                        ; 0.143             ;
; Holo:holo|phaseFrameShadow[13][5] ; Holo:holo|phase[13][5]                                                                                                        ; 0.143             ;
; Holo:holo|phaseFrameShadow[13][4] ; Holo:holo|phase[13][4]                                                                                                        ; 0.143             ;
; Holo:holo|phaseFrameShadow[14][1] ; Holo:holo|phase[14][1]                                                                                                        ; 0.143             ;
; Holo:holo|phaseFrameShadow[14][0] ; Holo:holo|phase[14][0]                                                                                                        ; 0.143             ;
; Holo:holo|phaseFrameShadow[14][3] ; Holo:holo|phase[14][3]                                                                                                        ; 0.143             ;
; Holo:holo|phaseFrameShadow[14][2] ; Holo:holo|phase[14][2]                                                                                                        ; 0.143             ;
; Holo:holo|phaseFrameShadow[14][5] ; Holo:holo|phase[14][5]                                                                                                        ; 0.143             ;
; Holo:holo|phaseFrameShadow[14][4] ; Holo:holo|phase[14][4]                                                                                                        ; 0.143             ;
; Holo:holo|phaseFrameShadow[16][3] ; Holo:holo|phase[16][3]                                                                                                        ; 0.143             ;
; Holo:holo|phaseFrameShadow[16][2] ; Holo:holo|phase[16][2]                                                                                                        ; 0.143             ;
; Holo:holo|phaseFrameShadow[16][5] ; Holo:holo|phase[16][5]                                                                                                        ; 0.143             ;
; Holo:holo|phaseFrameShadow[16][4] ; Holo:holo|phase[16][4]                                                                                                        ; 0.143             ;
; Holo:holo|phaseFrameShadow[16][7] ; Holo:holo|phase[16][7]                                                                                                        ; 0.143             ;
; Holo:holo|phaseFrameShadow[16][6] ; Holo:holo|phase[16][6]                                                                                                        ; 0.143             ;
; Holo:holo|phaseFrameShadow[19][8] ; Holo:holo|phase[19][8]                                                                                                        ; 0.143             ;
; Holo:holo|phaseFrameShadow[19][5] ; Holo:holo|phase[19][5]                                                                                                        ; 0.143             ;
; Holo:holo|phaseFrameShadow[19][4] ; Holo:holo|phase[19][4]                                                                                                        ; 0.143             ;
; Holo:holo|phaseFrameShadow[22][8] ; Holo:holo|phase[22][8]                                                                                                        ; 0.143             ;
; Holo:holo|phaseFrameShadow[22][1] ; Holo:holo|phase[22][1]                                                                                                        ; 0.143             ;
; Holo:holo|phaseFrameShadow[22][0] ; Holo:holo|phase[22][0]                                                                                                        ; 0.143             ;
; Holo:holo|phaseFrameShadow[22][3] ; Holo:holo|phase[22][3]                                                                                                        ; 0.143             ;
; Holo:holo|phaseFrameShadow[22][5] ; Holo:holo|phase[22][5]                                                                                                        ; 0.143             ;
; Holo:holo|phaseFrameShadow[22][4] ; Holo:holo|phase[22][4]                                                                                                        ; 0.143             ;
; Holo:holo|RotBuf[4][0]            ; Holo:holo|Rot[4][0]                                                                                                           ; 0.143             ;
; Holo:holo|phaseFrameShadow[0][8]  ; Holo:holo|phase[0][8]                                                                                                         ; 0.142             ;
; Holo:holo|phaseFrameShadow[0][1]  ; Holo:holo|phase[0][1]                                                                                                         ; 0.142             ;
; Holo:holo|phaseFrameShadow[0][0]  ; Holo:holo|phase[0][0]                                                                                                         ; 0.142             ;
; Holo:holo|phaseFrameShadow[0][5]  ; Holo:holo|phase[0][5]                                                                                                         ; 0.142             ;
; Holo:holo|phaseFrameShadow[0][4]  ; Holo:holo|phase[0][4]                                                                                                         ; 0.142             ;
; Holo:holo|phase[6][8]             ; Holo:holo|PwmCtrl:pwmCtrl|PWM:pwm[43]|outRaw                                                                                  ; 0.142             ;
; Holo:holo|Pos[1][12]              ; Holo:holo|Rotate1D:transformY|lpm_add_sub:resultOp|add_sub_f8e:auto_generated|pipeline_dffe[12]                               ; 0.142             ;
; Holo:holo|spiParameter[1][2]      ; Holo:holo|colors[1][2]                                                                                                        ; 0.140             ;
; Holo:holo|phaseFrameShadow[1][8]  ; Holo:holo|phase[1][8]                                                                                                         ; 0.139             ;
; Holo:holo|phaseFrameShadow[1][1]  ; Holo:holo|phase[1][1]                                                                                                         ; 0.139             ;
; Holo:holo|phaseFrameShadow[1][0]  ; Holo:holo|phase[1][0]                                                                                                         ; 0.139             ;
; Holo:holo|phaseFrameShadow[1][5]  ; Holo:holo|phase[1][5]                                                                                                         ; 0.139             ;
; Holo:holo|phaseFrameShadow[1][4]  ; Holo:holo|phase[1][4]                                                                                                         ; 0.139             ;
; Holo:holo|phaseFrameShadow[2][8]  ; Holo:holo|phase[2][8]                                                                                                         ; 0.139             ;
; Holo:holo|phaseFrameShadow[4][3]  ; Holo:holo|phase[4][3]                                                                                                         ; 0.139             ;
; Holo:holo|phaseFrameShadow[4][2]  ; Holo:holo|phase[4][2]                                                                                                         ; 0.139             ;
; Holo:holo|phaseFrameShadow[4][7]  ; Holo:holo|phase[4][7]                                                                                                         ; 0.139             ;
; Holo:holo|phaseFrameShadow[4][6]  ; Holo:holo|phase[4][6]                                                                                                         ; 0.139             ;
; Holo:holo|phaseFrameShadow[5][8]  ; Holo:holo|phase[5][8]                                                                                                         ; 0.139             ;
; Holo:holo|phaseFrameShadow[5][1]  ; Holo:holo|phase[5][1]                                                                                                         ; 0.139             ;
; Holo:holo|phaseFrameShadow[5][0]  ; Holo:holo|phase[5][0]                                                                                                         ; 0.139             ;
; Holo:holo|phaseFrameShadow[5][3]  ; Holo:holo|phase[5][3]                                                                                                         ; 0.139             ;
; Holo:holo|phaseFrameShadow[5][2]  ; Holo:holo|phase[5][2]                                                                                                         ; 0.139             ;
; Holo:holo|phaseFrameShadow[5][5]  ; Holo:holo|phase[5][5]                                                                                                         ; 0.139             ;
; Holo:holo|phaseFrameShadow[5][4]  ; Holo:holo|phase[5][4]                                                                                                         ; 0.139             ;
+-----------------------------------+-------------------------------------------------------------------------------------------------------------------------------+-------------------+
Note: This table only shows the top 100 path(s) that have the largest delay added for hold.


+-----------------+
; Fitter Messages ;
+-----------------+
Info (16303): Aggressive Performance optimization mode selected -- timing performance will be prioritized at the potential cost of increased logic area and compilation time
Warning (18236): Number of processors has not been specified which may cause overloading on shared machines.  Set the global assignment NUM_PARALLEL_PROCESSORS in your QSF to an appropriate value for best performance.
Info (20030): Parallel compilation is enabled and will use 4 of the 4 processors detected
Info (119006): Selected device 10CL010YE144C8G for design "holo1"
Info (21077): Low junction temperature is 0 degrees C
Info (21077): High junction temperature is 85 degrees C
Info (15535): Implemented PLL "Pll:pll|altpll:altpll_component|Pll_altpll:auto_generated|pll1" as Cyclone 10 LP PLL type File: C:/Users/Bored/OneDrive/Documents/GitHub/vdatp/fpga/db/pll_altpll.v Line: 43
    Info (15099): Implementing clock multiplication of 5, clock division of 6, and phase shift of 0 degrees (0 ps) for Pll:pll|altpll:altpll_component|Pll_altpll:auto_generated|wire_pll1_clk[0] port File: C:/Users/Bored/OneDrive/Documents/GitHub/vdatp/fpga/db/pll_altpll.v Line: 43
Info (171004): Fitter is performing a Standard Fit compilation using maximum Fitter effort to optimize design performance
Warning (292013): Feature LogicLock is only available with a valid subscription license. You can purchase a software subscription to gain full access to this feature.
Info (176444): Device migration not selected. If you intend to use device migration later, you may need to change the pin assignments as they may be incompatible with other devices
    Info (176445): Device 10CL006YE144C8G is compatible
    Info (176445): Device 10CL016YE144C8G is compatible
    Info (176445): Device 10CL025YE144C8G is compatible
Warning (169133): Can't reserve pin CLK_24M576 -- pin name is an illegal or unsupported format
Warning (169140): Reserve pin assignment ignored because of existing pin with name "CLK_24M576" File: C:/Users/Bored/OneDrive/Documents/GitHub/vdatp/fpga/HoloTop.sv Line: 2
Warning (169133): Can't reserve pin blue -- pin name is an illegal or unsupported format
Warning (169140): Reserve pin assignment ignored because of existing pin with name "blue" File: C:/Users/Bored/OneDrive/Documents/GitHub/vdatp/fpga/HoloTop.sv Line: 6
Warning (169133): Can't reserve pin f_ncs -- pin name is an illegal or unsupported format
Warning (169133): Can't reserve pin green -- pin name is an illegal or unsupported format
Warning (169140): Reserve pin assignment ignored because of existing pin with name "green" File: C:/Users/Bored/OneDrive/Documents/GitHub/vdatp/fpga/HoloTop.sv Line: 7
Warning (169133): Can't reserve pin left -- pin name is an illegal or unsupported format
Warning (169140): Reserve pin assignment ignored because of existing pin with name "left" File: C:/Users/Bored/OneDrive/Documents/GitHub/vdatp/fpga/HoloTop.sv Line: 19
Warning (169133): Can't reserve pin misc0 -- pin name is an illegal or unsupported format
Warning (169133): Can't reserve pin misc1 -- pin name is an illegal or unsupported format
Warning (169133): Can't reserve pin miso -- pin name is an illegal or unsupported format
Warning (169133): Can't reserve pin mosi -- pin name is an illegal or unsupported format
Warning (169140): Reserve pin assignment ignored because of existing pin with name "mosi" File: C:/Users/Bored/OneDrive/Documents/GitHub/vdatp/fpga/HoloTop.sv Line: 10
Warning (169133): Can't reserve pin ncs -- pin name is an illegal or unsupported format
Warning (169140): Reserve pin assignment ignored because of existing pin with name "ncs" File: C:/Users/Bored/OneDrive/Documents/GitHub/vdatp/fpga/HoloTop.sv Line: 12
Warning (169133): Can't reserve pin red -- pin name is an illegal or unsupported format
Warning (169140): Reserve pin assignment ignored because of existing pin with name "red" File: C:/Users/Bored/OneDrive/Documents/GitHub/vdatp/fpga/HoloTop.sv Line: 8
Warning (169133): Can't reserve pin sck -- pin name is an illegal or unsupported format
Warning (169140): Reserve pin assignment ignored because of existing pin with name "sck" File: C:/Users/Bored/OneDrive/Documents/GitHub/vdatp/fpga/HoloTop.sv Line: 11
Warning (169133): Can't reserve pin syncin -- pin name is an illegal or unsupported format
Warning (169140): Reserve pin assignment ignored because of existing pin with name "syncin" File: C:/Users/Bored/OneDrive/Documents/GitHub/vdatp/fpga/HoloTop.sv Line: 15
Warning (169133): Can't reserve pin syncout -- pin name is an illegal or unsupported format
Warning (169140): Reserve pin assignment ignored because of existing pin with name "syncout" File: C:/Users/Bored/OneDrive/Documents/GitHub/vdatp/fpga/HoloTop.sv Line: 14
Warning (169133): Can't reserve pin top -- pin name is an illegal or unsupported format
Warning (169140): Reserve pin assignment ignored because of existing pin with name "top" File: C:/Users/Bored/OneDrive/Documents/GitHub/vdatp/fpga/HoloTop.sv Line: 17
Info (169124): Fitter converted 4 user pins into dedicated programming pins
    Info (169125): Pin ~ALTERA_ASDO_DATA1~ is reserved at location 6
    Info (169125): Pin ~ALTERA_FLASH_nCE_nCSO~ is reserved at location 8
    Info (169125): Pin ~ALTERA_DCLK~ is reserved at location 12
    Info (169125): Pin ~ALTERA_DATA0~ is reserved at location 13
Warning (15714): Some pins have incomplete I/O assignments. Refer to the I/O Assignment Warnings report for details
Info (176045): Design uses memory blocks. Violating setup or hold times of memory block address registers for either read or write operations could cause memory contents to be corrupted. Make sure that all memory block address registers meet the setup and hold time requirements.
Info (169197): Configuration voltage level is automatically enforced for the device family 'Cyclone 10 LP' with the configuration scheme 'Active Serial'
Info (169213): Configuration voltage level of 3.0V is enforced on the I/O bank 1. The VCCIO of the I/O bank 1 is set to 3.0V.
Info (169213): Configuration voltage level of 3.0V is enforced on the I/O bank 1. The VCCIO of the I/O bank 1 is set to 3.0V.
Critical Warning (332012): Synopsys Design Constraints File file not found: 'holo1.sdc'. A Synopsys Design Constraints File is required by the Timing Analyzer to get proper timing constraints. Without it, the Compiler will not properly optimize the design.
Info (332144): No user constrained generated clocks found in the design
Info (332144): No user constrained base clocks found in the design
Info (332143): No user constrained clock uncertainty found in the design. Calling "derive_clock_uncertainty"
Info (332123): Deriving Clock Uncertainty. Please refer to report_sdc in the Timing Analyzer to see clock uncertainties.
Info (332128): Timing requirements not specified -- optimizing circuit to achieve the following default global requirements
    Info (332127): Assuming a default timing requirement
Info (332111): Found 3 clocks
    Info (332111):   Period   Clock Name
    Info (332111): ======== ============
    Info (332111):   40.690   CLK_24M576
    Info (332111):   48.828 pll|altpll_component|auto_generated|pll1|clk[0]
    Info (332111):    1.000          sck
Info (176353): Automatically promoted node Pll:pll|altpll:altpll_component|Pll_altpll:auto_generated|wire_pll1_clk[0] (placed in counter C0 of PLL_1) File: C:/Users/Bored/OneDrive/Documents/GitHub/vdatp/fpga/db/pll_altpll.v Line: 77
    Info (176355): Automatically promoted destinations to use location or clock signal Global Clock CLKCTRL_G3
Info (176353): Automatically promoted node sck~input (placed in PIN 24 (CLK2, DIFFCLK_1p)) File: C:/Users/Bored/OneDrive/Documents/GitHub/vdatp/fpga/HoloTop.sv Line: 11
    Info (176355): Automatically promoted destinations to use location or clock signal Global Clock CLKCTRL_G4
Info (176353): Automatically promoted node ncs~input (placed in PIN 25 (CLK3, DIFFCLK_1n)) File: C:/Users/Bored/OneDrive/Documents/GitHub/vdatp/fpga/HoloTop.sv Line: 12
    Info (176355): Automatically promoted destinations to use location or clock signal Global Clock CLKCTRL_G0
    Info (176356): Following destination nodes may be non-global or may not use global or regional clocks
        Info (176357): Destination node Holo:holo|spiByteBuffer[1]~0 File: C:/Users/Bored/OneDrive/Documents/GitHub/vdatp/fpga/Holo.sv Line: 542
        Info (176357): Destination node Holo:holo|spiByte[6] File: C:/Users/Bored/OneDrive/Documents/GitHub/vdatp/fpga/Holo.sv Line: 542
        Info (176357): Destination node Holo:holo|spiByte[5] File: C:/Users/Bored/OneDrive/Documents/GitHub/vdatp/fpga/Holo.sv Line: 542
        Info (176357): Destination node Holo:holo|spiByte[4] File: C:/Users/Bored/OneDrive/Documents/GitHub/vdatp/fpga/Holo.sv Line: 542
        Info (176357): Destination node Holo:holo|spiByte[3] File: C:/Users/Bored/OneDrive/Documents/GitHub/vdatp/fpga/Holo.sv Line: 542
        Info (176357): Destination node Holo:holo|spiByte[2] File: C:/Users/Bored/OneDrive/Documents/GitHub/vdatp/fpga/Holo.sv Line: 542
        Info (176357): Destination node Holo:holo|spiByte[1] File: C:/Users/Bored/OneDrive/Documents/GitHub/vdatp/fpga/Holo.sv Line: 542
        Info (176357): Destination node Holo:holo|spiByte[0] File: C:/Users/Bored/OneDrive/Documents/GitHub/vdatp/fpga/Holo.sv Line: 542
        Info (176357): Destination node Holo:holo|ncsSync_pipe File: C:/Users/Bored/OneDrive/Documents/GitHub/vdatp/fpga/Holo.sv Line: 433
Info (176233): Starting register packing
Info (176235): Finished register packing
    Extra Info (176218): Packed 72 registers into blocks of type Embedded multiplier block
    Extra Info (176220): Created 72 register duplicates
Info (128000): Starting physical synthesis optimizations for speed
Info (128001): Physical synthesis optimizations for speed complete: elapsed time is 00:00:02
Warning (15705): Ignored locations or region assignments to the following nodes
    Warning (15706): Node "as_data0" is assigned to location or region, but does not exist in design
    Warning (15706): Node "as_dclk" is assigned to location or region, but does not exist in design
    Warning (15706): Node "as_ncs" is assigned to location or region, but does not exist in design
    Warning (15706): Node "asdo" is assigned to location or region, but does not exist in design
    Warning (15706): Node "f_io0" is assigned to location or region, but does not exist in design
    Warning (15706): Node "f_io1" is assigned to location or region, but does not exist in design
    Warning (15706): Node "f_io3" is assigned to location or region, but does not exist in design
    Warning (15706): Node "f_sck" is assigned to location or region, but does not exist in design
Info (171121): Fitter preparation operations ending: elapsed time is 00:00:06
Info (14896): Fitter has disabled Advanced Physical Optimization because it is not supported for the current family.
Info (170189): Fitter placement preparation operations beginning
Info (170190): Fitter placement preparation operations ending: elapsed time is 00:00:02
Info (170191): Fitter placement operations beginning
Info (170137): Fitter placement was successful
Info (170192): Fitter placement operations ending: elapsed time is 00:00:21
Info (170193): Fitter routing operations beginning
Info (170195): Router estimated average interconnect usage is 14% of the available device resources
    Info (170196): Router estimated peak interconnect usage is 19% of the available device resources in the region that extends from location X11_Y0 to location X22_Y11
Info (170194): Fitter routing operations ending: elapsed time is 00:00:11
Info (11888): Total time spent on timing analysis during the Fitter is 4.78 seconds.
Info (334003): Started post-fitting delay annotation
Info (334004): Delay annotation completed successfully
Info (334003): Started post-fitting delay annotation
Info (334004): Delay annotation completed successfully
Info (11218): Fitter post-fit operations ending: elapsed time is 00:00:03
Info (169197): Configuration voltage level is automatically enforced for the device family 'Cyclone 10 LP' with the configuration scheme 'Active Serial'
Info (169213): Configuration voltage level of 3.0V is enforced on the I/O bank 1. The VCCIO of the I/O bank 1 is set to 3.0V.
Info (169213): Configuration voltage level of 3.0V is enforced on the I/O bank 1. The VCCIO of the I/O bank 1 is set to 3.0V.
Warning (171167): Found invalid Fitter assignments. See the Ignored Assignments panel in the Fitter Compilation Report for more information.
Info (144001): Generated suppressed messages file C:/Users/Bored/OneDrive/Documents/GitHub/vdatp/fpga/output_files/holo1.fit.smsg
Info: Quartus Prime Fitter was successful. 0 errors, 40 warnings
    Info: Peak virtual memory: 5588 megabytes
    Info: Processing ended: Fri May 22 10:38:13 2026
    Info: Elapsed time: 00:00:54
    Info: Total CPU time (on all processors): 00:01:45


+----------------------------+
; Fitter Suppressed Messages ;
+----------------------------+
The suppressed messages can be found in C:/Users/Bored/OneDrive/Documents/GitHub/vdatp/fpga/output_files/holo1.fit.smsg.


